dates,Open,High,low,close
1970-01-01,122,832,122,541
1970-01-02,772,772,772,772
1970-01-03,288,970,288,504
1970-01-04,597,597,384,590
1970-01-05,373,933,47,170
1970-01-06,435,435,435,435
1970-01-07,467,776,467,748
1970-01-08,589,882,155,747
1970-01-09,183,476,183,387
1970-01-10,609,609,609,609
1970-01-11,118,118,118,118
1970-01-12,550,550,214,537
1970-01-13,794,794,168,570
1970-01-14,282,490,282,443
1970-01-15,483,483,38,264
1970-01-16,215,511,215,508
1970-01-17,361,957,361,792
1970-01-18,804,804,725,791
1970-01-19,444,499,16,313
1970-01-20,387,621,58,209
1970-01-21,394,510,127,376
1970-01-22,305,657,305,457
1970-01-23,15,686,15,369
1970-01-24,897,897,675,710
1970-01-25,775,775,775,775
1970-01-26,292,292,292,292
1970-01-27,691,691,691,691
1970-01-28,41,793,41,174
1970-01-29,550,883,312,825
1970-01-30,492,817,289,777
1970-01-31,380,396,302,355
1970-02-01,369,369,369,369
1970-02-02,250,637,16,485
1970-02-03,305,305,305,305
1970-02-04,607,607,365,560
1970-02-05,208,588,208,357
1970-02-06,681,681,114,120
1970-02-07,608,608,218,450
1970-02-08,320,668,320,614
1970-02-09,370,665,249,576
1970-02-10,811,854,221,476
1970-02-11,447,447,447,447
1970-02-12,641,750,549,600
1970-02-13,895,895,825,847
1970-02-14,672,672,672,672
1970-02-15,54,993,54,752
1970-02-16,461,693,461,586
1970-02-17,310,562,310,389
1970-02-18,77,799,77,716
1970-02-19,916,916,800,808
1970-02-20,376,376,376,376
1970-02-21,19,282,19,129
1970-02-22,829,829,829,829
1970-02-23,718,718,239,471
1970-02-24,32,37,32,36
1970-02-25,354,643,354,480
1970-02-26,850,850,580,803
1970-02-27,207,207,10,81
1970-02-28,975,975,583,965
1970-03-01,958,958,218,681
1970-03-02,755,938,564,647
1970-03-03,915,915,289,797
1970-03-04,920,920,523,634
1970-03-05,154,477,154,414
1970-03-06,605,605,458,549
1970-03-07,231,235,209,210
1970-03-08,367,702,367,472
1970-03-09,32,555,32,100
1970-03-10,154,512,154,376
1970-03-11,740,740,118,534
1970-03-12,937,937,8,588
1970-03-13,47,784,47,390
1970-03-14,367,436,367,407
1970-03-15,642,642,642,642
1970-03-16,238,875,238,257
1970-03-17,328,903,226,342
1970-03-18,678,678,678,678
1970-03-19,719,719,482,654
1970-03-20,210,210,210,210
1970-03-21,621,621,190,277
1970-03-22,244,401,244,361
1970-03-23,583,872,583,839
1970-03-24,26,583,26,219
1970-03-25,265,736,265,335
1970-03-26,835,835,477,513
1970-03-27,822,916,821,849
1970-03-28,323,323,323,323
1970-03-29,603,603,453,601
1970-03-30,332,332,332,332
1970-03-31,819,819,372,625
1970-04-01,4,894,4,489
1970-04-02,969,969,294,641
1970-04-03,779,779,257,605
1970-04-04,798,798,531,760
1970-04-05,205,876,205,361
1970-04-06,40,370,40,119
1970-04-07,990,990,377,711
1970-04-08,141,558,141,553
1970-04-09,924,924,155,497
1970-04-10,471,471,415,418
1970-04-11,201,758,201,533
1970-04-12,206,560,206,229
1970-04-13,387,823,387,707
1970-04-14,275,275,275,275
1970-04-15,880,880,167,844
1970-04-16,950,950,478,490
1970-04-17,98,892,98,543
1970-04-18,515,618,495,600
1970-04-19,453,453,180,303
1970-04-20,786,786,786,786
1970-04-21,297,466,297,371
1970-04-22,251,865,251,391
1970-04-23,330,717,113,473
1970-04-24,711,711,509,687
1970-04-25,859,908,164,501
1970-04-26,816,816,816,816
1970-04-27,85,980,85,926
1970-04-28,620,770,581,648
1970-04-29,506,506,506,506
1970-04-30,49,153,49,65
1970-05-01,133,357,133,238
1970-05-02,927,927,927,927
1970-05-03,192,615,192,262
1970-05-04,909,909,142,724
1970-05-05,781,781,563,699
1970-05-06,813,813,813,813
1970-05-07,172,861,172,641
1970-05-08,257,440,257,381
1970-05-09,240,612,240,584
1970-05-10,554,554,169,198
1970-05-11,983,999,631,684
1970-05-12,491,858,491,503
1970-05-13,962,962,359,760
1970-05-14,362,687,362,560
1970-05-15,151,765,151,622
1970-05-16,54,431,54,253
1970-05-17,271,883,88,503
1970-05-18,556,556,381,383
1970-05-19,455,868,91,121
1970-05-20,870,870,201,798
1970-05-21,912,912,912,912
1970-05-22,571,642,336,363
1970-05-23,751,751,624,668
1970-05-24,788,788,505,510
1970-05-25,313,313,134,163
1970-05-26,660,660,660,660
1970-05-27,249,829,37,624
1970-05-28,432,432,432,432
1970-05-29,432,860,432,771
1970-05-30,311,402,64,365
1970-05-31,77,129,77,98
1970-06-01,60,264,60,230
1970-06-02,157,646,157,599
1970-06-03,664,664,478,545
1970-06-04,621,621,491,499
1970-06-05,893,893,504,560
1970-06-06,189,890,189,463
1970-06-07,800,800,550,595
1970-06-08,145,788,145,330
1970-06-09,409,490,221,295
1970-06-10,502,768,350,577
1970-06-11,685,760,530,591
1970-06-12,858,858,118,595
1970-06-13,499,897,499,894
1970-06-14,672,978,672,913
1970-06-15,415,415,415,415
1970-06-16,77,580,77,261
1970-06-17,130,868,130,164
1970-06-18,2,609,2,169
1970-06-19,958,958,4,516
1970-06-20,70,398,70,344
1970-06-21,565,565,515,520
1970-06-22,516,975,482,808
1970-06-23,152,214,152,206
1970-06-24,461,651,80,289
1970-06-25,514,514,147,232
1970-06-26,283,958,16,937
1970-06-27,730,730,389,667
1970-06-28,554,817,554,794
1970-06-29,408,417,408,413
1970-06-30,317,585,317,322
1970-07-01,185,185,50,131
1970-07-02,829,829,135,520
1970-07-03,423,423,423,423
1970-07-04,285,831,285,489
1970-07-05,545,545,216,270
1970-07-06,354,396,354,372
1970-07-07,469,822,469,558
1970-07-08,478,478,151,445
1970-07-09,110,607,110,442
1970-07-10,692,692,447,577
1970-07-11,568,620,568,607
1970-07-12,776,776,528,560
1970-07-13,335,751,161,675
1970-07-14,96,96,96,96
1970-07-15,120,907,120,517
1970-07-16,950,950,579,739
1970-07-17,105,105,105,105
1970-07-18,900,900,414,629
1970-07-19,596,596,596,596
1970-07-20,805,873,805,872
1970-07-21,613,613,319,388
1970-07-22,696,696,696,696
1970-07-23,906,906,262,558
1970-07-24,271,767,271,279
1970-07-25,837,837,729,730
1970-07-26,953,953,821,923
1970-07-27,175,569,67,262
1970-07-28,490,583,107,450
1970-07-29,796,796,793,796
1970-07-30,816,816,574,738
1970-07-31,948,948,948,948
1970-08-01,869,869,869,869
1970-08-02,158,158,28,105
1970-08-03,440,509,99,262
1970-08-04,770,770,147,761
1970-08-05,516,516,516,516
1970-08-06,892,892,6,773
1970-08-07,77,451,50,419
1970-08-08,561,561,561,561
1970-08-09,520,520,520,520
1970-08-10,448,899,448,780
1970-08-11,428,619,84,96
1970-08-12,734,734,456,614
1970-08-13,150,749,150,356
1970-08-14,218,519,218,263
1970-08-15,142,396,142,181
1970-08-16,240,726,240,633
1970-08-17,805,805,484,542
1970-08-18,898,898,79,886
1970-08-19,105,404,105,307
1970-08-20,455,455,455,455
1970-08-21,279,279,279,279
1970-08-22,456,456,414,453
1970-08-23,446,607,446,455
1970-08-24,679,679,245,440
1970-08-25,703,703,320,478
1970-08-26,574,574,55,476
1970-08-27,937,937,870,906
1970-08-28,449,449,449,449
1970-08-29,192,655,192,512
1970-08-30,192,802,53,776
1970-08-31,144,581,144,363
1970-09-01,822,822,822,822
1970-09-02,906,906,102,269
1970-09-03,905,905,28,869
1970-09-04,162,475,162,421
1970-09-05,866,866,65,370
1970-09-06,611,630,611,619
1970-09-07,254,335,254,285
1970-09-08,466,839,466,644
1970-09-09,110,294,110,193
1970-09-10,369,978,128,623
1970-09-11,157,712,157,605
1970-09-12,846,846,196,235
1970-09-13,35,258,35,211
1970-09-14,896,896,633,634
1970-09-15,865,865,743,754
1970-09-16,622,622,230,539
1970-09-17,197,508,197,254
1970-09-18,345,345,307,341
1970-09-19,670,670,158,188
1970-09-20,680,724,600,601
1970-09-21,655,750,610,717
1970-09-22,182,480,182,355
1970-09-23,93,372,93,206
1970-09-24,973,973,736,791
1970-09-25,382,702,209,446
1970-09-26,281,281,281,281
1970-09-27,918,918,93,173
1970-09-28,509,924,149,547
1970-09-29,479,750,345,377
1970-09-30,595,595,595,595
1970-10-01,618,618,618,618
1970-10-02,190,788,34,554
1970-10-03,763,763,477,542
1970-10-04,874,874,373,488
1970-10-05,762,762,411,506
1970-10-06,387,387,387,387
1970-10-07,472,472,169,176
1970-10-08,191,507,191,314
1970-10-09,786,904,642,729
1970-10-10,226,625,226,393
1970-10-11,497,516,497,511
1970-10-12,5,176,5,93
1970-10-13,774,836,100,309
1970-10-14,644,644,563,614
1970-10-15,667,667,68,245
1970-10-16,921,921,864,889
1970-10-17,925,925,646,744
1970-10-18,49,96,49,74
1970-10-19,504,504,504,504
1970-10-20,363,944,341,344
1970-10-21,869,869,155,620
1970-10-22,329,595,94,387
1970-10-23,56,298,56,95
1970-10-24,115,322,115,304
1970-10-25,119,754,119,706
1970-10-26,205,479,205,283
1970-10-27,243,243,243,243
1970-10-28,934,934,548,785
1970-10-29,77,987,35,338
1970-10-30,439,927,97,432
1970-10-31,934,934,684,743
1970-11-01,651,782,385,683
1970-11-02,901,901,94,873
1970-11-03,750,942,750,813
1970-11-04,663,663,15,510
1970-11-05,861,861,324,515
1970-11-06,186,186,186,186
1970-11-07,796,796,796,796
1970-11-08,301,363,111,341
1970-11-09,369,945,369,707
1970-11-10,161,945,161,344
1970-11-11,659,659,659,659
1970-11-12,486,742,486,638
1970-11-13,365,365,63,271
1970-11-14,538,538,538,538
1970-11-15,358,487,12,379
1970-11-16,636,663,636,637
1970-11-17,655,655,468,564
1970-11-18,264,824,7,693
1970-11-19,48,650,48,308
1970-11-20,37,548,37,283
1970-11-21,120,757,88,485
1970-11-22,144,672,144,615
1970-11-23,410,410,410,410
1970-11-24,507,507,460,470
1970-11-25,191,676,191,584
1970-11-26,162,814,162,773
1970-11-27,649,999,649,659
1970-11-28,638,638,126,185
1970-11-29,251,755,129,273
1970-11-30,825,825,342,819
1970-12-01,375,375,375,375
1970-12-02,280,847,280,336
1970-12-03,519,519,508,508
1970-12-04,297,314,124,314
1970-12-05,95,461,95,181
1970-12-06,443,443,443,443
1970-12-07,554,843,243,734
1970-12-08,555,774,555,664
1970-12-09,129,812,129,545
1970-12-10,682,682,460,556
1970-12-11,49,329,49,114
1970-12-12,386,549,386,472
1970-12-13,661,661,80,488
1970-12-14,92,723,92,327
1970-12-15,87,902,87,347
1970-12-16,922,922,404,450
1970-12-17,637,637,463,583
1970-12-18,609,609,40,108
1970-12-19,111,599,111,118
1970-12-20,832,983,807,955
1970-12-21,890,890,145,866
1970-12-22,848,848,848,848
1970-12-23,321,321,321,321
1970-12-24,804,804,804,804
1970-12-25,995,995,885,903
1970-12-26,894,894,698,751
1970-12-27,364,918,364,594
1970-12-28,925,925,145,338
1970-12-29,365,502,298,392
1970-12-30,681,681,113,490
1970-12-31,172,196,172,188
1971-01-01,209,700,209,425
1971-01-02,872,872,872,872
1971-01-03,832,880,508,707
1971-01-04,908,908,543,637
1971-01-05,552,699,552,570
1971-01-06,883,883,773,872
1971-01-07,132,542,132,200
1971-01-08,952,952,633,903
1971-01-09,560,744,315,391
1971-01-10,984,984,301,949
1971-01-11,113,117,113,116
1971-01-12,310,424,310,315
1971-01-13,119,462,119,160
1971-01-14,782,782,89,565
1971-01-15,366,366,290,294
1971-01-16,875,875,739,837
1971-01-17,382,939,382,479
1971-01-18,93,735,93,707
1971-01-19,338,338,338,338
1971-01-20,402,499,402,496
1971-01-21,399,952,47,603
1971-01-22,793,863,793,831
1971-01-23,680,890,680,728
1971-01-24,809,809,507,802
1971-01-25,388,388,388,388
1971-01-26,16,212,16,179
1971-01-27,914,914,582,754
1971-01-28,738,738,738,738
1971-01-29,692,692,502,580
1971-01-30,294,967,294,699
1971-01-31,210,580,210,322
1971-02-01,241,830,56,160
1971-02-02,928,928,324,825
1971-02-03,232,840,232,665
1971-02-04,519,617,519,587
1971-02-05,449,601,449,599
1971-02-06,867,867,556,676
1971-02-07,792,792,341,670
1971-02-08,424,424,424,424
1971-02-09,842,964,810,923
1971-02-10,79,784,79,259
1971-02-11,91,231,65,218
1971-02-12,254,625,254,397
1971-02-13,709,986,709,830
1971-02-14,952,952,512,634
1971-02-15,955,955,529,869
1971-02-16,861,861,674,779
1971-02-17,392,392,93,148
1971-02-18,460,460,460,460
1971-02-19,684,684,288,527
1971-02-20,407,408,297,340
1971-02-21,771,771,107,674
1971-02-22,504,504,306,367
1971-02-23,823,959,94,612
1971-02-24,368,368,368,368
1971-02-25,601,817,601,676
1971-02-26,619,619,443,580
1971-02-27,468,482,468,482
1971-02-28,832,832,127,346
1971-03-01,350,452,350,410
1971-03-02,864,864,864,864
1971-03-03,112,882,112,222
1971-03-04,403,741,129,715
1971-03-05,962,962,281,792
1971-03-06,814,814,814,814
1971-03-07,387,956,387,442
1971-03-08,520,520,520,520
1971-03-09,270,576,270,506
1971-03-10,465,465,465,465
1971-03-11,851,851,32,193
1971-03-12,590,590,590,590
1971-03-13,396,396,27,51
1971-03-14,593,926,593,829
1971-03-15,160,961,160,276
1971-03-16,832,832,204,542
1971-03-17,759,759,79,81
1971-03-18,561,606,561,570
1971-03-19,457,994,457,641
1971-03-20,329,329,329,329
1971-03-21,81,198,81,105
1971-03-22,621,621,621,621
1971-03-23,38,662,38,393
1971-03-24,960,960,529,549
1971-03-25,552,552,552,552
1971-03-26,681,681,681,681
1971-03-27,545,698,121,399
1971-03-28,915,915,71,518
1971-03-29,409,409,348,360
1971-03-30,260,260,260,260
1971-03-31,236,236,236,236
1971-04-01,937,937,906,915
1971-04-02,878,878,440,784
1971-04-03,518,525,518,518
1971-04-04,387,668,198,600
1971-04-05,723,828,196,760
1971-04-06,943,943,177,467
1971-04-07,816,816,177,515
1971-04-08,675,675,514,590
1971-04-09,870,870,196,369
1971-04-10,999,999,179,988
1971-04-11,175,500,175,470
1971-04-12,338,587,338,430
1971-04-13,797,797,329,383
1971-04-14,279,597,279,363
1971-04-15,280,505,280,482
1971-04-16,84,932,84,204
1971-04-17,625,625,225,361
1971-04-18,337,337,337,337
1971-04-19,972,972,445,608
1971-04-20,965,965,576,701
1971-04-21,551,873,284,720
1971-04-22,88,719,88,617
1971-04-23,507,507,265,473
1971-04-24,607,941,607,759
1971-04-25,579,895,456,655
1971-04-26,521,521,521,521
1971-04-27,908,908,896,897
1971-04-28,575,833,575,787
1971-04-29,623,623,118,279
1971-04-30,222,608,222,222
1971-05-01,262,998,262,949
1971-05-02,345,635,345,356
1971-05-03,619,619,619,619
1971-05-04,549,549,136,315
1971-05-05,826,826,210,569
1971-05-06,607,665,392,416
1971-05-07,124,564,124,152
1971-05-08,987,987,578,600
1971-05-09,591,591,586,588
1971-05-10,288,996,288,909
1971-05-11,350,350,350,350
1971-05-12,50,961,50,567
1971-05-13,653,653,318,452
1971-05-14,703,703,424,619
1971-05-15,19,667,19,249
1971-05-16,755,755,703,745
1971-05-17,421,421,421,421
1971-05-18,388,898,388,413
1971-05-19,818,818,650,757
1971-05-20,869,910,198,536
1971-05-21,94,273,94,187
1971-05-22,74,514,74,184
1971-05-23,359,359,116,256
1971-05-24,336,350,336,346
1971-05-25,949,949,113,226
1971-05-26,725,725,642,716
1971-05-27,493,832,493,715
1971-05-28,36,935,36,876
1971-05-29,303,396,303,390
1971-05-30,747,775,61,526
1971-05-31,343,664,343,439
1971-06-01,680,732,680,727
1971-06-02,676,816,91,457
1971-06-03,14,600,14,14
1971-06-04,910,910,200,383
1971-06-05,433,947,433,642
1971-06-06,854,854,700,703
1971-06-07,107,620,107,394
1971-06-08,5,396,5,246
1971-06-09,816,816,366,594
1971-06-10,771,771,241,367
1971-06-11,334,334,5,104
1971-06-12,252,252,111,175
1971-06-13,677,696,535,660
1971-06-14,127,585,127,278
1971-06-15,143,818,143,355
1971-06-16,903,999,99,578
1971-06-17,899,899,809,860
1971-06-18,458,458,451,453
1971-06-19,678,697,321,566
1971-06-20,616,818,175,790
1971-06-21,415,415,272,330
1971-06-22,465,598,321,554
1971-06-23,321,585,321,404
1971-06-24,254,323,254,297
1971-06-25,289,515,160,228
1971-06-26,119,119,119,119
1971-06-27,802,802,607,765
1971-06-28,840,840,840,840
1971-06-29,250,723,250,406
1971-06-30,462,674,462,620
1971-07-01,493,669,493,543
1971-07-02,566,566,566,566
1971-07-03,242,269,242,269
1971-07-04,69,592,69,370
1971-07-05,917,917,421,451
1971-07-06,57,229,57,156
1971-07-07,690,690,690,690
1971-07-08,684,684,684,684
1971-07-09,983,983,983,983
1971-07-10,150,368,150,367
1971-07-11,36,310,36,186
1971-07-12,230,899,26,799
1971-07-13,124,255,124,150
1971-07-14,355,355,211,326
1971-07-15,206,206,206,206
1971-07-16,855,855,574,741
1971-07-17,429,429,429,429
1971-07-18,588,588,336,518
1971-07-19,50,92,16,57
1971-07-20,818,918,740,747
1971-07-21,689,689,626,671
1971-07-22,802,802,583,749
1971-07-23,426,426,302,303
1971-07-24,107,252,107,202
1971-07-25,887,887,511,706
1971-07-26,881,881,745,841
1971-07-27,505,655,127,326
1971-07-28,903,903,806,869
1971-07-29,537,962,355,394
1971-07-30,210,931,210,238
1971-07-31,643,643,622,641
1971-08-01,949,949,343,545
1971-08-02,851,940,506,549
1971-08-03,310,385,310,349
1971-08-04,813,813,364,680
1971-08-05,228,228,228,228
1971-08-06,134,426,134,330
1971-08-07,12,56,12,12
1971-08-08,859,859,318,364
1971-08-09,207,703,207,678
1971-08-10,33,778,33,83
1971-08-11,829,829,608,665
1971-08-12,897,897,222,382
1971-08-13,602,773,602,622
1971-08-14,919,919,116,468
1971-08-15,546,811,546,646
1971-08-16,886,886,230,658
1971-08-17,716,716,148,460
1971-08-18,147,147,147,147
1971-08-19,500,771,500,730
1971-08-20,182,699,182,690
1971-08-21,873,873,680,703
1971-08-22,990,990,926,954
1971-08-23,19,302,19,54
1971-08-24,847,847,715,808
1971-08-25,104,797,104,134
1971-08-26,827,827,118,588
1971-08-27,405,902,211,485
1971-08-28,105,612,105,367
1971-08-29,579,579,132,214
1971-08-30,661,661,661,661
1971-08-31,607,607,595,601
1971-09-01,482,987,482,640
1971-09-02,875,875,496,827
1971-09-03,346,545,346,380
1971-09-04,518,760,302,663
1971-09-05,803,803,267,643
1971-09-06,763,763,574,595
1971-09-07,172,676,135,490
1971-09-08,362,874,362,850
1971-09-09,227,293,227,247
1971-09-10,576,576,537,543
1971-09-11,967,967,427,500
1971-09-12,500,807,255,752
1971-09-13,316,496,316,360
1971-09-14,749,749,749,749
1971-09-15,96,110,96,106
1971-09-16,20,522,20,371
1971-09-17,812,930,812,864
1971-09-18,7,838,7,674
1971-09-19,941,941,421,428
1971-09-20,864,864,265,799
1971-09-21,29,74,29,37
1971-09-22,37,221,37,205
1971-09-23,29,458,29,368
1971-09-24,752,752,73,533
1971-09-25,577,750,365,739
1971-09-26,308,884,308,683
1971-09-27,152,851,35,799
1971-09-28,885,885,885,885
1971-09-29,219,365,219,280
1971-09-30,839,839,839,839
1971-10-01,985,985,667,683
1971-10-02,697,813,697,728
1971-10-03,735,922,217,543
1971-10-04,133,603,133,590
1971-10-05,31,612,31,425
1971-10-06,864,864,799,804
1971-10-07,772,772,236,516
1971-10-08,40,58,40,43
1971-10-09,731,731,731,731
1971-10-10,801,801,98,509
1971-10-11,188,321,188,241
1971-10-12,520,628,520,538
1971-10-13,332,546,332,512
1971-10-14,598,952,244,804
1971-10-15,654,829,654,701
1971-10-16,867,867,529,654
1971-10-17,610,926,319,672
1971-10-18,186,556,186,355
1971-10-19,579,579,579,579
1971-10-20,151,689,38,516
1971-10-21,541,541,541,541
1971-10-22,784,784,784,784
1971-10-23,718,788,718,775
1971-10-24,489,489,186,285
1971-10-25,128,621,97,418
1971-10-26,52,159,52,88
1971-10-27,708,708,385,394
1971-10-28,910,910,583,620
1971-10-29,978,978,215,689
1971-10-30,388,778,388,388
1971-10-31,391,950,304,734
1971-11-01,600,680,600,643
1971-11-02,353,353,353,353
1971-11-03,483,483,467,477
1971-11-04,88,751,88,639
1971-11-05,24,937,24,299
1971-11-06,739,739,115,469
1971-11-07,216,931,216,789
1971-11-08,260,762,260,631
1971-11-09,682,682,608,634
1971-11-10,384,387,384,386
1971-11-11,978,978,157,184
1971-11-12,193,936,193,338
1971-11-13,569,569,262,402
1971-11-14,752,752,168,181
1971-11-15,264,264,264,264
1971-11-16,705,705,705,705
1971-11-17,379,856,379,470
1971-11-18,265,647,265,421
1971-11-19,851,851,452,718
1971-11-20,506,582,506,564
1971-11-21,669,953,586,680
1971-11-22,288,787,115,684
1971-11-23,513,764,513,513
1971-11-24,317,317,317,317
1971-11-25,523,591,523,527
1971-11-26,199,775,199,752
1971-11-27,507,507,456,478
1971-11-28,161,415,161,342
1971-11-29,126,974,126,515
1971-11-30,472,472,342,456
1971-12-01,572,572,503,555
1971-12-02,406,557,370,510
1971-12-03,34,666,34,241
1971-12-04,19,152,19,140
1971-12-05,13,984,13,961
1971-12-06,972,972,372,423
1971-12-07,503,623,503,597
1971-12-08,240,893,240,386
1971-12-09,227,227,227,227
1971-12-10,744,744,744,744
1971-12-11,201,206,201,202
1971-12-12,564,564,193,429
1971-12-13,896,962,871,877
1971-12-14,148,342,148,195
1971-12-15,935,935,111,931
1971-12-16,142,368,142,288
1971-12-17,709,709,379,613
1971-12-18,958,958,285,494
1971-12-19,885,980,831,905
1971-12-20,636,636,636,636
1971-12-21,790,811,790,810
1971-12-22,566,597,566,594
1971-12-23,176,635,149,207
1971-12-24,135,305,135,264
1971-12-25,590,904,150,782
1971-12-26,647,683,312,514
1971-12-27,583,583,107,221
1971-12-28,700,723,410,540
1971-12-29,741,741,139,359
1971-12-30,762,762,336,570
1971-12-31,68,95,68,77
1972-01-01,851,851,799,845
1972-01-02,672,672,672,672
1972-01-03,96,844,96,448
1972-01-04,602,936,602,798
1972-01-05,320,617,320,394
1972-01-06,191,429,191,367
1972-01-07,445,454,445,450
1972-01-08,326,326,326,326
1972-01-09,29,523,29,163
1972-01-10,484,484,196,330
1972-01-11,983,983,204,285
1972-01-12,300,529,300,451
1972-01-13,50,117,29,41
1972-01-14,594,594,140,336
1972-01-15,406,406,406,406
1972-01-16,230,835,230,253
1972-01-17,935,935,122,733
1972-01-18,168,473,168,177
1972-01-19,746,746,371,555
1972-01-20,938,938,240,600
1972-01-21,517,517,35,198
1972-01-22,585,585,234,383
1972-01-23,968,968,727,771
1972-01-24,687,687,411,418
1972-01-25,471,471,334,352
1972-01-26,882,882,882,882
1972-01-27,879,879,523,649
1972-01-28,441,839,407,449
1972-01-29,536,536,32,324
1972-01-30,749,749,749,749
1972-01-31,381,902,28,533
1972-02-01,712,869,652,669
1972-02-02,159,901,159,776
1972-02-03,448,890,448,472
1972-02-04,413,444,413,413
1972-02-05,206,206,54,194
1972-02-06,790,790,790,790
1972-02-07,290,551,290,380
1972-02-08,616,616,616,616
1972-02-09,493,493,493,493
1972-02-10,99,959,99,286
1972-02-11,395,395,142,199
1972-02-12,328,792,64,783
1972-02-13,357,641,357,457
1972-02-14,199,402,199,369
1972-02-15,122,666,122,283
1972-02-16,94,474,94,396
1972-02-17,853,853,506,672
1972-02-18,856,856,44,560
1972-02-19,410,410,167,368
1972-02-20,441,441,229,413
1972-02-21,511,511,438,506
1972-02-22,332,731,127,181
1972-02-23,255,803,255,654
1972-02-24,618,618,618,618
1972-02-25,484,484,484,484
1972-02-26,442,442,442,442
1972-02-27,22,66,2,56
1972-02-28,602,942,191,728
1972-02-29,296,666,296,446
1972-03-01,230,230,230,230
1972-03-02,424,515,285,361
1972-03-03,199,199,199,199
1972-03-04,878,878,743,862
1972-03-05,376,923,376,795
1972-03-06,493,493,493,493
1972-03-07,627,627,604,620
1972-03-08,613,613,25,67
1972-03-09,24,939,24,416
1972-03-10,723,723,723,723
1972-03-11,568,630,96,172
1972-03-12,116,813,84,731
1972-03-13,891,891,891,891
1972-03-14,225,959,14,151
1972-03-15,29,326,29,202
1972-03-16,103,835,103,244
1972-03-17,756,756,195,469
1972-03-18,549,999,372,618
1972-03-19,482,482,482,482
1972-03-20,563,648,563,580
1972-03-21,163,532,163,304
1972-03-22,681,681,612,675
1972-03-23,987,987,499,702
1972-03-24,258,839,258,787
1972-03-25,28,715,28,535
1972-03-26,741,741,366,611
1972-03-27,687,958,551,818
1972-03-28,113,606,113,117
1972-03-29,3,310,3,68
1972-03-30,882,882,882,882
1972-03-31,645,645,645,645
1972-04-01,439,792,439,637
1972-04-02,316,737,316,452
1972-04-03,77,77,8,20
1972-04-04,143,289,143,201
1972-04-05,696,696,139,315
1972-04-06,111,500,111,235
1972-04-07,55,55,55,55
1972-04-08,393,393,393,393
1972-04-09,587,749,376,390
1972-04-10,715,715,330,694
1972-04-11,966,966,571,681
1972-04-12,765,765,576,578
1972-04-13,128,994,128,219
1972-04-14,68,399,68,193
1972-04-15,841,841,119,399
1972-04-16,920,920,744,853
1972-04-17,293,521,119,340
1972-04-18,84,982,84,459
1972-04-19,228,262,228,233
1972-04-20,34,305,34,195
1972-04-21,885,885,67,556
1972-04-22,704,720,455,549
1972-04-23,145,252,145,172
1972-04-24,419,419,50,385
1972-04-25,330,502,330,369
1972-04-26,122,694,122,515
1972-04-27,585,585,585,585
1972-04-28,362,362,362,362
1972-04-29,107,899,107,335
1972-04-30,475,475,475,475
1972-05-01,257,257,257,257
1972-05-02,331,913,331,446
1972-05-03,986,986,53,338
1972-05-04,895,895,566,719
1972-05-05,607,607,0,253
1972-05-06,905,905,560,620
1972-05-07,452,650,278,635
1972-05-08,821,821,702,789
1972-05-09,899,958,880,919
1972-05-10,926,926,926,926
1972-05-11,691,691,241,450
1972-05-12,744,744,494,537
1972-05-13,364,752,364,482
1972-05-14,918,918,383,599
1972-05-15,74,836,74,457
1972-05-16,149,415,149,253
1972-05-17,576,576,576,576
1972-05-18,592,592,35,391
1972-05-19,56,521,56,388
1972-05-20,479,479,40,115
1972-05-21,672,672,571,572
1972-05-22,23,341,23,154
1972-05-23,527,527,527,527
1972-05-24,370,370,30,357
1972-05-25,104,871,104,612
1972-05-26,503,969,397,969
1972-05-27,620,620,587,595
1972-05-28,195,195,195,195
1972-05-29,531,929,321,588
1972-05-30,835,835,526,558
1972-05-31,292,292,292,292
1972-06-01,608,946,228,526
1972-06-02,762,762,94,168
1972-06-03,429,578,166,491
1972-06-04,977,977,977,977
1972-06-05,472,472,48,263
1972-06-06,73,121,73,91
1972-06-07,466,513,466,511
1972-06-08,145,434,145,384
1972-06-09,942,942,40,195
1972-06-10,349,349,213,261
1972-06-11,255,530,255,372
1972-06-12,560,560,560,560
1972-06-13,522,999,522,529
1972-06-14,353,471,353,456
1972-06-15,336,773,336,431
1972-06-16,188,937,29,446
1972-06-17,124,734,124,289
1972-06-18,561,561,165,285
1972-06-19,298,429,298,407
1972-06-20,756,756,756,756
1972-06-21,679,679,595,622
1972-06-22,501,552,261,537
1972-06-23,450,962,450,494
1972-06-24,334,656,334,415
1972-06-25,220,522,19,359
1972-06-26,899,899,31,759
1972-06-27,153,260,117,149
1972-06-28,477,616,120,298
1972-06-29,809,809,809,809
1972-06-30,509,512,509,510
1972-07-01,714,714,181,220
1972-07-02,692,692,214,618
1972-07-03,977,977,457,938
1972-07-04,775,901,179,712
1972-07-05,125,531,125,291
1972-07-06,360,570,96,490
1972-07-07,15,283,15,154
1972-07-08,293,872,293,643
1972-07-09,286,642,286,343
1972-07-10,724,724,33,109
1972-07-11,125,760,125,426
1972-07-12,763,875,763,843
1972-07-13,280,812,280,299
1972-07-14,948,948,365,745
1972-07-15,949,949,321,748
1972-07-16,694,694,57,398
1972-07-17,311,852,222,588
1972-07-18,7,35,7,22
1972-07-19,499,499,499,499
1972-07-20,856,856,856,856
1972-07-21,819,819,224,689
1972-07-22,261,973,261,414
1972-07-23,795,795,649,673
1972-07-24,137,897,137,476
1972-07-25,865,865,560,695
1972-07-26,5,868,5,81
1972-07-27,717,837,375,693
1972-07-28,109,809,109,475
1972-07-29,937,937,94,322
1972-07-30,584,584,584,584
1972-07-31,185,370,185,295
1972-08-01,990,990,558,924
1972-08-02,911,911,579,677
1972-08-03,639,639,580,627
1972-08-04,568,568,568,568
1972-08-05,664,716,332,568
1972-08-06,493,493,493,493
1972-08-07,957,957,25,696
1972-08-08,781,781,236,544
1972-08-09,177,501,1,76
1972-08-10,656,656,656,656
1972-08-11,235,235,235,235
1972-08-12,939,939,189,872
1972-08-13,227,468,227,267
1972-08-14,710,710,413,682
1972-08-15,980,980,176,210
1972-08-16,673,698,582,675
1972-08-17,252,917,252,323
1972-08-18,260,888,260,521
1972-08-19,148,626,117,206
1972-08-20,207,346,207,341
1972-08-21,167,698,167,193
1972-08-22,788,803,466,671
1972-08-23,934,934,694,763
1972-08-24,858,858,458,472
1972-08-25,234,430,86,159
1972-08-26,592,592,389,400
1972-08-27,252,681,252,568
1972-08-28,751,982,320,744
1972-08-29,710,710,170,492
1972-08-30,858,858,309,614
1972-08-31,814,846,814,818
1972-09-01,750,750,750,750
1972-09-02,208,817,208,541
1972-09-03,241,871,241,598
1972-09-04,749,749,394,429
1972-09-05,364,492,255,316
1972-09-06,485,485,465,472
1972-09-07,283,929,283,689
1972-09-08,859,859,859,859
1972-09-09,811,811,675,704
1972-09-10,610,989,610,715
1972-09-11,188,188,188,188
1972-09-12,618,618,450,490
1972-09-13,256,605,256,564
1972-09-14,286,397,286,306
1972-09-15,39,561,39,239
1972-09-16,496,496,496,496
1972-09-17,393,861,263,432
1972-09-18,643,643,450,581
1972-09-19,228,529,119,235
1972-09-20,676,778,74,694
1972-09-21,568,919,120,167
1972-09-22,460,897,433,677
1972-09-23,191,379,191,226
1972-09-24,706,706,248,357
1972-09-25,60,546,60,371
1972-09-26,744,744,744,744
1972-09-27,899,899,335,685
1972-09-28,271,891,271,680
1972-09-29,772,772,551,596
1972-09-30,457,942,181,265
1972-10-01,982,982,385,396
1972-10-02,531,531,531,531
1972-10-03,554,554,554,554
1972-10-04,709,709,709,709
1972-10-05,730,730,221,254
1972-10-06,568,568,536,542
1972-10-07,93,745,93,621
1972-10-08,544,620,497,517
1972-10-09,790,924,26,576
1972-10-10,323,713,323,474
1972-10-11,435,586,435,547
1972-10-12,972,972,268,292
1972-10-13,192,886,192,766
1972-10-14,94,94,2,74
1972-10-15,234,786,234,597
1972-10-16,628,628,628,628
1972-10-17,542,598,542,556
1972-10-18,700,700,700,700
1972-10-19,600,617,600,601
1972-10-20,874,874,570,850
1972-10-21,449,449,449,449
1972-10-22,748,748,710,712
1972-10-23,948,948,77,724
1972-10-24,228,860,228,453
1972-10-25,831,831,342,711
1972-10-26,857,857,281,846
1972-10-27,159,159,151,157
1972-10-28,505,722,275,581
1972-10-29,918,918,687,694
1972-10-30,759,759,64,746
1972-10-31,806,806,806,806
1972-11-01,968,968,166,528
1972-11-02,961,961,961,961
1972-11-03,965,965,964,965
1972-11-04,302,860,302,643
1972-11-05,107,649,107,520
1972-11-06,798,798,286,384
1972-11-07,478,849,16,98
1972-11-08,833,833,95,330
1972-11-09,589,769,175,529
1972-11-10,446,626,446,500
1972-11-11,479,636,42,418
1972-11-12,593,593,593,593
1972-11-13,790,790,790,790
1972-11-14,237,737,237,702
1972-11-15,123,913,123,900
1972-11-16,299,299,299,299
1972-11-17,248,325,248,267
1972-11-18,469,469,207,467
1972-11-19,637,945,272,914
1972-11-20,587,587,101,436
1972-11-21,814,814,802,805
1972-11-22,324,718,324,615
1972-11-23,479,642,479,491
1972-11-24,884,884,884,884
1972-11-25,349,789,349,398
1972-11-26,422,584,285,541
1972-11-27,456,532,453,510
1972-11-28,840,840,443,573
1972-11-29,231,646,231,539
1972-11-30,231,231,231,231
1972-12-01,778,778,106,116
1972-12-02,422,422,366,374
1972-12-03,173,173,173,173
1972-12-04,695,838,695,728
1972-12-05,328,328,328,328
1972-12-06,576,576,542,544
1972-12-07,896,896,896,896
1972-12-08,344,344,344,344
1972-12-09,702,702,272,347
1972-12-10,862,862,783,822
1972-12-11,825,825,47,378
1972-12-12,128,997,128,252
1972-12-13,828,828,828,828
1972-12-14,954,989,64,695
1972-12-15,370,370,342,349
1972-12-16,368,414,278,282
1972-12-17,774,774,290,716
1972-12-18,752,752,471,683
1972-12-19,436,436,238,270
1972-12-20,759,759,702,717
1972-12-21,456,456,428,449
1972-12-22,121,210,54,180
1972-12-23,499,499,499,499
1972-12-24,176,176,52,167
1972-12-25,865,865,291,568
1972-12-26,913,913,255,796
1972-12-27,40,198,40,171
1972-12-28,67,167,67,101
1972-12-29,474,474,474,474
1972-12-30,733,733,162,730
1972-12-31,859,921,283,397
1973-01-01,86,872,86,739
1973-01-02,832,832,414,665
1973-01-03,41,718,41,692
1973-01-04,274,274,274,274
1973-01-05,956,995,858,872
1973-01-06,943,943,355,459
1973-01-07,841,841,695,814
1973-01-08,247,793,80,400
1973-01-09,312,468,312,431
1973-01-10,857,857,857,857
1973-01-11,751,751,597,663
1973-01-12,580,580,580,580
1973-01-13,701,843,701,817
1973-01-14,273,457,73,99
1973-01-15,423,595,423,574
1973-01-16,584,584,399,434
1973-01-17,331,989,293,326
1973-01-18,555,555,555,555
1973-01-19,537,986,348,409
1973-01-20,468,468,396,408
1973-01-21,772,776,13,728
1973-01-22,142,355,142,179
1973-01-23,881,881,624,810
1973-01-24,739,888,152,843
1973-01-25,595,595,30,141
1973-01-26,613,613,499,574
1973-01-27,336,877,336,861
1973-01-28,292,292,292,292
1973-01-29,487,990,457,816
1973-01-30,548,993,548,596
1973-01-31,822,822,560,764
1973-02-01,825,825,825,825
1973-02-02,670,670,670,670
1973-02-03,943,943,943,943
1973-02-04,344,344,344,344
1973-02-05,678,678,352,401
1973-02-06,943,943,248,907
1973-02-07,796,796,194,475
1973-02-08,832,915,832,846
1973-02-09,627,627,627,627
1973-02-10,958,958,396,519
1973-02-11,681,786,681,745
1973-02-12,177,416,54,334
1973-02-13,404,404,404,404
1973-02-14,213,940,213,496
1973-02-15,978,978,111,403
1973-02-16,722,722,603,676
1973-02-17,46,857,46,356
1973-02-18,760,760,760,760
1973-02-19,173,557,122,210
1973-02-20,504,926,504,866
1973-02-21,794,794,314,405
1973-02-22,342,945,342,380
1973-02-23,976,976,462,554
1973-02-24,847,847,847,847
1973-02-25,226,233,226,229
1973-02-26,336,336,336,336
1973-02-27,578,800,578,707
1973-02-28,445,445,109,231
1973-03-01,770,770,675,716
1973-03-02,782,858,297,396
1973-03-03,425,425,425,425
1973-03-04,882,882,25,278
1973-03-05,250,250,250,250
1973-03-06,355,355,186,233
1973-03-07,67,495,67,444
1973-03-08,474,917,99,684
1973-03-09,441,441,203,314
1973-03-10,871,871,788,815
1973-03-11,103,986,103,276
1973-03-12,129,842,129,339
1973-03-13,327,727,327,674
1973-03-14,527,527,527,527
1973-03-15,182,476,182,389
1973-03-16,766,766,575,746
1973-03-17,887,887,592,702
1973-03-18,883,883,82,855
1973-03-19,682,682,414,471
1973-03-20,272,272,272,272
1973-03-21,940,940,139,242
1973-03-22,944,944,904,917
1973-03-23,474,886,474,514
1973-03-24,264,351,264,351
1973-03-25,52,417,52,386
1973-03-26,997,997,569,926
1973-03-27,759,879,705,866
1973-03-28,520,520,520,520
1973-03-29,884,884,652,806
1973-03-30,650,650,273,571
1973-03-31,400,618,231,441
1973-04-01,955,955,850,873
1973-04-02,253,578,253,542
1973-04-03,222,222,222,222
1973-04-04,834,834,608,702
1973-04-05,536,536,532,535
1973-04-06,382,382,54,364
1973-04-07,910,910,272,405
1973-04-08,75,554,75,210
1973-04-09,4,697,4,487
1973-04-10,649,649,649,649
1973-04-11,151,338,151,184
1973-04-12,765,765,765,765
1973-04-13,379,982,379,400
1973-04-14,773,773,22,430
1973-04-15,838,838,57,387
1973-04-16,285,844,285,497
1973-04-17,495,786,182,387
1973-04-18,410,819,41,349
1973-04-19,663,663,663,663
1973-04-20,630,630,630,630
1973-04-21,464,464,464,464
1973-04-22,662,713,662,681
1973-04-23,466,466,258,423
1973-04-24,410,957,410,593
1973-04-25,936,936,813,816
1973-04-26,616,773,616,616
1973-04-27,520,520,89,416
1973-04-28,586,586,352,397
1973-04-29,964,964,114,765
1973-04-30,533,533,53,519
1973-05-01,142,950,32,57
1973-05-02,329,470,329,463
1973-05-03,758,758,369,445
1973-05-04,468,468,468,468
1973-05-05,139,878,139,842
1973-05-06,508,513,508,512
1973-05-07,510,987,510,747
1973-05-08,244,803,244,667
1973-05-09,700,700,408,587
1973-05-10,799,972,503,910
1973-05-11,652,652,21,601
1973-05-12,909,909,56,662
1973-05-13,89,740,89,364
1973-05-14,253,253,253,253
1973-05-15,14,30,14,30
1973-05-16,38,499,38,118
1973-05-17,916,916,303,746
1973-05-18,647,647,317,447
1973-05-19,681,809,478,512
1973-05-20,969,969,237,686
1973-05-21,911,911,71,106
1973-05-22,403,658,357,454
1973-05-23,883,883,768,781
1973-05-24,29,44,29,37
1973-05-25,28,252,28,112
1973-05-26,687,687,672,679
1973-05-27,349,696,349,654
1973-05-28,140,140,140,140
1973-05-29,991,991,831,950
1973-05-30,526,526,3,177
1973-05-31,523,627,523,606
1973-06-01,969,969,930,933
1973-06-02,271,865,271,823
1973-06-03,4,448,4,22
1973-06-04,816,816,431,449
1973-06-05,171,763,71,158
1973-06-06,844,844,844,844
1973-06-07,373,940,373,492
1973-06-08,559,871,559,722
1973-06-09,227,227,149,179
1973-06-10,751,751,385,567
1973-06-11,301,467,301,356
1973-06-12,280,290,280,287
1973-06-13,530,530,246,342
1973-06-14,278,278,278,278
1973-06-15,24,192,24,111
1973-06-16,290,290,290,290
1973-06-17,802,802,277,317
1973-06-18,806,806,626,664
1973-06-19,946,946,66,150
1973-06-20,803,916,703,737
1973-06-21,536,575,536,551
1973-06-22,360,364,94,196
1973-06-23,773,773,365,658
1973-06-24,863,863,863,863
1973-06-25,312,664,126,242
1973-06-26,210,304,210,285
1973-06-27,78,601,78,359
1973-06-28,519,519,324,517
1973-06-29,19,665,19,99
1973-06-30,904,904,560,792
1973-07-01,652,652,652,652
1973-07-02,219,219,219,219
1973-07-03,886,886,96,162
1973-07-04,748,748,336,562
1973-07-05,427,438,234,424
1973-07-06,947,947,102,246
1973-07-07,752,752,162,178
1973-07-08,341,915,341,745
1973-07-09,829,830,119,435
1973-07-10,322,753,322,443
1973-07-11,477,976,258,870
1973-07-12,999,999,286,572
1973-07-13,561,561,377,439
1973-07-14,1,62,1,31
1973-07-15,273,684,273,607
1973-07-16,665,665,591,633
1973-07-17,411,411,365,404
1973-07-18,683,683,683,683
1973-07-19,460,460,364,456
1973-07-20,41,371,41,255
1973-07-21,45,581,45,366
1973-07-22,817,817,817,817
1973-07-23,997,997,483,605
1973-07-24,580,580,580,580
1973-07-25,454,552,454,505
1973-07-26,365,626,205,323
1973-07-27,708,708,708,708
1973-07-28,8,465,8,293
1973-07-29,352,352,163,174
1973-07-30,551,749,81,237
1973-07-31,558,847,487,676
1973-08-01,265,803,47,151
1973-08-02,70,579,70,372
1973-08-03,957,957,884,942
1973-08-04,976,976,917,923
1973-08-05,138,995,138,456
1973-08-06,772,815,258,648
1973-08-07,626,798,129,689
1973-08-08,736,926,357,495
1973-08-09,81,689,81,402
1973-08-10,808,808,808,808
1973-08-11,91,725,20,154
1973-08-12,706,865,428,634
1973-08-13,560,985,560,795
1973-08-14,759,956,392,858
1973-08-15,829,829,811,819
1973-08-16,196,649,196,482
1973-08-17,71,196,70,131
1973-08-18,502,781,502,687
1973-08-19,55,783,55,571
1973-08-20,58,660,58,363
1973-08-21,495,495,436,482
1973-08-22,801,801,801,801
1973-08-23,123,650,123,209
1973-08-24,956,956,956,956
1973-08-25,31,580,31,54
1973-08-26,492,492,492,492
1973-08-27,251,469,128,452
1973-08-28,30,373,30,181
1973-08-29,144,148,144,146
1973-08-30,613,872,613,813
1973-08-31,283,854,146,146
1973-09-01,5,237,5,134
1973-09-02,4,812,4,183
1973-09-03,795,795,282,682
1973-09-04,615,780,615,706
1973-09-05,130,849,130,345
1973-09-06,851,851,243,305
1973-09-07,894,897,701,895
1973-09-08,8,635,8,581
1973-09-09,883,883,274,745
1973-09-10,220,220,220,220
1973-09-11,197,462,197,330
1973-09-12,17,557,17,115
1973-09-13,955,955,472,724
1973-09-14,233,352,233,312
1973-09-15,394,394,394,394
1973-09-16,361,586,361,486
1973-09-17,460,460,434,453
1973-09-18,486,656,486,613
1973-09-19,882,882,882,882
1973-09-20,608,635,479,566
1973-09-21,345,386,345,374
1973-09-22,357,357,357,357
1973-09-23,515,885,479,787
1973-09-24,453,965,453,517
1973-09-25,809,953,287,392
1973-09-26,828,828,472,660
1973-09-27,135,280,135,213
1973-09-28,318,463,318,394
1973-09-29,947,947,347,356
1973-09-30,142,629,142,144
1973-10-01,244,737,244,319
1973-10-02,34,532,34,373
1973-10-03,911,911,464,467
1973-10-04,721,721,169,320
1973-10-05,563,563,542,558
1973-10-06,68,172,68,164
1973-10-07,645,774,645,740
1973-10-08,559,559,559,559
1973-10-09,266,357,217,280
1973-10-10,793,793,793,793
1973-10-11,328,744,328,738
1973-10-12,814,814,197,293
1973-10-13,930,930,645,682
1973-10-14,981,981,50,402
1973-10-15,918,918,860,862
1973-10-16,509,509,227,405
1973-10-17,995,995,942,962
1973-10-18,754,770,172,398
1973-10-19,98,909,98,432
1973-10-20,884,884,714,789
1973-10-21,933,933,648,751
1973-10-22,464,464,464,464
1973-10-23,152,487,152,270
1973-10-24,40,455,40,430
1973-10-25,253,253,253,253
1973-10-26,967,967,241,873
1973-10-27,820,820,635,710
1973-10-28,725,725,256,423
1973-10-29,218,504,78,168
1973-10-30,553,553,553,553
1973-10-31,778,778,473,545
1973-11-01,447,447,214,419
1973-11-02,229,840,46,446
1973-11-03,231,639,231,582
1973-11-04,123,895,123,637
1973-11-05,756,756,4,460
1973-11-06,467,467,306,422
1973-11-07,130,403,130,299
1973-11-08,724,724,213,268
1973-11-09,398,398,385,387
1973-11-10,833,833,210,309
1973-11-11,901,901,795,835
1973-11-12,633,633,583,604
1973-11-13,980,980,432,845
1973-11-14,557,557,557,557
1973-11-15,476,939,476,768
1973-11-16,634,901,634,684
1973-11-17,227,732,227,687
1973-11-18,660,660,401,577
1973-11-19,860,860,776,816
1973-11-20,821,821,411,549
1973-11-21,429,429,429,429
1973-11-22,398,621,398,488
1973-11-23,524,863,284,828
1973-11-24,317,330,317,329
1973-11-25,328,328,73,286
1973-11-26,664,664,41,289
1973-11-27,8,362,8,314
1973-11-28,61,411,61,338
1973-11-29,174,174,174,174
1973-11-30,201,201,201,201
1973-12-01,613,613,432,468
1973-12-02,480,675,300,494
1973-12-03,316,316,316,316
1973-12-04,688,688,58,266
1973-12-05,950,950,171,193
1973-12-06,724,724,568,612
1973-12-07,600,600,134,317
1973-12-08,56,855,56,543
1973-12-09,848,920,387,720
1973-12-10,891,891,879,881
1973-12-11,532,907,44,784
1973-12-12,771,771,99,689
1973-12-13,263,989,263,779
1973-12-14,57,706,57,300
1973-12-15,59,830,59,327
1973-12-16,527,946,19,923
1973-12-17,954,954,144,616
1973-12-18,70,149,70,122
1973-12-19,729,729,729,729
1973-12-20,299,299,199,237
1973-12-21,768,768,331,600
1973-12-22,70,161,70,106
1973-12-23,835,835,667,673
1973-12-24,979,979,839,880
1973-12-25,441,855,441,710
1973-12-26,936,936,209,218
1973-12-27,488,709,70,622
1973-12-28,809,809,547,808
1973-12-29,83,271,83,108
1973-12-30,276,276,276,276
1973-12-31,40,181,40,135
1974-01-01,760,952,540,555
1974-01-02,250,837,98,503
1974-01-03,343,650,52,153
1974-01-04,413,413,413,413
1974-01-05,958,958,559,580
1974-01-06,235,318,235,309
1974-01-07,449,449,378,406
1974-01-08,822,822,822,822
1974-01-09,419,514,419,492
1974-01-10,252,659,9,401
1974-01-11,625,765,625,762
1974-01-12,955,955,895,913
1974-01-13,232,977,232,293
1974-01-14,127,655,127,463
1974-01-15,389,557,389,555
1974-01-16,572,572,464,544
1974-01-17,197,197,197,197
1974-01-18,963,985,538,707
1974-01-19,152,152,122,139
1974-01-20,702,860,702,828
1974-01-21,568,568,183,347
1974-01-22,896,896,417,618
1974-01-23,283,536,283,394
1974-01-24,583,583,155,193
1974-01-25,65,65,60,64
1974-01-26,183,248,183,215
1974-01-27,613,638,404,469
1974-01-28,65,612,65,593
1974-01-29,320,320,320,320
1974-01-30,962,962,261,401
1974-01-31,858,858,858,858
1974-02-01,464,464,464,464
1974-02-02,464,908,293,353
1974-02-03,704,704,190,464
1974-02-04,814,814,56,647
1974-02-05,918,918,906,906
1974-02-06,723,782,455,590
1974-02-07,514,514,514,514
1974-02-08,452,458,452,457
1974-02-09,81,515,81,339
1974-02-10,309,827,309,342
1974-02-11,193,606,58,497
1974-02-12,490,638,490,556
1974-02-13,98,135,98,114
1974-02-14,51,285,51,177
1974-02-15,391,691,391,644
1974-02-16,482,687,438,498
1974-02-17,747,872,26,541
1974-02-18,984,984,78,156
1974-02-19,414,806,414,637
1974-02-20,878,878,555,721
1974-02-21,101,556,101,182
1974-02-22,538,538,419,436
1974-02-23,493,493,148,230
1974-02-24,520,837,520,624
1974-02-25,225,857,180,292
1974-02-26,36,812,36,579
1974-02-27,190,190,190,190
1974-02-28,552,552,377,488
1974-03-01,47,441,47,227
1974-03-02,84,244,84,128
1974-03-03,841,841,253,432
1974-03-04,528,528,528,528
1974-03-05,327,914,327,485
1974-03-06,34,686,34,167
1974-03-07,708,708,460,633
1974-03-08,848,848,768,779
1974-03-09,23,510,23,251
1974-03-10,829,927,204,905
1974-03-11,126,995,126,391
1974-03-12,865,979,865,928
1974-03-13,932,932,588,675
1974-03-14,705,762,85,305
1974-03-15,901,901,642,814
1974-03-16,158,158,158,158
1974-03-17,227,227,173,207
1974-03-18,453,453,453,453
1974-03-19,979,979,956,969
1974-03-20,341,671,341,664
1974-03-21,205,823,205,275
1974-03-22,943,943,150,640
1974-03-23,813,813,721,734
1974-03-24,810,810,311,477
1974-03-25,624,624,624,624
1974-03-26,672,672,672,672
1974-03-27,129,132,129,132
1974-03-28,989,989,676,933
1974-03-29,109,756,109,539
1974-03-30,343,857,343,755
1974-03-31,576,576,88,294
1974-04-01,743,743,265,349
1974-04-02,996,996,476,916
1974-04-03,42,938,42,381
1974-04-04,357,464,357,375
1974-04-05,213,422,85,105
1974-04-06,927,927,631,830
1974-04-07,842,842,842,842
1974-04-08,207,487,207,445
1974-04-09,763,898,763,892
1974-04-10,923,923,888,905
1974-04-11,250,318,250,277
1974-04-12,247,530,247,254
1974-04-13,405,920,123,679
1974-04-14,562,562,562,562
1974-04-15,19,74,19,53
1974-04-16,188,653,188,606
1974-04-17,506,772,443,539
1974-04-18,828,828,366,437
1974-04-19,903,903,399,595
1974-04-20,426,426,294,359
1974-04-21,264,828,264,295
1974-04-22,267,730,218,465
1974-04-23,973,973,829,853
1974-04-24,705,705,705,705
1974-04-25,868,868,868,868
1974-04-26,155,923,112,483
1974-04-27,268,645,120,195
1974-04-28,806,806,806,806
1974-04-29,361,422,361,383
1974-04-30,887,887,887,887
1974-05-01,455,455,262,317
1974-05-02,1,394,1,293
1974-05-03,519,519,519,519
1974-05-04,252,630,252,429
1974-05-05,328,658,328,531
1974-05-06,828,828,621,662
1974-05-07,531,636,531,555
1974-05-08,226,623,140,194
1974-05-09,787,787,490,550
1974-05-10,729,729,461,470
1974-05-11,384,585,384,566
1974-05-12,840,840,607,652
1974-05-13,280,280,280,280
1974-05-14,836,934,818,918
1974-05-15,593,602,593,595
1974-05-16,252,253,140,237
1974-05-17,986,986,172,589
1974-05-18,478,478,478,478
1974-05-19,672,672,191,320
1974-05-20,140,490,140,414
1974-05-21,353,865,353,634
1974-05-22,540,619,259,442
1974-05-23,128,422,128,243
1974-05-24,887,887,270,498
1974-05-25,146,551,146,526
1974-05-26,230,230,24,147
1974-05-27,526,526,526,526
1974-05-28,763,763,630,646
1974-05-29,829,829,829,829
1974-05-30,36,255,36,167
1974-05-31,676,676,676,676
1974-06-01,286,396,286,364
1974-06-02,913,913,233,844
1974-06-03,178,645,178,411
1974-06-04,812,812,753,758
1974-06-05,131,278,131,251
1974-06-06,458,944,342,423
1974-06-07,337,767,337,650
1974-06-08,382,896,382,398
1974-06-09,515,520,398,501
1974-06-10,59,219,59,128
1974-06-11,702,921,70,341
1974-06-12,447,853,81,840
1974-06-13,196,214,196,196
1974-06-14,346,346,346,346
1974-06-15,147,612,147,364
1974-06-16,328,534,328,432
1974-06-17,878,878,558,578
1974-06-18,949,949,502,522
1974-06-19,860,860,860,860
1974-06-20,414,414,181,205
1974-06-21,632,632,511,578
1974-06-22,44,386,44,348
1974-06-23,403,534,403,485
1974-06-24,990,990,47,111
1974-06-25,583,987,487,808
1974-06-26,348,773,262,375
1974-06-27,387,634,387,504
1974-06-28,195,690,195,458
1974-06-29,820,820,820,820
1974-06-30,463,463,92,118
1974-07-01,446,446,446,446
1974-07-02,747,747,328,706
1974-07-03,359,976,359,361
1974-07-04,544,691,406,496
1974-07-05,766,766,11,729
1974-07-06,266,266,125,180
1974-07-07,805,942,429,663
1974-07-08,818,818,95,348
1974-07-09,169,365,169,223
1974-07-10,315,315,315,315
1974-07-11,109,370,109,349
1974-07-12,529,529,529,529
1974-07-13,591,866,326,384
1974-07-14,604,808,604,653
1974-07-15,916,916,422,863
1974-07-16,81,941,81,512
1974-07-17,223,429,223,420
1974-07-18,617,696,566,587
1974-07-19,909,909,252,800
1974-07-20,729,964,729,875
1974-07-21,449,449,449,449
1974-07-22,69,933,69,154
1974-07-23,30,694,30,464
1974-07-24,24,713,24,233
1974-07-25,685,685,685,685
1974-07-26,33,384,33,253
1974-07-27,480,878,480,835
1974-07-28,344,926,344,735
1974-07-29,341,553,341,497
1974-07-30,479,479,2,230
1974-07-31,803,803,56,96
1974-08-01,599,599,599,599
1974-08-02,766,766,766,766
1974-08-03,929,929,58,227
1974-08-04,398,409,398,405
1974-08-05,670,670,670,670
1974-08-06,371,848,148,460
1974-08-07,712,712,45,528
1974-08-08,989,989,679,901
1974-08-09,576,576,154,228
1974-08-10,590,590,91,558
1974-08-11,891,891,306,382
1974-08-12,556,556,149,475
1974-08-13,770,770,765,770
1974-08-14,995,995,739,763
1974-08-15,119,363,119,166
1974-08-16,694,694,368,634
1974-08-17,399,510,399,404
1974-08-18,345,533,345,392
1974-08-19,205,764,205,735
1974-08-20,365,365,309,323
1974-08-21,525,525,426,509
1974-08-22,412,553,412,439
1974-08-23,630,630,115,399
1974-08-24,660,978,474,626
1974-08-25,649,649,649,649
1974-08-26,883,891,478,810
1974-08-27,967,967,430,761
1974-08-28,28,940,28,912
1974-08-29,501,603,501,569
1974-08-30,558,627,267,392
1974-08-31,557,665,35,190
1974-09-01,518,544,518,531
1974-09-02,77,359,77,115
1974-09-03,657,911,134,235
1974-09-04,467,467,151,348
1974-09-05,767,767,767,767
1974-09-06,997,997,27,348
1974-09-07,576,767,576,671
1974-09-08,524,687,524,617
1974-09-09,667,667,667,667
1974-09-10,379,598,379,569
1974-09-11,332,665,332,558
1974-09-12,895,895,848,860
1974-09-13,797,797,583,596
1974-09-14,895,895,882,885
1974-09-15,138,138,138,138
1974-09-16,392,996,392,524
1974-09-17,891,891,720,828
1974-09-18,346,821,346,469
1974-09-19,164,611,164,327
1974-09-20,234,234,234,234
1974-09-21,814,814,374,610
1974-09-22,615,849,615,743
1974-09-23,857,857,671,844
1974-09-24,369,369,147,354
1974-09-25,723,723,723,723
1974-09-26,87,780,87,496
1974-09-27,638,638,125,374
1974-09-28,40,420,17,411
1974-09-29,36,58,36,57
1974-09-30,23,782,23,698
1974-10-01,99,454,90,142
1974-10-02,480,812,480,741
1974-10-03,873,873,632,713
1974-10-04,930,930,821,904
1974-10-05,149,246,149,152
1974-10-06,124,829,124,477
1974-10-07,753,753,602,697
1974-10-08,320,816,171,743
1974-10-09,819,819,184,311
1974-10-10,112,834,112,647
1974-10-11,403,873,376,619
1974-10-12,577,577,82,271
1974-10-13,399,399,399,399
1974-10-14,11,228,11,149
1974-10-15,812,812,590,647
1974-10-16,69,693,69,640
1974-10-17,759,759,91,344
1974-10-18,795,795,795,795
1974-10-19,450,450,45,212
1974-10-20,531,531,512,525
1974-10-21,791,791,137,354
1974-10-22,370,627,370,371
1974-10-23,810,810,367,401
1974-10-24,58,517,58,394
1974-10-25,136,136,136,136
1974-10-26,85,626,70,107
1974-10-27,96,716,96,303
1974-10-28,454,943,454,476
1974-10-29,317,468,317,326
1974-10-30,390,509,279,488
1974-10-31,305,804,305,331
1974-11-01,6,880,6,832
1974-11-02,292,292,292,292
1974-11-03,313,904,107,553
1974-11-04,261,444,261,277
1974-11-05,460,460,460,460
1974-11-06,32,913,32,514
1974-11-07,135,254,135,185
1974-11-08,218,658,218,341
1974-11-09,696,802,696,747
1974-11-10,638,638,638,638
1974-11-11,873,873,646,786
1974-11-12,530,530,189,217
1974-11-13,744,744,457,738
1974-11-14,108,754,47,510
1974-11-15,826,826,20,266
1974-11-16,55,661,50,261
1974-11-17,414,688,148,302
1974-11-18,159,830,159,240
1974-11-19,167,721,167,636
1974-11-20,299,802,299,343
1974-11-21,210,667,198,450
1974-11-22,408,581,408,581
1974-11-23,691,894,691,807
1974-11-24,975,975,738,866
1974-11-25,227,516,227,402
1974-11-26,955,955,837,936
1974-11-27,928,928,430,661
1974-11-28,995,995,943,961
1974-11-29,506,506,506,506
1974-11-30,617,890,120,464
1974-12-01,663,712,663,665
1974-12-02,574,688,41,308
1974-12-03,463,463,442,458
1974-12-04,677,677,198,314
1974-12-05,856,856,562,746
1974-12-06,441,927,98,232
1974-12-07,2,602,2,490
1974-12-08,498,498,331,492
1974-12-09,748,748,117,490
1974-12-10,953,953,237,796
1974-12-11,89,114,89,89
1974-12-12,820,820,655,689
1974-12-13,239,721,31,205
1974-12-14,135,135,77,115
1974-12-15,972,991,793,825
1974-12-16,925,925,719,755
1974-12-17,917,917,382,632
1974-12-18,102,542,102,327
1974-12-19,550,550,346,360
1974-12-20,976,976,511,523
1974-12-21,527,527,264,431
1974-12-22,962,962,656,838
1974-12-23,527,535,527,528
1974-12-24,39,448,39,285
1974-12-25,18,652,18,391
1974-12-26,343,933,343,767
1974-12-27,481,482,481,482
1974-12-28,24,633,24,289
1974-12-29,587,587,587,587
1974-12-30,400,469,95,326
1974-12-31,697,697,308,510
1975-01-01,583,583,534,534
1975-01-02,115,977,115,620
1975-01-03,404,404,404,404
1975-01-04,736,736,281,369
1975-01-05,721,721,380,622
1975-01-06,667,667,572,637
1975-01-07,732,732,732,732
1975-01-08,55,102,55,68
1975-01-09,628,628,249,302
1975-01-10,451,479,451,478
1975-01-11,963,963,570,833
1975-01-12,258,258,258,258
1975-01-13,639,639,50,277
1975-01-14,188,188,188,188
1975-01-15,630,702,523,698
1975-01-16,931,931,726,837
1975-01-17,554,554,50,298
1975-01-18,978,978,103,834
1975-01-19,786,846,10,109
1975-01-20,444,444,444,444
1975-01-21,408,956,408,727
1975-01-22,459,459,459,459
1975-01-23,144,555,144,201
1975-01-24,103,103,26,86
1975-01-25,541,985,78,148
1975-01-26,788,870,625,840
1975-01-27,854,854,288,816
1975-01-28,923,923,799,917
1975-01-29,957,957,743,817
1975-01-30,311,881,311,842
1975-01-31,375,528,375,518
1975-02-01,150,831,150,154
1975-02-02,975,975,519,785
1975-02-03,696,696,623,645
1975-02-04,54,380,54,329
1975-02-05,25,178,25,59
1975-02-06,782,782,263,337
1975-02-07,23,88,23,53
1975-02-08,481,536,343,398
1975-02-09,666,666,666,666
1975-02-10,98,282,98,144
1975-02-11,533,814,180,263
1975-02-12,652,652,652,652
1975-02-13,471,735,304,468
1975-02-14,940,940,911,940
1975-02-15,771,771,46,741
1975-02-16,653,653,653,653
1975-02-17,745,745,745,745
1975-02-18,950,950,39,367
1975-02-19,911,911,620,715
1975-02-20,161,215,161,195
1975-02-21,598,598,598,598
1975-02-22,334,334,334,334
1975-02-23,573,788,115,236
1975-02-24,529,529,21,182
1975-02-25,616,898,616,681
1975-02-26,351,815,351,580
1975-02-27,123,666,123,597
1975-02-28,191,571,191,443
1975-03-01,185,641,185,289
1975-03-02,931,931,314,405
1975-03-03,202,202,202,202
1975-03-04,214,841,214,639
1975-03-05,654,654,654,654
1975-03-06,739,970,735,937
1975-03-07,794,794,527,784
1975-03-08,87,917,87,236
1975-03-09,140,366,140,164
1975-03-10,860,860,633,719
1975-03-11,830,830,825,829
1975-03-12,874,874,62,568
1975-03-13,261,337,174,194
1975-03-14,553,553,553,553
1975-03-15,688,688,517,659
1975-03-16,856,856,423,555
1975-03-17,482,482,482,482
1975-03-18,82,645,82,281
1975-03-19,263,263,263,263
1975-03-20,136,826,136,362
1975-03-21,549,549,549,549
1975-03-22,810,810,402,471
1975-03-23,892,892,590,735
1975-03-24,838,838,685,711
1975-03-25,56,866,56,628
1975-03-26,109,650,109,413
1975-03-27,265,525,265,458
1975-03-28,952,952,723,833
1975-03-29,588,588,588,588
1975-03-30,562,562,7,162
1975-03-31,263,494,263,327
1975-04-01,934,934,612,721
1975-04-02,517,517,36,385
1975-04-03,90,90,90,90
1975-04-04,960,960,612,628
1975-04-05,185,738,185,522
1975-04-06,753,883,591,657
1975-04-07,584,992,584,664
1975-04-08,524,628,524,587
1975-04-09,784,784,29,235
1975-04-10,713,713,261,358
1975-04-11,342,683,342,626
1975-04-12,726,726,726,726
1975-04-13,572,572,572,572
1975-04-14,537,683,537,585
1975-04-15,175,547,175,328
1975-04-16,311,311,311,311
1975-04-17,809,809,451,609
1975-04-18,945,945,286,372
1975-04-19,981,981,698,774
1975-04-20,589,653,268,325
1975-04-21,91,218,91,116
1975-04-22,643,643,255,582
1975-04-23,539,817,539,802
1975-04-24,562,562,236,247
1975-04-25,663,663,582,640
1975-04-26,811,811,313,414
1975-04-27,246,366,246,276
1975-04-28,409,646,409,560
1975-04-29,250,283,138,235
1975-04-30,792,792,14,637
1975-05-01,792,792,792,792
1975-05-02,327,381,139,278
1975-05-03,850,850,842,843
1975-05-04,22,112,22,105
1975-05-05,541,541,541,541
1975-05-06,550,550,550,550
1975-05-07,567,874,567,624
1975-05-08,686,942,686,794
1975-05-09,393,393,393,393
1975-05-10,220,280,220,248
1975-05-11,351,351,351,351
1975-05-12,128,275,128,226
1975-05-13,93,224,93,210
1975-05-14,795,795,200,497
1975-05-15,260,260,260,260
1975-05-16,994,994,29,742
1975-05-17,302,302,302,302
1975-05-18,787,814,787,795
1975-05-19,726,726,726,726
1975-05-20,999,999,96,671
1975-05-21,825,825,210,640
1975-05-22,355,772,355,668
1975-05-23,267,994,267,714
1975-05-24,610,917,394,770
1975-05-25,701,701,301,621
1975-05-26,826,826,722,821
1975-05-27,284,351,284,328
1975-05-28,605,763,605,703
1975-05-29,141,540,141,194
1975-05-30,527,527,271,410
1975-05-31,698,698,185,641
1975-06-01,557,557,557,557
1975-06-02,297,533,297,440
1975-06-03,710,710,574,673
1975-06-04,884,884,806,847
1975-06-05,924,924,22,446
1975-06-06,440,626,240,326
1975-06-07,639,714,258,525
1975-06-08,324,658,209,476
1975-06-09,878,878,423,726
1975-06-10,142,362,142,194
1975-06-11,440,535,440,490
1975-06-12,680,680,435,441
1975-06-13,582,582,582,582
1975-06-14,97,678,97,648
1975-06-15,77,381,77,142
1975-06-16,8,456,8,62
1975-06-17,800,800,134,745
1975-06-18,637,686,633,674
1975-06-19,239,239,63,153
1975-06-20,254,254,254,254
1975-06-21,121,641,121,301
1975-06-22,534,534,534,534
1975-06-23,388,388,116,149
1975-06-24,564,564,564,564
1975-06-25,535,890,340,423
1975-06-26,312,852,312,385
1975-06-27,174,174,174,174
1975-06-28,89,89,89,89
1975-06-29,963,963,676,718
1975-06-30,508,508,41,234
1975-07-01,58,587,58,83
1975-07-02,214,278,214,223
1975-07-03,665,665,665,665
1975-07-04,952,952,865,933
1975-07-05,947,980,663,946
1975-07-06,803,803,417,800
1975-07-07,168,621,49,505
1975-07-08,424,928,289,544
1975-07-09,194,742,194,256
1975-07-10,975,975,815,854
1975-07-11,127,337,127,168
1975-07-12,118,284,118,171
1975-07-13,274,514,274,328
1975-07-14,31,544,31,400
1975-07-15,20,85,20,38
1975-07-16,955,955,215,693
1975-07-17,111,948,111,138
1975-07-18,712,712,58,435
1975-07-19,823,823,27,492
1975-07-20,991,991,699,925
1975-07-21,3,975,3,19
1975-07-22,857,857,714,765
1975-07-23,424,975,269,846
1975-07-24,766,766,43,63
1975-07-25,767,767,767,767
1975-07-26,652,944,652,773
1975-07-27,305,363,305,305
1975-07-28,157,231,157,163
1975-07-29,579,835,579,730
1975-07-30,278,558,278,455
1975-07-31,167,727,167,640
1975-08-01,890,890,116,139
1975-08-02,254,890,254,529
1975-08-03,994,994,793,793
1975-08-04,449,449,449,449
1975-08-05,354,910,348,691
1975-08-06,621,621,621,621
1975-08-07,65,912,65,675
1975-08-08,790,790,717,771
1975-08-09,878,878,497,826
1975-08-10,585,969,585,593
1975-08-11,171,203,171,182
1975-08-12,20,880,20,679
1975-08-13,53,291,53,91
1975-08-14,438,921,438,735
1975-08-15,567,650,499,524
1975-08-16,491,491,491,491
1975-08-17,294,338,294,316
1975-08-18,434,581,13,391
1975-08-19,751,876,751,793
1975-08-20,246,246,246,246
1975-08-21,772,772,772,772
1975-08-22,515,634,374,391
1975-08-23,218,420,218,414
1975-08-24,232,232,232,232
1975-08-25,226,955,226,920
1975-08-26,857,857,539,594
1975-08-27,293,788,293,293
1975-08-28,512,512,512,512
1975-08-29,853,853,265,411
1975-08-30,424,424,424,424
1975-08-31,623,623,376,502
1975-09-01,0,202,0,51
1975-09-02,45,846,45,365
1975-09-03,406,899,406,476
1975-09-04,112,770,91,624
1975-09-05,18,717,18,252
1975-09-06,228,228,228,228
1975-09-07,584,584,584,584
1975-09-08,304,304,304,304
1975-09-09,474,474,474,474
1975-09-10,774,774,590,706
1975-09-11,62,62,62,62
1975-09-12,155,396,155,232
1975-09-13,192,192,192,192
1975-09-14,747,747,360,678
1975-09-15,127,911,127,399
1975-09-16,262,262,262,262
1975-09-17,59,201,59,189
1975-09-18,223,223,223,223
1975-09-19,617,825,617,770
1975-09-20,369,369,369,369
1975-09-21,840,980,185,974
1975-09-22,544,544,474,512
1975-09-23,334,334,36,59
1975-09-24,411,736,333,498
1975-09-25,552,853,552,799
1975-09-26,941,941,731,841
1975-09-27,581,581,581,581
1975-09-28,208,208,208,208
1975-09-29,498,579,498,510
1975-09-30,16,634,16,445
1975-10-01,493,566,92,387
1975-10-02,532,532,403,418
1975-10-03,586,781,11,619
1975-10-04,941,941,655,767
1975-10-05,942,942,140,419
1975-10-06,115,788,69,158
1975-10-07,724,724,211,364
1975-10-08,563,760,414,527
1975-10-09,325,325,325,325
1975-10-10,322,436,322,336
1975-10-11,206,206,206,206
1975-10-12,186,186,186,186
1975-10-13,322,921,322,761
1975-10-14,102,102,102,102
1975-10-15,273,273,148,271
1975-10-16,532,630,281,451
1975-10-17,453,453,453,453
1975-10-18,261,680,261,529
1975-10-19,430,600,430,572
1975-10-20,5,139,5,42
1975-10-21,451,585,451,485
1975-10-22,237,909,237,761
1975-10-23,986,986,170,285
1975-10-24,818,818,205,566
1975-10-25,489,851,489,738
1975-10-26,216,216,216,216
1975-10-27,188,843,188,749
1975-10-28,950,950,235,495
1975-10-29,967,967,775,936
1975-10-30,548,548,395,422
1975-10-31,203,509,203,279
1975-11-01,871,871,82,582
1975-11-02,906,906,718,844
1975-11-03,964,964,485,561
1975-11-04,302,754,302,387
1975-11-05,63,969,63,794
1975-11-06,757,955,78,646
1975-11-07,607,607,607,607
1975-11-08,385,947,280,795
1975-11-09,348,903,241,824
1975-11-10,387,387,387,387
1975-11-11,823,823,503,709
1975-11-12,725,725,318,345
1975-11-13,353,353,120,299
1975-11-14,625,772,625,758
1975-11-15,145,216,44,167
1975-11-16,569,614,569,591
1975-11-17,701,701,328,344
1975-11-18,764,764,162,217
1975-11-19,124,420,115,121
1975-11-20,260,729,260,261
1975-11-21,160,160,160,160
1975-11-22,166,591,166,328
1975-11-23,500,500,500,500
1975-11-24,561,561,561,561
1975-11-25,515,515,515,515
1975-11-26,878,878,878,878
1975-11-27,43,793,43,666
1975-11-28,67,588,43,527
1975-11-29,835,835,12,405
1975-11-30,597,597,16,31
1975-12-01,146,146,146,146
1975-12-02,61,61,61,61
1975-12-03,177,851,177,364
1975-12-04,833,833,162,247
1975-12-05,340,631,340,521
1975-12-06,10,542,10,473
1975-12-07,431,887,431,695
1975-12-08,446,446,446,446
1975-12-09,70,70,70,70
1975-12-10,196,245,196,228
1975-12-11,842,842,21,343
1975-12-12,194,331,194,293
1975-12-13,560,831,181,462
1975-12-14,365,479,291,316
1975-12-15,319,319,319,319
1975-12-16,714,714,227,379
1975-12-17,267,445,267,432
1975-12-18,755,755,655,706
1975-12-19,30,414,30,116
1975-12-20,948,948,678,784
1975-12-21,267,385,267,351
1975-12-22,19,502,19,329
1975-12-23,893,893,650,852
1975-12-24,53,381,53,161
1975-12-25,813,813,294,670
1975-12-26,328,494,328,376
1975-12-27,559,636,54,301
1975-12-28,976,976,832,853
1975-12-29,562,563,485,536
1975-12-30,174,955,174,179
1975-12-31,713,713,104,216
1976-01-01,925,925,749,813
1976-01-02,488,488,373,436
1976-01-03,87,172,87,141
1976-01-04,838,838,759,816
1976-01-05,514,514,514,514
1976-01-06,421,485,421,424
1976-01-07,826,826,787,806
1976-01-08,819,819,404,601
1976-01-09,978,978,637,866
1976-01-10,992,992,214,311
1976-01-11,676,733,607,724
1976-01-12,408,514,408,469
1976-01-13,102,948,102,569
1976-01-14,220,220,220,220
1976-01-15,662,972,662,867
1976-01-16,324,828,324,782
1976-01-17,678,678,445,657
1976-01-18,783,783,291,700
1976-01-19,494,494,494,494
1976-01-20,15,134,15,69
1976-01-21,756,756,318,437
1976-01-22,759,759,639,741
1976-01-23,607,607,481,578
1976-01-24,757,757,757,757
1976-01-25,358,358,107,224
1976-01-26,771,771,193,409
1976-01-27,400,400,400,400
1976-01-28,626,873,598,660
1976-01-29,490,490,212,441
1976-01-30,110,804,110,196
1976-01-31,56,383,56,186
1976-02-01,825,959,445,929
1976-02-02,103,501,103,176
1976-02-03,797,797,72,438
1976-02-04,185,418,185,276
1976-02-05,309,540,309,316
1976-02-06,518,518,518,518
1976-02-07,397,587,397,404
1976-02-08,568,568,568,568
1976-02-09,438,960,260,565
1976-02-10,767,767,352,679
1976-02-11,904,914,192,575
1976-02-12,52,610,52,582
1976-02-13,639,639,77,349
1976-02-14,864,864,415,508
1976-02-15,585,585,59,66
1976-02-16,210,683,210,422
1976-02-17,703,703,611,683
1976-02-18,179,392,179,369
1976-02-19,900,955,605,659
1976-02-20,919,919,602,874
1976-02-21,851,851,851,851
1976-02-22,258,258,258,258
1976-02-23,768,800,456,656
1976-02-24,454,454,234,366
1976-02-25,585,585,161,523
1976-02-26,591,591,568,584
1976-02-27,113,322,113,239
1976-02-28,323,323,323,323
1976-02-29,942,942,942,942
1976-03-01,960,960,877,908
1976-03-02,884,926,860,884
1976-03-03,428,428,276,361
1976-03-04,723,723,303,651
1976-03-05,776,873,422,742
1976-03-06,929,929,838,884
1976-03-07,709,709,450,644
1976-03-08,953,953,481,770
1976-03-09,466,553,295,470
1976-03-10,585,593,84,563
1976-03-11,872,872,532,848
1976-03-12,507,943,224,726
1976-03-13,366,782,192,376
1976-03-14,210,210,210,210
1976-03-15,450,450,450,450
1976-03-16,696,696,696,696
1976-03-17,126,144,126,130
1976-03-18,667,667,667,667
1976-03-19,959,959,711,799
1976-03-20,121,618,121,531
1976-03-21,955,955,444,521
1976-03-22,167,771,167,583
1976-03-23,94,727,94,221
1976-03-24,303,758,303,686
1976-03-25,806,806,806,806
1976-03-26,662,662,302,511
1976-03-27,697,918,554,662
1976-03-28,475,844,475,709
1976-03-29,970,970,940,951
1976-03-30,326,798,14,180
1976-03-31,699,699,611,651
1976-04-01,668,682,9,628
1976-04-02,487,487,205,462
1976-04-03,436,436,282,354
1976-04-04,331,865,186,493
1976-04-05,314,314,181,206
1976-04-06,775,839,503,632
1976-04-07,739,739,739,739
1976-04-08,261,261,261,261
1976-04-09,553,553,553,553
1976-04-10,798,798,334,537
1976-04-11,100,707,34,316
1976-04-12,177,486,177,285
1976-04-13,396,396,396,396
1976-04-14,922,922,916,922
1976-04-15,753,753,753,753
1976-04-16,409,628,409,521
1976-04-17,369,369,369,369
1976-04-18,916,916,385,748
1976-04-19,306,864,306,772
1976-04-20,971,971,848,858
1976-04-21,506,941,335,642
1976-04-22,668,668,227,660
1976-04-23,480,480,480,480
1976-04-24,5,843,5,832
1976-04-25,144,819,144,779
1976-04-26,396,819,396,770
1976-04-27,755,755,155,680
1976-04-28,652,652,652,652
1976-04-29,458,458,458,458
1976-04-30,321,321,321,321
1976-05-01,780,780,380,511
1976-05-02,112,944,112,836
1976-05-03,134,438,134,281
1976-05-04,537,882,362,802
1976-05-05,433,925,255,873
1976-05-06,56,683,56,362
1976-05-07,790,790,542,688
1976-05-08,868,868,597,638
1976-05-09,375,895,375,715
1976-05-10,579,716,243,553
1976-05-11,759,759,542,732
1976-05-12,238,935,238,670
1976-05-13,205,963,84,671
1976-05-14,635,764,531,749
1976-05-15,258,258,227,228
1976-05-16,362,362,362,362
1976-05-17,873,873,735,787
1976-05-18,917,917,421,889
1976-05-19,450,919,107,896
1976-05-20,661,922,661,817
1976-05-21,28,625,28,164
1976-05-22,315,673,315,570
1976-05-23,222,715,222,377
1976-05-24,740,740,21,334
1976-05-25,75,513,75,265
1976-05-26,530,530,451,525
1976-05-27,73,935,73,864
1976-05-28,754,754,754,754
1976-05-29,546,892,159,308
1976-05-30,306,388,306,386
1976-05-31,584,584,379,522
1976-06-01,406,849,0,318
1976-06-02,903,903,903,903
1976-06-03,52,635,52,623
1976-06-04,989,989,373,800
1976-06-05,314,683,314,513
1976-06-06,95,802,95,435
1976-06-07,989,989,308,762
1976-06-08,521,830,521,691
1976-06-09,544,544,388,398
1976-06-10,660,660,660,660
1976-06-11,130,852,130,442
1976-06-12,253,253,253,253
1976-06-13,134,917,134,592
1976-06-14,683,683,118,302
1976-06-15,983,983,250,861
1976-06-16,413,413,189,397
1976-06-17,927,927,489,530
1976-06-18,855,855,844,850
1976-06-19,277,296,277,288
1976-06-20,525,937,134,674
1976-06-21,144,144,144,144
1976-06-22,327,571,327,504
1976-06-23,871,871,754,809
1976-06-24,945,945,611,774
1976-06-25,870,870,870,870
1976-06-26,156,156,156,156
1976-06-27,28,922,28,622
1976-06-28,707,707,694,694
1976-06-29,313,313,313,313
1976-06-30,736,784,250,507
1976-07-01,925,966,469,645
1976-07-02,595,595,201,437
1976-07-03,591,591,373,375
1976-07-04,844,844,642,770
1976-07-05,686,686,401,465
1976-07-06,73,292,73,259
1976-07-07,780,780,780,780
1976-07-08,4,587,4,272
1976-07-09,501,501,11,207
1976-07-10,228,757,228,246
1976-07-11,359,359,218,352
1976-07-12,713,713,184,276
1976-07-13,563,581,563,566
1976-07-14,902,902,704,742
1976-07-15,608,608,608,608
1976-07-16,585,585,246,516
1976-07-17,838,843,838,842
1976-07-18,568,568,386,454
1976-07-19,978,978,229,757
1976-07-20,670,670,294,576
1976-07-21,984,984,268,676
1976-07-22,795,795,795,795
1976-07-23,981,981,369,863
1976-07-24,481,481,481,481
1976-07-25,726,726,592,661
1976-07-26,683,683,683,683
1976-07-27,376,376,376,376
1976-07-28,628,628,628,628
1976-07-29,439,860,439,669
1976-07-30,541,541,142,534
1976-07-31,146,311,146,163
1976-08-01,619,920,177,719
1976-08-02,775,775,368,440
1976-08-03,402,483,218,222
1976-08-04,808,808,139,142
1976-08-05,94,539,94,534
1976-08-06,656,656,656,656
1976-08-07,309,776,309,755
1976-08-08,36,755,36,193
1976-08-09,723,756,19,281
1976-08-10,275,346,275,338
1976-08-11,980,980,685,895
1976-08-12,759,769,759,761
1976-08-13,984,984,441,446
1976-08-14,770,770,724,746
1976-08-15,858,858,834,851
1976-08-16,503,503,503,503
1976-08-17,708,708,494,572
1976-08-18,746,746,746,746
1976-08-19,465,991,272,317
1976-08-20,421,421,421,421
1976-08-21,671,671,671,671
1976-08-22,50,743,50,424
1976-08-23,48,48,48,48
1976-08-24,717,717,18,81
1976-08-25,719,719,719,719
1976-08-26,563,791,563,566
1976-08-27,114,637,114,321
1976-08-28,739,779,49,215
1976-08-29,928,955,372,791
1976-08-30,699,699,454,497
1976-08-31,207,315,53,98
1976-09-01,2,127,2,58
1976-09-02,206,659,206,641
1976-09-03,11,576,11,313
1976-09-04,86,234,86,152
1976-09-05,187,850,187,563
1976-09-06,263,263,263,263
1976-09-07,658,658,85,188
1976-09-08,320,624,112,266
1976-09-09,752,793,752,766
1976-09-10,136,922,136,701
1976-09-11,955,955,725,728
1976-09-12,799,799,67,708
1976-09-13,349,530,349,356
1976-09-14,506,920,343,715
1976-09-15,769,769,574,594
1976-09-16,130,920,130,172
1976-09-17,681,681,175,533
1976-09-18,736,736,536,549
1976-09-19,486,486,486,486
1976-09-20,153,153,153,153
1976-09-21,438,438,327,350
1976-09-22,932,932,932,932
1976-09-23,64,840,64,85
1976-09-24,93,93,93,93
1976-09-25,707,707,86,242
1976-09-26,870,870,611,861
1976-09-27,768,768,236,678
1976-09-28,37,657,14,109
1976-09-29,261,539,261,453
1976-09-30,943,943,342,683
1976-10-01,705,765,311,521
1976-10-02,735,906,48,199
1976-10-03,931,931,470,509
1976-10-04,305,395,305,326
1976-10-05,748,748,748,748
1976-10-06,643,643,643,643
1976-10-07,478,478,61,209
1976-10-08,341,742,23,146
1976-10-09,454,454,454,454
1976-10-10,519,650,488,522
1976-10-11,729,729,673,680
1976-10-12,704,957,288,338
1976-10-13,818,818,420,695
1976-10-14,914,914,892,899
1976-10-15,350,350,350,350
1976-10-16,569,569,36,74
1976-10-17,93,204,43,154
1976-10-18,64,603,64,598
1976-10-19,942,942,470,875
1976-10-20,395,395,395,395
1976-10-21,3,920,3,446
1976-10-22,180,371,180,358
1976-10-23,524,635,363,592
1976-10-24,562,562,98,236
1976-10-25,689,689,689,689
1976-10-26,388,667,57,191
1976-10-27,678,678,553,628
1976-10-28,312,866,312,347
1976-10-29,31,706,31,334
1976-10-30,402,642,402,598
1976-10-31,560,851,560,648
1976-11-01,274,839,274,363
1976-11-02,319,983,319,463
1976-11-03,337,781,78,508
1976-11-04,57,553,57,148
1976-11-05,822,822,791,792
1976-11-06,958,958,385,437
1976-11-07,399,919,399,848
1976-11-08,608,878,366,494
1976-11-09,762,762,590,637
1976-11-10,779,779,248,719
1976-11-11,165,963,4,908
1976-11-12,695,695,695,695
1976-11-13,260,514,260,303
1976-11-14,123,291,73,263
1976-11-15,604,604,220,604
1976-11-16,247,430,247,255
1976-11-17,271,837,271,783
1976-11-18,164,811,164,772
1976-11-19,916,916,44,755
1976-11-20,730,730,730,730
1976-11-21,357,379,302,302
1976-11-22,610,610,270,498
1976-11-23,337,397,337,348
1976-11-24,96,802,96,611
1976-11-25,810,810,286,368
1976-11-26,422,436,343,411
1976-11-27,317,607,317,322
1976-11-28,483,483,380,444
1976-11-29,885,885,670,808
1976-11-30,756,756,380,535
1976-12-01,864,864,342,770
1976-12-02,833,833,148,362
1976-12-03,471,753,328,649
1976-12-04,443,443,443,443
1976-12-05,181,955,169,349
1976-12-06,516,631,516,554
1976-12-07,895,895,839,861
1976-12-08,665,665,501,663
1976-12-09,835,835,761,833
1976-12-10,699,878,133,687
1976-12-11,922,922,216,828
1976-12-12,786,786,432,665
1976-12-13,75,247,75,145
1976-12-14,848,914,715,806
1976-12-15,647,901,398,647
1976-12-16,126,598,126,491
1976-12-17,568,568,35,244
1976-12-18,597,597,289,393
1976-12-19,696,943,638,784
1976-12-20,561,882,426,826
1976-12-21,295,893,295,548
1976-12-22,304,685,304,624
1976-12-23,4,768,4,114
1976-12-24,13,546,13,111
1976-12-25,616,616,334,598
1976-12-26,7,52,7,9
1976-12-27,151,189,151,172
1976-12-28,67,89,67,82
1976-12-29,973,973,206,846
1976-12-30,955,955,489,940
1976-12-31,680,680,680,680
1977-01-01,696,696,696,696
1977-01-02,888,888,704,863
1977-01-03,455,455,4,393
1977-01-04,195,984,195,708
1977-01-05,719,719,129,640
1977-01-06,983,983,302,850
1977-01-07,993,993,542,659
1977-01-08,263,263,263,263
1977-01-09,70,997,70,727
1977-01-10,617,648,617,648
1977-01-11,439,439,439,439
1977-01-12,448,448,228,284
1977-01-13,716,781,716,723
1977-01-14,676,676,108,647
1977-01-15,293,293,293,293
1977-01-16,62,75,62,73
1977-01-17,761,827,436,544
1977-01-18,324,894,324,683
1977-01-19,375,456,375,379
1977-01-20,313,433,313,390
1977-01-21,74,101,74,88
1977-01-22,92,92,92,92
1977-01-23,679,679,86,403
1977-01-24,244,871,244,513
1977-01-25,701,701,566,623
1977-01-26,524,524,524,524
1977-01-27,448,448,448,448
1977-01-28,611,902,412,611
1977-01-29,80,80,80,80
1977-01-30,309,799,309,740
1977-01-31,784,876,507,803
1977-02-01,19,871,19,395
1977-02-02,25,890,25,240
1977-02-03,627,752,258,571
1977-02-04,663,673,479,670
1977-02-05,500,649,500,616
1977-02-06,452,883,452,829
1977-02-07,404,404,404,404
1977-02-08,47,591,47,189
1977-02-09,864,864,414,761
1977-02-10,650,650,341,404
1977-02-11,830,830,215,507
1977-02-12,739,739,330,407
1977-02-13,743,926,743,918
1977-02-14,982,982,694,951
1977-02-15,29,768,29,363
1977-02-16,477,477,130,473
1977-02-17,882,917,385,648
1977-02-18,777,777,195,655
1977-02-19,311,311,311,311
1977-02-20,715,715,310,336
1977-02-21,237,237,237,237
1977-02-22,78,969,78,782
1977-02-23,7,150,7,17
1977-02-24,568,584,568,576
1977-02-25,700,700,122,559
1977-02-26,601,698,601,626
1977-02-27,734,734,352,395
1977-02-28,958,958,213,822
1977-03-01,471,471,471,471
1977-03-02,461,831,461,555
1977-03-03,918,918,661,852
1977-03-04,512,512,512,512
1977-03-05,817,817,670,728
1977-03-06,316,620,316,463
1977-03-07,453,453,453,453
1977-03-08,408,408,408,408
1977-03-09,567,567,8,252
1977-03-10,774,774,774,774
1977-03-11,576,613,451,556
1977-03-12,974,974,251,265
1977-03-13,796,796,736,749
1977-03-14,662,662,274,349
1977-03-15,305,305,129,185
1977-03-16,113,967,113,143
1977-03-17,398,398,398,398
1977-03-18,341,512,341,343
1977-03-19,382,382,284,284
1977-03-20,46,512,46,200
1977-03-21,900,900,900,900
1977-03-22,698,698,407,624
1977-03-23,239,580,36,453
1977-03-24,381,381,358,376
1977-03-25,500,500,278,495
1977-03-26,300,682,300,305
1977-03-27,807,807,4,661
1977-03-28,470,698,470,663
1977-03-29,189,251,189,192
1977-03-30,982,982,98,385
1977-03-31,577,737,19,323
1977-04-01,184,459,184,300
1977-04-02,613,725,613,633
1977-04-03,293,838,282,380
1977-04-04,512,766,512,665
1977-04-05,573,922,573,831
1977-04-06,169,946,169,580
1977-04-07,166,483,166,416
1977-04-08,663,935,590,705
1977-04-09,506,506,506,506
1977-04-10,760,805,760,765
1977-04-11,628,628,489,550
1977-04-12,517,517,517,517
1977-04-13,993,993,664,910
1977-04-14,118,154,118,124
1977-04-15,65,842,65,113
1977-04-16,418,418,418,418
1977-04-17,399,399,399,399
1977-04-18,2,907,2,805
1977-04-19,308,393,308,336
1977-04-20,276,896,276,429
1977-04-21,443,847,95,167
1977-04-22,589,589,94,239
1977-04-23,637,637,214,541
1977-04-24,615,656,599,609
1977-04-25,34,896,34,600
1977-04-26,841,841,571,743
1977-04-27,321,321,321,321
1977-04-28,526,526,119,307
1977-04-29,197,532,197,280
1977-04-30,111,498,111,121
1977-05-01,516,516,516,516
1977-05-02,592,708,542,601
1977-05-03,63,573,56,423
1977-05-04,309,412,309,399
1977-05-05,920,920,568,627
1977-05-06,242,704,242,384
1977-05-07,808,808,271,485
1977-05-08,789,789,492,713
1977-05-09,931,945,376,710
1977-05-10,109,932,109,578
1977-05-11,648,648,220,258
1977-05-12,539,613,208,537
1977-05-13,822,822,428,720
1977-05-14,936,936,303,752
1977-05-15,178,758,178,492
1977-05-16,716,875,716,792
1977-05-17,581,581,59,230
1977-05-18,323,690,129,476
1977-05-19,688,979,131,587
1977-05-20,859,859,346,490
1977-05-21,719,719,719,719
1977-05-22,673,673,218,352
1977-05-23,566,566,220,560
1977-05-24,385,385,42,142
1977-05-25,84,332,84,218
1977-05-26,265,827,265,651
1977-05-27,302,547,302,483
1977-05-28,286,375,114,181
1977-05-29,350,998,111,158
1977-05-30,238,983,238,624
1977-05-31,621,797,621,660
1977-06-01,759,759,556,594
1977-06-02,724,867,724,762
1977-06-03,484,484,424,431
1977-06-04,869,869,731,739
1977-06-05,604,604,565,591
1977-06-06,153,626,153,262
1977-06-07,695,988,303,370
1977-06-08,34,721,34,665
1977-06-09,529,529,529,529
1977-06-10,154,154,154,154
1977-06-11,375,781,375,504
1977-06-12,516,516,401,474
1977-06-13,844,844,192,480
1977-06-14,32,586,32,455
1977-06-15,408,408,408,408
1977-06-16,845,845,845,845
1977-06-17,847,847,476,540
1977-06-18,163,396,163,360
1977-06-19,895,895,355,709
1977-06-20,459,459,459,459
1977-06-21,110,200,110,170
1977-06-22,164,629,164,419
1977-06-23,899,899,248,304
1977-06-24,102,102,102,102
1977-06-25,963,963,347,402
1977-06-26,975,975,332,924
1977-06-27,4,4,4,4
1977-06-28,877,877,877,877
1977-06-29,794,794,354,409
1977-06-30,819,819,187,203
1977-07-01,203,880,203,285
1977-07-02,53,794,53,72
1977-07-03,399,399,399,399
1977-07-04,126,509,126,441
1977-07-05,581,924,409,664
1977-07-06,949,949,771,917
1977-07-07,190,190,190,190
1977-07-08,296,602,64,76
1977-07-09,788,788,696,741
1977-07-10,728,728,542,562
1977-07-11,310,310,310,310
1977-07-12,820,820,677,749
1977-07-13,667,667,667,667
1977-07-14,244,325,244,277
1977-07-15,12,278,12,91
1977-07-16,69,174,69,114
1977-07-17,32,904,32,146
1977-07-18,926,926,78,551
1977-07-19,373,373,165,244
1977-07-20,94,94,94,94
1977-07-21,162,880,162,551
1977-07-22,461,461,461,461
1977-07-23,714,714,176,365
1977-07-24,816,899,406,581
1977-07-25,421,421,163,338
1977-07-26,699,730,699,713
1977-07-27,733,875,541,755
1977-07-28,415,891,351,773
1977-07-29,66,715,66,618
1977-07-30,725,725,400,543
1977-07-31,218,410,218,343
1977-08-01,459,459,307,316
1977-08-02,606,606,379,453
1977-08-03,978,978,968,971
1977-08-04,944,944,66,368
1977-08-05,294,294,294,294
1977-08-06,751,751,751,751
1977-08-07,13,853,13,595
1977-08-08,567,984,567,572
1977-08-09,692,692,692,692
1977-08-10,27,592,27,561
1977-08-11,703,703,703,703
1977-08-12,825,825,54,283
1977-08-13,407,407,407,407
1977-08-14,591,591,187,353
1977-08-15,810,810,778,781
1977-08-16,751,751,751,751
1977-08-17,845,845,589,738
1977-08-18,884,884,452,817
1977-08-19,705,705,55,449
1977-08-20,429,429,429,429
1977-08-21,465,465,465,465
1977-08-22,515,515,495,506
1977-08-23,732,732,131,452
1977-08-24,73,537,73,139
1977-08-25,176,176,176,176
1977-08-26,410,815,279,678
1977-08-27,432,499,432,442
1977-08-28,104,888,104,503
1977-08-29,831,831,831,831
1977-08-30,788,788,49,155
1977-08-31,737,737,378,439
1977-09-01,395,395,62,275
1977-09-02,725,725,688,699
1977-09-03,745,745,745,745
1977-09-04,902,902,26,262
1977-09-05,582,582,567,570
1977-09-06,965,965,965,965
1977-09-07,995,995,766,972
1977-09-08,839,839,570,667
1977-09-09,305,953,305,709
1977-09-10,317,781,69,668
1977-09-11,813,908,813,894
1977-09-12,233,915,233,289
1977-09-13,766,921,766,782
1977-09-14,999,999,945,994
1977-09-15,874,874,416,785
1977-09-16,480,480,256,280
1977-09-17,821,821,213,237
1977-09-18,841,841,841,841
1977-09-19,80,988,80,847
1977-09-20,809,827,304,336
1977-09-21,877,877,379,571
1977-09-22,214,354,40,164
1977-09-23,749,825,196,461
1977-09-24,205,205,205,205
1977-09-25,879,879,879,879
1977-09-26,41,571,41,139
1977-09-27,724,724,570,661
1977-09-28,284,284,284,284
1977-09-29,427,702,134,284
1977-09-30,729,936,447,477
1977-10-01,997,997,597,958
1977-10-02,584,649,111,165
1977-10-03,615,807,615,777
1977-10-04,732,732,732,732
1977-10-05,501,501,434,455
1977-10-06,302,648,302,490
1977-10-07,672,816,392,700
1977-10-08,468,482,155,334
1977-10-09,161,161,161,161
1977-10-10,205,848,205,463
1977-10-11,576,576,259,514
1977-10-12,519,519,215,302
1977-10-13,890,890,228,775
1977-10-14,749,749,633,748
1977-10-15,563,950,304,741
1977-10-16,415,415,41,100
1977-10-17,126,126,126,126
1977-10-18,927,927,430,914
1977-10-19,511,781,81,588
1977-10-20,940,940,830,937
1977-10-21,830,851,249,688
1977-10-22,415,733,195,575
1977-10-23,859,859,499,814
1977-10-24,729,729,612,665
1977-10-25,433,433,433,433
1977-10-26,175,175,175,175
1977-10-27,906,906,27,27
1977-10-28,496,496,496,496
1977-10-29,800,800,555,597
1977-10-30,695,783,352,366
1977-10-31,293,293,293,293
1977-11-01,232,286,232,245
1977-11-02,566,566,295,467
1977-11-03,424,424,424,424
1977-11-04,545,545,36,367
1977-11-05,914,914,423,913
1977-11-06,29,239,29,104
1977-11-07,570,684,484,638
1977-11-08,81,397,81,327
1977-11-09,376,376,376,376
1977-11-10,177,671,177,417
1977-11-11,96,776,96,254
1977-11-12,959,959,202,595
1977-11-13,185,632,185,583
1977-11-14,67,67,67,67
1977-11-15,702,702,117,475
1977-11-16,576,576,144,553
1977-11-17,52,730,52,196
1977-11-18,478,478,478,478
1977-11-19,586,845,514,618
1977-11-20,107,901,107,547
1977-11-21,999,999,653,767
1977-11-22,562,562,111,123
1977-11-23,185,185,185,185
1977-11-24,16,796,16,367
1977-11-25,997,997,19,36
1977-11-26,762,762,762,762
1977-11-27,410,410,410,410
1977-11-28,59,956,59,394
1977-11-29,812,812,763,775
1977-11-30,648,648,580,584
1977-12-01,551,668,551,630
1977-12-02,780,780,780,780
1977-12-03,816,816,90,276
1977-12-04,405,411,405,411
1977-12-05,50,195,50,128
1977-12-06,715,715,715,715
1977-12-07,180,180,180,180
1977-12-08,878,878,576,779
1977-12-09,740,740,458,538
1977-12-10,581,679,69,628
1977-12-11,502,646,502,511
1977-12-12,839,839,157,439
1977-12-13,520,520,270,500
1977-12-14,627,627,12,449
1977-12-15,752,755,141,691
1977-12-16,588,588,39,316
1977-12-17,452,452,25,87
1977-12-18,560,560,558,558
1977-12-19,523,523,398,402
1977-12-20,116,151,116,117
1977-12-21,608,608,608,608
1977-12-22,317,317,317,317
1977-12-23,541,541,541,541
1977-12-24,481,832,119,453
1977-12-25,614,614,614,614
1977-12-26,28,952,28,320
1977-12-27,100,898,71,721
1977-12-28,669,699,70,685
1977-12-29,695,695,1,490
1977-12-30,457,457,457,457
1977-12-31,469,627,97,494
1978-01-01,254,254,254,254
1978-01-02,224,440,85,281
1978-01-03,205,930,205,652
1978-01-04,252,272,252,262
1978-01-05,309,987,309,884
1978-01-06,424,950,424,660
1978-01-07,231,893,231,738
1978-01-08,312,317,312,317
1978-01-09,248,248,248,248
1978-01-10,65,821,65,93
1978-01-11,986,986,170,235
1978-01-12,169,192,85,178
1978-01-13,947,947,705,808
1978-01-14,129,749,129,573
1978-01-15,247,658,247,503
1978-01-16,472,713,472,550
1978-01-17,319,319,319,319
1978-01-18,395,395,395,395
1978-01-19,30,674,30,387
1978-01-20,478,478,132,329
1978-01-21,900,913,223,380
1978-01-22,640,768,640,749
1978-01-23,681,708,582,619
1978-01-24,906,906,172,580
1978-01-25,614,807,460,552
1978-01-26,65,65,65,65
1978-01-27,396,944,396,783
1978-01-28,251,852,91,199
1978-01-29,515,816,163,580
1978-01-30,157,335,157,331
1978-01-31,378,378,352,370
1978-02-01,16,215,16,83
1978-02-02,286,417,286,356
1978-02-03,499,499,499,499
1978-02-04,459,567,459,554
1978-02-05,994,994,507,775
1978-02-06,323,323,166,287
1978-02-07,328,711,203,279
1978-02-08,50,283,50,220
1978-02-09,722,722,350,543
1978-02-10,110,847,110,272
1978-02-11,358,559,358,389
1978-02-12,304,651,304,433
1978-02-13,364,972,364,412
1978-02-14,278,378,278,338
1978-02-15,860,860,45,464
1978-02-16,724,724,521,617
1978-02-17,365,365,139,327
1978-02-18,772,816,474,639
1978-02-19,996,996,859,941
1978-02-20,626,626,626,626
1978-02-21,327,327,167,325
1978-02-22,817,817,771,781
1978-02-23,260,778,260,638
1978-02-24,731,993,716,785
1978-02-25,634,634,634,634
1978-02-26,197,442,197,394
1978-02-27,461,461,458,461
1978-02-28,753,753,209,606
1978-03-01,935,999,280,845
1978-03-02,412,417,250,416
1978-03-03,6,326,6,43
1978-03-04,359,381,166,183
1978-03-05,222,831,222,374
1978-03-06,610,893,610,701
1978-03-07,330,997,217,519
1978-03-08,427,427,427,427
1978-03-09,495,854,495,639
1978-03-10,629,629,629,629
1978-03-11,95,499,63,153
1978-03-12,261,899,261,781
1978-03-13,479,479,292,317
1978-03-14,529,835,203,676
1978-03-15,822,822,541,763
1978-03-16,326,326,268,290
1978-03-17,503,679,503,631
1978-03-18,365,365,365,365
1978-03-19,482,482,482,482
1978-03-20,632,632,267,631
1978-03-21,103,288,103,156
1978-03-22,19,146,19,121
1978-03-23,335,433,335,355
1978-03-24,582,582,582,582
1978-03-25,219,219,76,187
1978-03-26,493,493,493,493
1978-03-27,56,722,56,526
1978-03-28,244,572,120,156
1978-03-29,940,940,839,939
1978-03-30,191,239,191,221
1978-03-31,963,963,611,859
1978-04-01,9,866,9,690
1978-04-02,642,642,220,296
1978-04-03,974,974,848,904
1978-04-04,400,931,339,768
1978-04-05,143,949,143,796
1978-04-06,551,629,478,516
1978-04-07,519,922,88,776
1978-04-08,3,577,3,178
1978-04-09,484,484,484,484
1978-04-10,619,619,521,548
1978-04-11,361,884,361,554
1978-04-12,140,302,140,185
1978-04-13,454,454,454,454
1978-04-14,824,824,385,770
1978-04-15,149,502,149,491
1978-04-16,467,647,467,480
1978-04-17,498,528,337,453
1978-04-18,938,938,275,454
1978-04-19,147,930,147,226
1978-04-20,110,786,82,641
1978-04-21,959,959,576,816
1978-04-22,537,900,537,753
1978-04-23,152,191,152,166
1978-04-24,938,938,784,878
1978-04-25,368,860,17,215
1978-04-26,336,336,6,114
1978-04-27,812,971,284,875
1978-04-28,190,190,186,186
1978-04-29,358,358,101,241
1978-04-30,54,343,54,54
1978-05-01,559,567,558,560
1978-05-02,107,107,107,107
1978-05-03,119,411,119,128
1978-05-04,759,759,273,332
1978-05-05,435,435,435,435
1978-05-06,144,473,144,236
1978-05-07,516,983,185,722
1978-05-08,323,323,116,302
1978-05-09,497,967,291,567
1978-05-10,479,479,479,479
1978-05-11,670,670,236,406
1978-05-12,536,536,102,447
1978-05-13,362,762,362,690
1978-05-14,262,668,262,546
1978-05-15,944,944,944,944
1978-05-16,186,238,186,216
1978-05-17,832,832,225,326
1978-05-18,867,867,598,697
1978-05-19,163,677,163,526
1978-05-20,593,593,552,559
1978-05-21,306,568,306,407
1978-05-22,29,604,29,379
1978-05-23,115,115,115,115
1978-05-24,518,518,462,515
1978-05-25,505,505,82,502
1978-05-26,973,973,67,952
1978-05-27,371,371,371,371
1978-05-28,357,357,3,224
1978-05-29,285,322,285,294
1978-05-30,578,578,578,578
1978-05-31,680,680,495,498
1978-06-01,801,801,210,631
1978-06-02,647,647,531,534
1978-06-03,943,943,188,907
1978-06-04,502,502,502,502
1978-06-05,325,704,325,427
1978-06-06,938,938,214,919
1978-06-07,208,445,81,346
1978-06-08,320,594,320,425
1978-06-09,186,219,186,200
1978-06-10,30,626,30,495
1978-06-11,773,773,773,773
1978-06-12,9,311,9,295
1978-06-13,387,387,387,387
1978-06-14,850,850,52,329
1978-06-15,590,963,590,711
1978-06-16,39,39,39,39
1978-06-17,772,772,63,169
1978-06-18,602,602,602,602
1978-06-19,994,994,383,536
1978-06-20,5,353,5,315
1978-06-21,260,260,260,260
1978-06-22,404,404,404,404
1978-06-23,907,907,391,802
1978-06-24,10,849,10,820
1978-06-25,811,811,208,227
1978-06-26,320,328,82,179
1978-06-27,953,953,676,818
1978-06-28,33,511,33,265
1978-06-29,706,706,706,706
1978-06-30,40,850,40,402
1978-07-01,676,676,450,452
1978-07-02,265,524,265,439
1978-07-03,684,684,616,684
1978-07-04,891,891,208,666
1978-07-05,459,677,188,433
1978-07-06,747,747,323,722
1978-07-07,680,680,359,393
1978-07-08,461,993,292,949
1978-07-09,734,734,734,734
1978-07-10,188,627,188,350
1978-07-11,443,882,443,570
1978-07-12,900,900,473,517
1978-07-13,89,572,89,428
1978-07-14,307,974,307,749
1978-07-15,944,944,714,904
1978-07-16,936,936,704,877
1978-07-17,897,897,411,417
1978-07-18,982,982,289,907
1978-07-19,556,666,556,659
1978-07-20,380,380,380,380
1978-07-21,224,224,224,224
1978-07-22,482,482,482,482
1978-07-23,302,302,302,302
1978-07-24,641,641,106,234
1978-07-25,222,375,222,287
1978-07-26,108,242,108,176
1978-07-27,493,595,493,587
1978-07-28,683,683,683,683
1978-07-29,278,655,278,622
1978-07-30,736,736,430,559
1978-07-31,850,850,418,638
1978-08-01,757,757,173,311
1978-08-02,409,409,407,408
1978-08-03,594,891,447,542
1978-08-04,536,842,536,694
1978-08-05,413,413,413,413
1978-08-06,604,913,488,622
1978-08-07,832,832,832,832
1978-08-08,262,262,262,262
1978-08-09,317,317,176,221
1978-08-10,213,961,213,752
1978-08-11,199,860,34,425
1978-08-12,650,738,650,727
1978-08-13,73,289,73,178
1978-08-14,514,700,41,252
1978-08-15,230,230,230,230
1978-08-16,72,871,34,246
1978-08-17,467,467,355,396
1978-08-18,841,841,185,645
1978-08-19,388,871,388,532
1978-08-20,644,644,105,536
1978-08-21,138,288,138,162
1978-08-22,692,874,692,698
1978-08-23,954,954,948,949
1978-08-24,277,634,23,270
1978-08-25,714,979,714,714
1978-08-26,353,353,138,290
1978-08-27,831,831,688,765
1978-08-28,361,743,361,567
1978-08-29,748,748,747,748
1978-08-30,535,535,278,297
1978-08-31,591,591,264,489
1978-09-01,828,828,260,785
1978-09-02,959,959,866,913
1978-09-03,938,938,520,876
1978-09-04,163,163,163,163
1978-09-05,244,244,176,237
1978-09-06,901,901,73,218
1978-09-07,37,552,37,47
1978-09-08,238,238,238,238
1978-09-09,552,841,540,712
1978-09-10,606,644,18,62
1978-09-11,66,576,66,251
1978-09-12,895,895,654,893
1978-09-13,903,903,204,205
1978-09-14,990,994,774,859
1978-09-15,521,521,308,443
1978-09-16,478,478,368,429
1978-09-17,571,571,571,571
1978-09-18,487,767,487,667
1978-09-19,847,847,533,599
1978-09-20,160,160,160,160
1978-09-21,856,856,51,573
1978-09-22,926,926,926,926
1978-09-23,774,774,774,774
1978-09-24,451,451,451,451
1978-09-25,751,751,76,335
1978-09-26,708,708,648,683
1978-09-27,178,178,178,178
1978-09-28,933,933,213,833
1978-09-29,240,815,232,624
1978-09-30,684,684,130,309
1978-10-01,694,834,694,748
1978-10-02,395,921,122,587
1978-10-03,165,866,165,319
1978-10-04,979,979,247,423
1978-10-05,311,463,311,393
1978-10-06,795,795,451,503
1978-10-07,515,515,515,515
1978-10-08,689,689,213,412
1978-10-09,208,208,208,208
1978-10-10,830,830,259,572
1978-10-11,348,892,348,543
1978-10-12,575,575,43,426
1978-10-13,182,182,182,182
1978-10-14,749,749,344,662
1978-10-15,697,697,697,697
1978-10-16,837,837,453,584
1978-10-17,704,704,465,620
1978-10-18,594,907,594,893
1978-10-19,570,570,570,570
1978-10-20,46,935,46,515
1978-10-21,453,553,273,465
1978-10-22,848,848,110,541
1978-10-23,332,771,332,436
1978-10-24,837,837,583,836
1978-10-25,431,886,217,718
1978-10-26,890,981,667,832
1978-10-27,646,646,646,646
1978-10-28,925,980,336,450
1978-10-29,744,744,548,606
1978-10-30,195,507,195,379
1978-10-31,104,104,104,104
1978-11-01,365,838,3,534
1978-11-02,218,539,84,463
1978-11-03,466,466,204,389
1978-11-04,857,857,857,857
1978-11-05,412,412,60,273
1978-11-06,346,694,346,585
1978-11-07,692,692,621,649
1978-11-08,984,984,355,875
1978-11-09,620,620,612,620
1978-11-10,326,326,237,292
1978-11-11,880,880,495,540
1978-11-12,103,427,103,340
1978-11-13,26,283,26,117
1978-11-14,101,101,101,101
1978-11-15,303,303,303,303
1978-11-16,871,888,102,415
1978-11-17,785,785,237,557
1978-11-18,205,694,205,682
1978-11-19,568,568,96,479
1978-11-20,508,991,165,640
1978-11-21,783,783,414,735
1978-11-22,532,965,532,580
1978-11-23,997,997,757,876
1978-11-24,62,324,62,182
1978-11-25,181,928,181,244
1978-11-26,876,876,498,862
1978-11-27,690,949,56,759
1978-11-28,876,876,448,839
1978-11-29,243,243,243,243
1978-11-30,203,443,203,423
1978-12-01,891,891,302,739
1978-12-02,948,948,869,929
1978-12-03,613,613,82,597
1978-12-04,20,337,20,97
1978-12-05,212,501,212,218
1978-12-06,666,666,666,666
1978-12-07,374,558,184,296
1978-12-08,520,692,520,561
1978-12-09,975,978,288,912
1978-12-10,658,658,97,160
1978-12-11,773,773,648,691
1978-12-12,859,859,859,859
1978-12-13,300,920,300,792
1978-12-14,842,842,586,589
1978-12-15,292,705,292,561
1978-12-16,167,412,167,227
1978-12-17,681,681,35,325
1978-12-18,823,930,340,461
1978-12-19,384,735,170,584
1978-12-20,761,761,192,376
1978-12-21,324,324,74,94
1978-12-22,82,318,82,144
1978-12-23,270,270,144,217
1978-12-24,757,780,715,748
1978-12-25,259,297,259,263
1978-12-26,169,847,169,768
1978-12-27,203,678,82,312
1978-12-28,610,689,610,670
1978-12-29,46,992,46,315
1978-12-30,750,750,374,428
1978-12-31,675,675,63,504
1979-01-01,50,50,50,50
1979-01-02,385,385,385,385
1979-01-03,830,830,173,636
1979-01-04,398,809,398,465
1979-01-05,8,430,8,115
1979-01-06,489,489,489,489
1979-01-07,763,763,72,385
1979-01-08,424,585,424,437
1979-01-09,775,919,94,179
1979-01-10,133,624,133,296
1979-01-11,397,483,397,426
1979-01-12,699,815,699,760
1979-01-13,244,656,244,584
1979-01-14,153,586,153,441
1979-01-15,814,898,116,555
1979-01-16,740,740,740,740
1979-01-17,387,441,387,392
1979-01-18,583,593,398,399
1979-01-19,304,305,304,304
1979-01-20,898,898,719,858
1979-01-21,175,347,175,251
1979-01-22,862,862,199,494
1979-01-23,959,959,52,273
1979-01-24,63,241,63,171
1979-01-25,614,614,268,280
1979-01-26,267,460,267,429
1979-01-27,629,629,629,629
1979-01-28,526,526,463,509
1979-01-29,660,890,660,849
1979-01-30,681,812,2,8
1979-01-31,679,679,679,679
1979-02-01,498,953,498,825
1979-02-02,179,179,179,179
1979-02-03,600,600,457,516
1979-02-04,896,946,686,852
1979-02-05,551,551,443,471
1979-02-06,218,710,146,499
1979-02-07,566,566,566,566
1979-02-08,18,851,18,716
1979-02-09,667,808,240,681
1979-02-10,728,728,728,728
1979-02-11,700,700,434,516
1979-02-12,539,766,539,559
1979-02-13,134,684,103,532
1979-02-14,287,294,287,294
1979-02-15,133,165,133,144
1979-02-16,222,826,11,509
1979-02-17,502,836,281,374
1979-02-18,377,949,377,777
1979-02-19,882,882,256,797
1979-02-20,613,853,489,803
1979-02-21,908,908,249,838
1979-02-22,821,821,444,736
1979-02-23,331,509,331,335
1979-02-24,986,986,20,824
1979-02-25,999,999,161,818
1979-02-26,920,920,518,700
1979-02-27,237,639,40,193
1979-02-28,802,827,443,472
1979-03-01,15,886,15,251
1979-03-02,428,428,405,415
1979-03-03,344,995,205,417
1979-03-04,757,757,702,749
1979-03-05,819,819,819,819
1979-03-06,116,463,116,394
1979-03-07,957,986,251,311
1979-03-08,865,865,521,860
1979-03-09,781,913,635,703
1979-03-10,972,972,491,776
1979-03-11,82,82,82,82
1979-03-12,195,554,114,428
1979-03-13,73,191,73,84
1979-03-14,47,729,47,484
1979-03-15,12,451,12,239
1979-03-16,581,883,12,257
1979-03-17,943,943,806,935
1979-03-18,618,618,618,618
1979-03-19,854,854,854,854
1979-03-20,65,760,65,445
1979-03-21,744,744,298,617
1979-03-22,593,593,593,593
1979-03-23,657,657,531,578
1979-03-24,956,956,196,806
1979-03-25,232,467,232,387
1979-03-26,291,291,291,291
1979-03-27,777,777,636,733
1979-03-28,298,298,1,209
1979-03-29,471,471,471,471
1979-03-30,825,825,579,642
1979-03-31,444,934,444,626
1979-04-01,819,934,37,815
1979-04-02,596,596,169,172
1979-04-03,937,937,342,463
1979-04-04,174,350,86,291
1979-04-05,407,693,407,625
1979-04-06,801,801,467,761
1979-04-07,278,278,167,191
1979-04-08,698,798,552,557
1979-04-09,198,292,198,257
1979-04-10,899,899,45,673
1979-04-11,989,989,66,919
1979-04-12,193,416,193,408
1979-04-13,850,850,472,641
1979-04-14,449,976,297,532
1979-04-15,314,937,314,649
1979-04-16,876,876,724,778
1979-04-17,959,959,84,630
1979-04-18,932,932,429,734
1979-04-19,353,353,353,353
1979-04-20,106,374,106,133
1979-04-21,961,961,955,955
1979-04-22,180,776,180,205
1979-04-23,645,860,434,528
1979-04-24,890,890,213,315
1979-04-25,824,824,824,824
1979-04-26,577,577,191,396
1979-04-27,729,729,545,703
1979-04-28,782,782,734,773
1979-04-29,421,429,390,416
1979-04-30,168,168,168,168
1979-05-01,662,662,354,503
1979-05-02,478,478,68,145
1979-05-03,161,195,161,163
1979-05-04,840,840,84,480
1979-05-05,825,825,522,575
1979-05-06,19,30,19,28
1979-05-07,913,913,913,913
1979-05-08,180,848,42,706
1979-05-09,984,984,407,750
1979-05-10,811,824,318,590
1979-05-11,49,214,49,133
1979-05-12,182,182,182,182
1979-05-13,680,680,680,680
1979-05-14,781,781,750,763
1979-05-15,691,923,88,823
1979-05-16,847,960,200,231
1979-05-17,478,478,134,167
1979-05-18,800,800,69,135
1979-05-19,314,314,290,311
1979-05-20,200,749,200,448
1979-05-21,766,766,279,601
1979-05-22,375,672,375,522
1979-05-23,682,682,66,193
1979-05-24,772,772,772,772
1979-05-25,219,708,219,283
1979-05-26,136,207,136,136
1979-05-27,529,529,529,529
1979-05-28,99,743,99,232
1979-05-29,442,442,170,234
1979-05-30,482,930,482,543
1979-05-31,470,910,470,491
1979-06-01,870,870,488,770
1979-06-02,627,906,627,728
1979-06-03,280,997,194,418
1979-06-04,839,839,420,649
1979-06-05,683,683,98,228
1979-06-06,558,558,277,395
1979-06-07,793,793,234,424
1979-06-08,260,779,260,361
1979-06-09,550,823,249,600
1979-06-10,378,706,378,556
1979-06-11,229,229,229,229
1979-06-12,566,566,566,566
1979-06-13,978,978,121,732
1979-06-14,460,460,229,390
1979-06-15,258,810,258,517
1979-06-16,811,811,86,238
1979-06-17,805,805,578,636
1979-06-18,752,752,643,704
1979-06-19,548,548,100,376
1979-06-20,735,735,716,719
1979-06-21,656,656,656,656
1979-06-22,953,953,234,919
1979-06-23,867,867,273,676
1979-06-24,757,996,757,836
1979-06-25,590,590,283,485
1979-06-26,424,424,424,424
1979-06-27,644,730,627,653
1979-06-28,816,816,286,540
1979-06-29,480,480,480,480
1979-06-30,818,818,346,740
1979-07-01,69,966,69,790
1979-07-02,448,448,182,364
1979-07-03,72,304,72,239
1979-07-04,584,584,584,584
1979-07-05,221,720,221,550
1979-07-06,874,874,351,444
1979-07-07,657,956,444,933
1979-07-08,776,874,355,605
1979-07-09,36,191,36,160
1979-07-10,399,399,31,368
1979-07-11,180,905,110,376
1979-07-12,660,660,428,445
1979-07-13,447,447,447,447
1979-07-14,669,669,669,669
1979-07-15,983,983,54,403
1979-07-16,481,481,481,481
1979-07-17,803,803,803,803
1979-07-18,909,909,65,906
1979-07-19,843,843,244,632
1979-07-20,378,378,378,378
1979-07-21,837,837,407,494
1979-07-22,556,556,556,556
1979-07-23,826,826,826,826
1979-07-24,138,232,34,80
1979-07-25,476,490,234,462
1979-07-26,380,984,380,806
1979-07-27,228,887,228,588
1979-07-28,258,961,258,915
1979-07-29,404,528,404,461
1979-07-30,565,636,189,420
1979-07-31,778,778,624,699
1979-08-01,140,826,140,791
1979-08-02,177,779,177,283
1979-08-03,685,786,156,205
1979-08-04,129,497,129,237
1979-08-05,21,21,21,21
1979-08-06,441,441,441,441
1979-08-07,255,255,255,255
1979-08-08,840,962,48,720
1979-08-09,604,604,604,604
1979-08-10,105,711,105,428
1979-08-11,771,771,28,628
1979-08-12,969,969,749,800
1979-08-13,24,778,24,601
1979-08-14,397,537,397,495
1979-08-15,329,346,329,337
1979-08-16,883,883,377,740
1979-08-17,516,516,157,256
1979-08-18,499,499,499,499
1979-08-19,375,705,375,573
1979-08-20,496,496,496,496
1979-08-21,866,866,710,818
1979-08-22,875,908,875,899
1979-08-23,286,919,286,558
1979-08-24,199,199,199,199
1979-08-25,276,276,214,231
1979-08-26,367,693,367,387
1979-08-27,266,552,266,332
1979-08-28,147,249,147,235
1979-08-29,423,520,423,483
1979-08-30,834,834,504,712
1979-08-31,904,904,904,904
1979-09-01,603,603,603,603
1979-09-02,967,967,149,584
1979-09-03,975,975,472,827
1979-09-04,837,919,618,771
1979-09-05,996,996,173,957
1979-09-06,217,217,217,217
1979-09-07,58,278,58,126
1979-09-08,686,738,7,141
1979-09-09,449,733,449,658
1979-09-10,998,998,595,660
1979-09-11,258,980,253,603
1979-09-12,186,897,186,222
1979-09-13,668,830,391,495
1979-09-14,512,512,512,512
1979-09-15,338,338,236,253
1979-09-16,542,542,412,480
1979-09-17,369,939,369,470
1979-09-18,522,533,522,529
1979-09-19,415,415,64,74
1979-09-20,780,780,630,687
1979-09-21,999,999,855,975
1979-09-22,327,381,327,342
1979-09-23,7,806,7,448
1979-09-24,421,421,421,421
1979-09-25,967,967,310,469
1979-09-26,722,722,225,461
1979-09-27,713,713,52,487
1979-09-28,848,848,810,846
1979-09-29,63,141,63,125
1979-09-30,140,664,140,155
1979-10-01,808,808,684,714
1979-10-02,47,625,47,401
1979-10-03,200,200,200,200
1979-10-04,284,436,22,127
1979-10-05,139,288,139,165
1979-10-06,406,482,284,347
1979-10-07,790,971,285,541
1979-10-08,440,440,15,250
1979-10-09,954,954,624,795
1979-10-10,215,851,134,590
1979-10-11,53,85,53,61
1979-10-12,604,693,604,655
1979-10-13,211,680,72,620
1979-10-14,408,408,408,408
1979-10-15,478,489,91,225
1979-10-16,985,985,627,908
1979-10-17,438,769,340,633
1979-10-18,234,708,12,416
1979-10-19,249,657,249,519
1979-10-20,331,331,331,331
1979-10-21,493,493,493,493
1979-10-22,950,950,943,943
1979-10-23,767,767,249,394
1979-10-24,893,893,268,866
1979-10-25,187,385,187,310
1979-10-26,85,85,85,85
1979-10-27,973,973,624,941
1979-10-28,300,300,106,140
1979-10-29,229,233,229,230
1979-10-30,625,953,543,947
1979-10-31,149,843,149,476
1979-11-01,309,309,9,189
1979-11-02,55,993,55,743
1979-11-03,687,687,687,687
1979-11-04,374,374,374,374
1979-11-05,960,960,260,536
1979-11-06,380,748,243,736
1979-11-07,882,882,363,447
1979-11-08,525,525,525,525
1979-11-09,252,289,252,260
1979-11-10,518,820,518,631
1979-11-11,621,841,515,628
1979-11-12,466,522,466,495
1979-11-13,11,384,11,210
1979-11-14,562,778,562,734
1979-11-15,70,831,70,681
1979-11-16,437,888,437,826
1979-11-17,618,618,603,618
1979-11-18,957,957,868,950
1979-11-19,499,830,239,489
1979-11-20,368,368,368,368
1979-11-21,225,800,61,191
1979-11-22,590,590,135,408
1979-11-23,785,785,495,744
1979-11-24,670,670,604,639
1979-11-25,358,663,358,563
1979-11-26,928,928,683,893
1979-11-27,563,563,563,563
1979-11-28,781,781,781,781
1979-11-29,827,827,131,534
1979-11-30,131,510,131,509
1979-12-01,734,792,212,596
1979-12-02,623,843,100,663
1979-12-03,855,855,641,674
1979-12-04,271,531,271,432
1979-12-05,625,733,104,210
1979-12-06,401,677,87,180
1979-12-07,409,836,401,474
1979-12-08,157,157,157,157
1979-12-09,21,690,21,470
1979-12-10,678,678,10,607
1979-12-11,371,527,171,271
1979-12-12,610,610,610,610
1979-12-13,400,400,400,400
1979-12-14,641,681,641,677
1979-12-15,46,173,46,115
1979-12-16,969,969,186,758
1979-12-17,171,405,171,355
1979-12-18,76,76,76,76
1979-12-19,622,855,333,621
1979-12-20,725,725,725,725
1979-12-21,391,391,391,391
1979-12-22,892,892,676,883
1979-12-23,872,872,872,872
1979-12-24,578,732,578,626
1979-12-25,4,4,4,4
1979-12-26,135,803,135,716
1979-12-27,648,681,648,655
1979-12-28,649,649,649,649
1979-12-29,872,872,830,858
1979-12-30,711,711,711,711
1979-12-31,110,914,110,861
1980-01-01,661,661,661,661
1980-01-02,740,740,635,724
1980-01-03,607,607,607,607
1980-01-04,219,728,219,538
1980-01-05,427,427,272,418
1980-01-06,491,491,491,491
1980-01-07,254,752,254,707
1980-01-08,383,623,383,462
1980-01-09,839,839,552,665
1980-01-10,987,987,78,220
1980-01-11,833,833,729,757
1980-01-12,541,541,541,541
1980-01-13,718,718,466,626
1980-01-14,493,493,493,493
1980-01-15,584,584,232,521
1980-01-16,87,294,87,289
1980-01-17,538,612,49,483
1980-01-18,461,461,461,461
1980-01-19,261,856,261,683
1980-01-20,506,861,506,646
1980-01-21,160,993,160,941
1980-01-22,977,977,400,685
1980-01-23,446,583,76,562
1980-01-24,349,349,55,321
1980-01-25,197,980,197,697
1980-01-26,51,950,51,462
1980-01-27,99,275,99,270
1980-01-28,862,862,191,448
1980-01-29,183,575,183,557
1980-01-30,244,244,244,244
1980-01-31,59,204,20,112
1980-02-01,366,732,3,131
1980-02-02,899,899,450,462
1980-02-03,981,981,890,891
1980-02-04,453,453,453,453
1980-02-05,662,662,662,662
1980-02-06,678,678,620,648
1980-02-07,287,492,287,402
1980-02-08,587,587,587,587
1980-02-09,900,900,700,824
1980-02-10,579,579,579,579
1980-02-11,652,652,652,652
1980-02-12,321,321,321,321
1980-02-13,207,547,207,228
1980-02-14,425,985,425,677
1980-02-15,698,967,606,895
1980-02-16,383,548,383,475
1980-02-17,984,984,582,819
1980-02-18,399,399,180,207
1980-02-19,372,372,372,372
1980-02-20,949,949,771,778
1980-02-21,724,724,422,665
1980-02-22,992,992,540,661
1980-02-23,238,728,163,369
1980-02-24,726,857,403,604
1980-02-25,374,374,70,286
1980-02-26,151,563,151,544
1980-02-27,700,700,700,700
1980-02-28,385,511,385,414
1980-02-29,767,767,389,761
1980-03-01,777,777,139,359
1980-03-02,311,956,311,809
1980-03-03,866,866,752,755
1980-03-04,676,676,676,676
1980-03-05,430,862,430,643
1980-03-06,208,444,208,321
1980-03-07,401,927,401,905
1980-03-08,440,574,16,151
1980-03-09,297,304,297,302
1980-03-10,663,782,663,667
1980-03-11,269,269,269,269
1980-03-12,309,843,46,80
1980-03-13,737,737,404,582
1980-03-14,57,296,57,199
1980-03-15,217,256,217,217
1980-03-16,106,994,106,581
1980-03-17,112,611,14,566
1980-03-18,171,206,171,174
1980-03-19,793,793,745,773
1980-03-20,563,685,563,618
1980-03-21,548,548,548,548
1980-03-22,217,595,124,493
1980-03-23,179,300,179,220
1980-03-24,95,217,95,205
1980-03-25,242,242,197,207
1980-03-26,385,727,161,266
1980-03-27,695,695,309,442
1980-03-28,16,27,16,18
1980-03-29,866,866,205,755
1980-03-30,899,899,439,512
1980-03-31,871,871,684,796
1980-04-01,734,734,734,734
1980-04-02,324,704,67,283
1980-04-03,775,775,775,775
1980-04-04,548,766,429,676
1980-04-05,421,705,421,697
1980-04-06,791,791,592,667
1980-04-07,984,984,29,500
1980-04-08,733,844,733,743
1980-04-09,94,602,94,298
1980-04-10,303,900,303,900
1980-04-11,85,776,85,567
1980-04-12,339,775,339,702
1980-04-13,880,880,500,624
1980-04-14,21,944,21,841
1980-04-15,110,732,110,342
1980-04-16,920,920,150,357
1980-04-17,217,217,217,217
1980-04-18,330,485,330,458
1980-04-19,668,668,405,476
1980-04-20,58,546,58,391
1980-04-21,737,737,737,737
1980-04-22,468,468,468,468
1980-04-23,15,482,15,39
1980-04-24,906,995,329,553
1980-04-25,890,890,764,830
1980-04-26,769,769,429,607
1980-04-27,162,808,162,580
1980-04-28,52,699,52,193
1980-04-29,352,949,352,786
1980-04-30,284,694,284,306
1980-05-01,533,533,251,474
1980-05-02,121,596,121,192
1980-05-03,965,973,784,931
1980-05-04,579,579,579,579
1980-05-05,836,836,799,834
1980-05-06,612,612,612,612
1980-05-07,919,919,919,919
1980-05-08,817,827,396,617
1980-05-09,510,510,343,375
1980-05-10,99,524,99,265
1980-05-11,168,710,168,587
1980-05-12,88,177,88,138
1980-05-13,552,552,552,552
1980-05-14,199,199,199,199
1980-05-15,689,893,301,569
1980-05-16,133,402,133,245
1980-05-17,492,492,68,365
1980-05-18,353,353,353,353
1980-05-19,948,948,277,386
1980-05-20,215,881,215,657
1980-05-21,790,790,47,256
1980-05-22,146,146,115,120
1980-05-23,136,972,136,268
1980-05-24,254,254,254,254
1980-05-25,478,478,426,472
1980-05-26,514,526,25,59
1980-05-27,393,631,393,453
1980-05-28,315,619,315,492
1980-05-29,712,712,578,624
1980-05-30,991,991,62,182
1980-05-31,630,630,630,630
1980-06-01,930,930,185,559
1980-06-02,737,812,737,776
1980-06-03,914,914,714,806
1980-06-04,348,684,348,495
1980-06-05,137,559,137,363
1980-06-06,335,335,335,335
1980-06-07,36,354,36,48
1980-06-08,400,400,400,400
1980-06-09,201,474,201,275
1980-06-10,573,601,503,532
1980-06-11,90,326,90,163
1980-06-12,134,263,134,231
1980-06-13,77,256,77,141
1980-06-14,346,346,276,323
1980-06-15,974,974,257,473
1980-06-16,494,494,428,473
1980-06-17,101,875,101,201
1980-06-18,111,111,111,111
1980-06-19,650,650,650,650
1980-06-20,265,802,265,801
1980-06-21,570,570,548,560
1980-06-22,18,560,18,158
1980-06-23,659,899,89,838
1980-06-24,268,312,144,202
1980-06-25,677,677,583,636
1980-06-26,236,335,236,256
1980-06-27,133,133,133,133
1980-06-28,65,644,65,613
1980-06-29,499,638,327,362
1980-06-30,987,987,487,875
1980-07-01,922,922,329,590
1980-07-02,684,684,387,462
1980-07-03,135,748,135,237
1980-07-04,432,432,432,432
1980-07-05,7,775,7,233
1980-07-06,739,739,739,739
1980-07-07,212,446,212,218
1980-07-08,171,171,171,171
1980-07-09,792,792,263,420
1980-07-10,188,418,188,275
1980-07-11,573,573,573,573
1980-07-12,8,184,8,79
1980-07-13,999,999,562,570
1980-07-14,935,935,694,868
1980-07-15,587,587,587,587
1980-07-16,775,789,0,736
1980-07-17,243,243,243,243
1980-07-18,977,977,121,148
1980-07-19,542,542,333,506
1980-07-20,427,427,427,427
1980-07-21,502,948,385,691
1980-07-22,286,670,286,310
1980-07-23,51,121,51,105
1980-07-24,114,114,114,114
1980-07-25,621,621,266,580
1980-07-26,143,152,143,149
1980-07-27,987,987,699,968
1980-07-28,823,823,823,823
1980-07-29,953,953,151,235
1980-07-30,585,585,585,585
1980-07-31,929,929,14,153
1980-08-01,375,911,375,831
1980-08-02,440,440,440,440
1980-08-03,895,895,612,878
1980-08-04,983,983,828,876
1980-08-05,459,459,342,452
1980-08-06,655,664,624,641
1980-08-07,238,753,238,292
1980-08-08,607,607,96,280
1980-08-09,633,880,633,840
1980-08-10,734,734,535,721
1980-08-11,582,675,433,561
1980-08-12,150,482,150,405
1980-08-13,852,852,542,593
1980-08-14,499,499,426,486
1980-08-15,94,94,94,94
1980-08-16,618,690,61,134
1980-08-17,228,681,228,633
1980-08-18,172,827,172,568
1980-08-19,176,682,134,680
1980-08-20,364,369,364,368
1980-08-21,503,642,417,418
1980-08-22,464,464,464,464
1980-08-23,871,871,736,740
1980-08-24,271,271,271,271
1980-08-25,759,759,265,628
1980-08-26,583,640,583,611
1980-08-27,833,885,708,811
1980-08-28,440,440,440,440
1980-08-29,773,773,386,584
1980-08-30,183,519,61,200
1980-08-31,323,452,323,353
1980-09-01,5,38,5,14
1980-09-02,264,264,96,226
1980-09-03,310,310,15,164
1980-09-04,842,842,494,623
1980-09-05,542,648,542,557
1980-09-06,344,779,220,325
1980-09-07,943,943,72,96
1980-09-08,392,517,392,457
1980-09-09,563,563,218,436
1980-09-10,286,960,222,531
1980-09-11,953,953,919,926
1980-09-12,660,660,40,286
1980-09-13,100,517,100,149
1980-09-14,844,844,844,844
1980-09-15,526,645,526,594
1980-09-16,711,711,711,711
1980-09-17,869,869,325,683
1980-09-18,860,860,860,860
1980-09-19,764,895,722,821
1980-09-20,950,950,313,617
1980-09-21,306,934,306,803
1980-09-22,8,491,8,29
1980-09-23,219,219,219,219
1980-09-24,848,848,734,845
1980-09-25,604,604,604,604
1980-09-26,885,885,812,876
1980-09-27,818,818,226,558
1980-09-28,752,901,461,881
1980-09-29,31,157,31,128
1980-09-30,289,683,228,440
1980-10-01,676,676,676,676
1980-10-02,591,591,543,559
1980-10-03,458,721,265,553
1980-10-04,457,457,351,411
1980-10-05,510,588,510,559
1980-10-06,331,331,50,204
1980-10-07,916,916,916,916
1980-10-08,455,838,455,638
1980-10-09,441,441,190,230
1980-10-10,434,434,429,432
1980-10-11,191,191,191,191
1980-10-12,279,709,279,432
1980-10-13,54,325,54,89
1980-10-14,646,646,107,625
1980-10-15,781,781,610,779
1980-10-16,664,664,649,650
1980-10-17,376,376,376,376
1980-10-18,802,802,802,802
1980-10-19,868,868,773,821
1980-10-20,928,961,750,815
1980-10-21,206,806,206,328
1980-10-22,395,544,321,414
1980-10-23,359,359,359,359
1980-10-24,238,238,238,238
1980-10-25,234,913,234,708
1980-10-26,511,511,511,511
1980-10-27,250,250,216,241
1980-10-28,763,763,763,763
1980-10-29,661,730,600,612
1980-10-30,124,213,124,169
1980-10-31,911,911,172,822
1980-11-01,404,404,404,404
1980-11-02,532,532,223,238
1980-11-03,598,822,211,222
1980-11-04,256,665,256,656
1980-11-05,86,988,86,593
1980-11-06,810,933,627,807
1980-11-07,441,522,441,522
1980-11-08,723,723,343,376
1980-11-09,493,493,493,493
1980-11-10,441,441,423,431
1980-11-11,52,254,52,88
1980-11-12,89,814,89,656
1980-11-13,901,972,901,906
1980-11-14,735,735,410,479
1980-11-15,311,514,311,429
1980-11-16,644,918,644,771
1980-11-17,423,598,375,504
1980-11-18,569,569,569,569
1980-11-19,266,458,66,423
1980-11-20,503,532,278,399
1980-11-21,840,840,43,590
1980-11-22,129,129,129,129
1980-11-23,696,696,599,696
1980-11-24,897,897,897,897
1980-11-25,810,810,810,810
1980-11-26,297,297,297,297
1980-11-27,677,677,184,261
1980-11-28,439,805,144,298
1980-11-29,33,910,33,111
1980-11-30,505,858,350,741
1980-12-01,114,589,114,585
1980-12-02,743,743,743,743
1980-12-03,852,852,695,773
1980-12-04,487,562,481,556
1980-12-05,508,656,59,233
1980-12-06,376,995,162,961
1980-12-07,861,861,96,113
1980-12-08,339,339,117,143
1980-12-09,853,853,575,809
1980-12-10,328,573,328,530
1980-12-11,666,666,146,218
1980-12-12,850,850,655,735
1980-12-13,638,638,151,491
1980-12-14,554,554,431,435
1980-12-15,580,595,580,584
1980-12-16,881,881,28,376
1980-12-17,705,705,537,632
1980-12-18,785,785,311,549
1980-12-19,154,154,154,154
1980-12-20,755,755,755,755
1980-12-21,358,650,358,632
1980-12-22,435,435,435,435
1980-12-23,592,592,592,592
1980-12-24,967,967,934,947
1980-12-25,514,521,231,473
1980-12-26,95,484,95,365
1980-12-27,63,623,63,451
1980-12-28,577,971,577,960
1980-12-29,208,493,208,347
1980-12-30,64,376,64,136
1980-12-31,177,201,177,190
1981-01-01,471,996,436,990
1981-01-02,751,751,187,379
1981-01-03,858,979,682,855
1981-01-04,263,440,263,400
1981-01-05,716,716,96,153
1981-01-06,193,731,193,241
1981-01-07,197,882,197,429
1981-01-08,963,963,734,808
1981-01-09,631,657,631,642
1981-01-10,876,876,607,703
1981-01-11,792,792,708,757
1981-01-12,706,915,706,850
1981-01-13,243,838,243,303
1981-01-14,849,849,537,602
1981-01-15,748,748,94,157
1981-01-16,381,915,381,667
1981-01-17,515,840,283,578
1981-01-18,770,770,12,332
1981-01-19,621,719,227,286
1981-01-20,444,702,132,667
1981-01-21,894,894,401,850
1981-01-22,865,865,449,830
1981-01-23,30,980,30,619
1981-01-24,543,865,37,832
1981-01-25,989,989,209,697
1981-01-26,716,716,698,710
1981-01-27,735,853,366,793
1981-01-28,849,849,24,372
1981-01-29,87,257,87,101
1981-01-30,401,401,401,401
1981-01-31,848,848,272,424
1981-02-01,391,527,391,488
1981-02-02,92,318,92,92
1981-02-03,73,982,73,353
1981-02-04,427,539,81,240
1981-02-05,157,968,157,715
1981-02-06,616,616,616,616
1981-02-07,591,591,483,581
1981-02-08,888,888,738,834
1981-02-09,957,957,186,925
1981-02-10,371,371,371,371
1981-02-11,981,981,308,958
1981-02-12,36,208,36,46
1981-02-13,311,578,311,353
1981-02-14,186,186,186,186
1981-02-15,238,753,188,728
1981-02-16,934,934,723,856
1981-02-17,149,400,149,259
1981-02-18,108,905,108,742
1981-02-19,22,228,22,112
1981-02-20,173,640,173,363
1981-02-21,303,303,303,303
1981-02-22,589,589,342,363
1981-02-23,836,836,638,643
1981-02-24,609,609,388,485
1981-02-25,936,936,752,754
1981-02-26,5,800,5,531
1981-02-27,8,277,8,65
1981-02-28,295,992,284,482
1981-03-01,423,423,358,422
1981-03-02,492,492,492,492
1981-03-03,652,784,644,651
1981-03-04,566,566,288,534
1981-03-05,143,158,143,153
1981-03-06,549,662,32,57
1981-03-07,923,923,614,918
1981-03-08,899,899,805,894
1981-03-09,500,734,473,508
1981-03-10,518,518,518,518
1981-03-11,982,982,697,789
1981-03-12,875,875,852,854
1981-03-13,51,511,51,58
1981-03-14,184,635,184,513
1981-03-15,177,177,177,177
1981-03-16,570,655,570,579
1981-03-17,26,486,20,305
1981-03-18,113,311,113,303
1981-03-19,54,125,2,34
1981-03-20,548,849,548,563
1981-03-21,287,863,287,520
1981-03-22,629,629,497,539
1981-03-23,874,874,225,600
1981-03-24,917,917,379,859
1981-03-25,209,266,209,223
1981-03-26,75,395,75,151
1981-03-27,457,546,457,474
1981-03-28,152,152,152,152
1981-03-29,982,982,237,851
1981-03-30,453,453,453,453
1981-03-31,30,436,30,139
1981-04-01,276,276,276,276
1981-04-02,510,515,331,487
1981-04-03,562,816,463,582
1981-04-04,168,816,168,518
1981-04-05,478,478,92,418
1981-04-06,418,418,418,418
1981-04-07,186,633,186,462
1981-04-08,685,991,87,460
1981-04-09,494,579,494,540
1981-04-10,642,642,479,580
1981-04-11,750,750,436,735
1981-04-12,711,711,693,698
1981-04-13,624,624,624,624
1981-04-14,488,488,341,432
1981-04-15,802,802,4,200
1981-04-16,711,993,711,806
1981-04-17,27,720,27,375
1981-04-18,385,520,385,410
1981-04-19,982,982,836,870
1981-04-20,538,882,479,792
1981-04-21,918,956,183,365
1981-04-22,847,847,847,847
1981-04-23,339,413,3,389
1981-04-24,11,762,11,600
1981-04-25,968,968,940,945
1981-04-26,323,646,116,580
1981-04-27,36,672,36,622
1981-04-28,921,921,541,848
1981-04-29,931,931,839,881
1981-04-30,70,649,70,340
1981-05-01,57,205,57,104
1981-05-02,315,315,199,230
1981-05-03,270,417,270,279
1981-05-04,254,636,254,348
1981-05-05,270,457,193,375
1981-05-06,94,594,94,146
1981-05-07,620,772,591,656
1981-05-08,814,814,766,789
1981-05-09,129,406,129,273
1981-05-10,35,257,35,196
1981-05-11,256,260,125,202
1981-05-12,885,885,885,885
1981-05-13,214,908,214,438
1981-05-14,580,580,220,223
1981-05-15,318,718,75,373
1981-05-16,866,866,866,866
1981-05-17,843,843,51,75
1981-05-18,376,376,115,268
1981-05-19,359,359,359,359
1981-05-20,912,912,423,892
1981-05-21,199,545,199,462
1981-05-22,281,281,281,281
1981-05-23,588,601,29,70
1981-05-24,576,576,576,576
1981-05-25,420,625,417,499
1981-05-26,122,615,122,383
1981-05-27,24,817,24,390
1981-05-28,388,672,62,126
1981-05-29,977,977,728,888
1981-05-30,231,702,157,291
1981-05-31,991,991,77,196
1981-06-01,814,814,132,164
1981-06-02,795,795,795,795
1981-06-03,161,205,100,105
1981-06-04,774,774,460,772
1981-06-05,888,888,516,843
1981-06-06,972,972,492,538
1981-06-07,332,532,332,455
1981-06-08,754,879,324,725
1981-06-09,666,666,666,666
1981-06-10,628,628,570,596
1981-06-11,612,803,508,661
1981-06-12,355,862,52,403
1981-06-13,611,611,432,552
1981-06-14,480,480,15,287
1981-06-15,775,775,775,775
1981-06-16,296,954,296,795
1981-06-17,150,500,150,320
1981-06-18,547,967,476,638
1981-06-19,295,314,295,297
1981-06-20,896,896,383,757
1981-06-21,378,684,378,481
1981-06-22,116,145,116,144
1981-06-23,29,888,29,228
1981-06-24,856,856,209,340
1981-06-25,675,675,675,675
1981-06-26,90,848,24,67
1981-06-27,221,361,221,237
1981-06-28,893,893,387,879
1981-06-29,546,593,546,567
1981-06-30,966,966,475,569
1981-07-01,450,450,107,188
1981-07-02,375,947,375,594
1981-07-03,224,994,224,986
1981-07-04,28,932,28,437
1981-07-05,167,564,167,494
1981-07-06,417,417,417,417
1981-07-07,566,833,510,801
1981-07-08,355,930,355,401
1981-07-09,600,600,157,309
1981-07-10,686,686,686,686
1981-07-11,64,247,64,73
1981-07-12,243,552,243,461
1981-07-13,871,871,871,871
1981-07-14,791,791,51,443
1981-07-15,913,913,195,754
1981-07-16,634,634,110,295
1981-07-17,859,934,772,881
1981-07-18,351,898,351,636
1981-07-19,300,557,300,391
1981-07-20,34,641,34,40
1981-07-21,203,505,203,276
1981-07-22,356,447,220,293
1981-07-23,624,624,624,624
1981-07-24,795,795,175,559
1981-07-25,446,583,282,355
1981-07-26,504,965,504,642
1981-07-27,622,942,433,658
1981-07-28,520,894,305,601
1981-07-29,206,206,206,206
1981-07-30,436,724,436,527
1981-07-31,742,742,76,143
1981-08-01,932,932,932,932
1981-08-02,995,995,148,270
1981-08-03,955,955,2,708
1981-08-04,704,704,446,474
1981-08-05,819,967,611,922
1981-08-06,523,523,320,479
1981-08-07,170,914,170,665
1981-08-08,579,739,381,550
1981-08-09,971,971,407,585
1981-08-10,823,823,184,629
1981-08-11,790,790,790,790
1981-08-12,519,830,369,423
1981-08-13,733,733,386,647
1981-08-14,355,646,355,509
1981-08-15,496,499,496,498
1981-08-16,342,573,342,543
1981-08-17,16,803,16,672
1981-08-18,120,120,120,120
1981-08-19,132,583,132,345
1981-08-20,616,616,616,616
1981-08-21,803,803,334,365
1981-08-22,733,827,463,531
1981-08-23,727,909,688,803
1981-08-24,234,234,234,234
1981-08-25,670,670,670,670
1981-08-26,116,116,116,116
1981-08-27,868,900,868,879
1981-08-28,156,156,156,156
1981-08-29,153,577,153,506
1981-08-30,453,718,453,479
1981-08-31,953,953,683,931
1981-09-01,108,237,108,162
1981-09-02,373,373,373,373
1981-09-03,411,565,280,443
1981-09-04,527,527,48,145
1981-09-05,689,689,206,374
1981-09-06,941,941,206,566
1981-09-07,967,967,160,209
1981-09-08,553,573,553,557
1981-09-09,136,858,136,610
1981-09-10,698,886,178,231
1981-09-11,591,627,80,252
1981-09-12,806,806,436,699
1981-09-13,298,298,298,298
1981-09-14,764,853,735,752
1981-09-15,716,716,716,716
1981-09-16,739,908,71,746
1981-09-17,583,961,147,958
1981-09-18,816,816,726,800
1981-09-19,358,779,358,576
1981-09-20,8,978,8,696
1981-09-21,725,725,432,623
1981-09-22,186,816,186,706
1981-09-23,921,921,380,410
1981-09-24,914,914,719,742
1981-09-25,101,759,101,311
1981-09-26,177,179,177,179
1981-09-27,854,854,854,854
1981-09-28,671,671,671,671
1981-09-29,904,904,219,638
1981-09-30,4,348,4,119
1981-10-01,941,941,88,579
1981-10-02,357,439,239,362
1981-10-03,144,366,144,310
1981-10-04,488,608,452,461
1981-10-05,663,663,647,659
1981-10-06,807,807,483,682
1981-10-07,944,944,944,944
1981-10-08,51,994,51,962
1981-10-09,361,665,74,156
1981-10-10,751,751,219,267
1981-10-11,213,241,213,238
1981-10-12,940,940,860,936
1981-10-13,29,54,29,44
1981-10-14,301,301,301,301
1981-10-15,268,268,268,268
1981-10-16,828,828,819,821
1981-10-17,406,661,372,441
1981-10-18,92,438,92,316
1981-10-19,279,489,279,281
1981-10-20,90,481,90,250
1981-10-21,324,649,324,565
1981-10-22,961,961,356,645
1981-10-23,850,850,680,690
1981-10-24,740,768,691,729
1981-10-25,953,955,758,931
1981-10-26,697,697,472,551
1981-10-27,921,921,90,426
1981-10-28,655,920,518,682
1981-10-29,849,849,849,849
1981-10-30,862,974,698,809
1981-10-31,992,992,606,844
1981-11-01,253,315,253,305
1981-11-02,753,753,27,311
1981-11-03,79,729,79,440
1981-11-04,866,866,69,171
1981-11-05,463,521,463,486
1981-11-06,821,821,821,821
1981-11-07,568,568,511,555
1981-11-08,51,51,51,51
1981-11-09,362,362,77,187
1981-11-10,743,743,555,722
1981-11-11,691,691,398,421
1981-11-12,923,923,613,758
1981-11-13,361,923,361,647
1981-11-14,870,941,127,355
1981-11-15,480,480,480,480
1981-11-16,809,809,97,251
1981-11-17,122,519,122,171
1981-11-18,920,920,213,817
1981-11-19,747,747,747,747
1981-11-20,651,651,543,637
1981-11-21,924,924,344,581
1981-11-22,715,715,419,690
1981-11-23,674,904,625,825
1981-11-24,726,914,171,582
1981-11-25,186,186,186,186
1981-11-26,100,620,100,453
1981-11-27,333,793,226,580
1981-11-28,104,401,104,393
1981-11-29,100,755,100,502
1981-11-30,15,502,15,379
1981-12-01,277,277,277,277
1981-12-02,182,773,182,183
1981-12-03,295,558,295,529
1981-12-04,304,304,304,304
1981-12-05,288,288,235,282
1981-12-06,257,451,257,407
1981-12-07,795,795,795,795
1981-12-08,812,812,261,621
1981-12-09,802,802,400,545
1981-12-10,30,59,30,47
1981-12-11,176,967,176,323
1981-12-12,35,765,35,463
1981-12-13,765,765,198,762
1981-12-14,876,876,135,741
1981-12-15,661,661,7,204
1981-12-16,331,476,331,443
1981-12-17,972,972,792,915
1981-12-18,797,972,693,709
1981-12-19,258,649,253,348
1981-12-20,729,729,219,400
1981-12-21,138,333,138,326
1981-12-22,963,963,844,921
1981-12-23,606,968,438,501
1981-12-24,593,593,221,287
1981-12-25,356,987,356,365
1981-12-26,952,952,72,487
1981-12-27,937,937,473,481
1981-12-28,138,645,138,607
1981-12-29,405,491,405,419
1981-12-30,241,248,241,248
1981-12-31,715,715,715,715
1982-01-01,355,640,355,525
1982-01-02,266,565,266,365
1982-01-03,195,638,195,306
1982-01-04,90,459,90,232
1982-01-05,550,550,547,549
1982-01-06,944,944,828,860
1982-01-07,105,643,105,253
1982-01-08,644,644,644,644
1982-01-09,764,764,121,752
1982-01-10,154,182,154,166
1982-01-11,589,589,589,589
1982-01-12,119,934,119,179
1982-01-13,235,237,94,215
1982-01-14,828,828,176,496
1982-01-15,718,727,718,725
1982-01-16,266,767,266,644
1982-01-17,19,663,19,129
1982-01-18,193,193,193,193
1982-01-19,178,690,178,450
1982-01-20,91,889,69,126
1982-01-21,645,645,418,618
1982-01-22,805,817,28,118
1982-01-23,542,542,542,542
1982-01-24,662,662,530,597
1982-01-25,203,203,201,203
1982-01-26,183,444,183,386
1982-01-27,782,782,782,782
1982-01-28,736,736,48,167
1982-01-29,795,795,570,605
1982-01-30,412,523,412,507
1982-01-31,670,938,670,889
1982-02-01,526,791,526,661
1982-02-02,871,871,682,863
1982-02-03,251,577,251,548
1982-02-04,604,604,459,558
1982-02-05,971,971,373,536
1982-02-06,315,976,315,677
1982-02-07,581,583,276,369
1982-02-08,654,654,654,654
1982-02-09,989,989,74,817
1982-02-10,740,740,259,530
1982-02-11,175,843,175,367
1982-02-12,169,835,169,796
1982-02-13,112,489,112,402
1982-02-14,771,771,310,506
1982-02-15,676,676,540,585
1982-02-16,606,606,606,606
1982-02-17,318,318,318,318
1982-02-18,70,775,70,120
1982-02-19,958,958,413,751
1982-02-20,693,738,693,702
1982-02-21,819,819,394,532
1982-02-22,920,920,414,687
1982-02-23,132,686,132,214
1982-02-24,806,806,481,766
1982-02-25,324,324,324,324
1982-02-26,770,770,122,534
1982-02-27,833,833,689,807
1982-02-28,951,951,923,948
1982-03-01,783,783,577,640
1982-03-02,362,362,362,362
1982-03-03,938,938,640,671
1982-03-04,971,971,971,971
1982-03-05,412,545,412,464
1982-03-06,709,709,187,336
1982-03-07,116,161,116,143
1982-03-08,523,687,523,624
1982-03-09,932,932,416,442
1982-03-10,450,450,450,450
1982-03-11,959,959,250,852
1982-03-12,65,790,65,725
1982-03-13,48,883,48,341
1982-03-14,614,821,614,643
1982-03-15,797,797,97,345
1982-03-16,525,667,429,659
1982-03-17,484,887,484,721
1982-03-18,956,956,951,955
1982-03-19,920,920,564,616
1982-03-20,708,708,708,708
1982-03-21,506,702,0,259
1982-03-22,94,845,38,828
1982-03-23,269,479,269,300
1982-03-24,252,719,115,370
1982-03-25,163,906,163,576
1982-03-26,122,431,122,417
1982-03-27,454,454,454,454
1982-03-28,659,659,343,448
1982-03-29,735,735,195,695
1982-03-30,630,630,579,615
1982-03-31,17,455,17,224
1982-04-01,67,959,67,187
1982-04-02,327,706,327,371
1982-04-03,252,252,252,252
1982-04-04,943,943,943,943
1982-04-05,775,775,296,410
1982-04-06,481,481,481,481
1982-04-07,483,483,483,483
1982-04-08,75,353,75,261
1982-04-09,880,880,670,748
1982-04-10,948,948,552,685
1982-04-11,43,360,43,63
1982-04-12,912,912,83,338
1982-04-13,504,950,107,936
1982-04-14,278,758,236,528
1982-04-15,688,688,650,660
1982-04-16,956,956,322,656
1982-04-17,499,631,122,326
1982-04-18,583,583,242,565
1982-04-19,533,533,533,533
1982-04-20,980,980,409,916
1982-04-21,28,557,28,168
1982-04-22,928,928,481,494
1982-04-23,891,891,378,809
1982-04-24,398,408,398,403
1982-04-25,709,900,245,557
1982-04-26,821,821,699,703
1982-04-27,3,482,3,356
1982-04-28,952,952,643,946
1982-04-29,304,703,273,611
1982-04-30,17,161,17,19
1982-05-01,827,860,827,841
1982-05-02,919,919,422,657
1982-05-03,464,784,464,728
1982-05-04,391,395,391,391
1982-05-05,344,912,344,826
1982-05-06,79,433,79,100
1982-05-07,906,906,25,242
1982-05-08,315,877,295,460
1982-05-09,460,460,460,460
1982-05-10,230,554,230,398
1982-05-11,731,731,182,438
1982-05-12,282,757,282,384
1982-05-13,606,606,399,518
1982-05-14,766,766,193,370
1982-05-15,682,682,469,579
1982-05-16,155,840,155,649
1982-05-17,784,784,784,784
1982-05-18,877,877,186,516
1982-05-19,76,76,76,76
1982-05-20,676,676,676,676
1982-05-21,615,615,615,615
1982-05-22,966,966,604,871
1982-05-23,540,679,475,643
1982-05-24,989,989,681,865
1982-05-25,290,972,290,971
1982-05-26,630,978,630,636
1982-05-27,319,527,267,482
1982-05-28,499,499,499,499
1982-05-29,348,860,4,47
1982-05-30,700,815,700,719
1982-05-31,378,936,338,857
1982-06-01,870,976,454,528
1982-06-02,815,815,453,471
1982-06-03,633,633,633,633
1982-06-04,144,322,144,314
1982-06-05,95,565,95,127
1982-06-06,175,175,140,172
1982-06-07,329,329,329,329
1982-06-08,32,331,32,243
1982-06-09,356,356,197,200
1982-06-10,83,864,83,352
1982-06-11,49,659,49,400
1982-06-12,689,689,332,406
1982-06-13,246,253,91,96
1982-06-14,46,50,38,38
1982-06-15,695,695,499,654
1982-06-16,905,905,734,901
1982-06-17,618,618,298,330
1982-06-18,789,789,577,643
1982-06-19,703,703,654,687
1982-06-20,409,542,409,425
1982-06-21,376,422,151,301
1982-06-22,680,680,503,510
1982-06-23,649,649,267,324
1982-06-24,498,498,498,498
1982-06-25,331,331,331,331
1982-06-26,15,159,15,124
1982-06-27,337,900,337,776
1982-06-28,542,542,542,542
1982-06-29,935,935,543,773
1982-06-30,453,453,453,453
1982-07-01,786,786,512,770
1982-07-02,870,870,450,604
1982-07-03,498,498,498,498
1982-07-04,736,968,407,915
1982-07-05,690,690,317,648
1982-07-06,89,331,89,177
1982-07-07,407,407,401,405
1982-07-08,245,962,245,443
1982-07-09,615,615,387,598
1982-07-10,994,994,636,670
1982-07-11,771,771,250,396
1982-07-12,240,412,240,329
1982-07-13,489,554,450,469
1982-07-14,250,299,250,274
1982-07-15,424,974,424,649
1982-07-16,778,778,475,583
1982-07-17,361,935,361,775
1982-07-18,552,601,470,566
1982-07-19,112,803,112,542
1982-07-20,613,951,457,927
1982-07-21,837,837,457,775
1982-07-22,261,909,261,655
1982-07-23,449,449,449,449
1982-07-24,630,630,367,545
1982-07-25,593,732,593,636
1982-07-26,280,900,145,765
1982-07-27,1,768,1,446
1982-07-28,769,859,488,790
1982-07-29,342,342,119,137
1982-07-30,269,784,269,533
1982-07-31,2,946,2,681
1982-08-01,228,732,211,496
1982-08-02,681,955,681,684
1982-08-03,596,961,452,801
1982-08-04,112,987,112,726
1982-08-05,198,442,198,290
1982-08-06,182,604,55,401
1982-08-07,460,460,460,460
1982-08-08,527,620,456,601
1982-08-09,518,518,17,470
1982-08-10,323,323,82,320
1982-08-11,370,370,370,370
1982-08-12,769,889,769,793
1982-08-13,55,465,55,324
1982-08-14,528,528,275,443
1982-08-15,983,983,341,586
1982-08-16,44,529,44,51
1982-08-17,666,914,666,778
1982-08-18,606,606,352,569
1982-08-19,421,506,421,432
1982-08-20,546,546,221,463
1982-08-21,903,903,678,783
1982-08-22,973,973,602,743
1982-08-23,695,876,464,686
1982-08-24,63,849,63,763
1982-08-25,39,231,39,214
1982-08-26,993,993,753,896
1982-08-27,545,545,530,534
1982-08-28,855,855,403,582
1982-08-29,590,590,590,590
1982-08-30,416,752,416,618
1982-08-31,821,821,567,733
1982-09-01,315,315,315,315
1982-09-02,386,386,386,386
1982-09-03,620,898,249,718
1982-09-04,798,798,576,675
1982-09-05,841,841,768,821
1982-09-06,174,538,174,337
1982-09-07,570,570,39,80
1982-09-08,622,622,471,591
1982-09-09,399,941,399,668
1982-09-10,430,787,339,694
1982-09-11,180,575,180,233
1982-09-12,433,841,417,590
1982-09-13,249,249,249,249
1982-09-14,282,545,282,491
1982-09-15,553,553,233,346
1982-09-16,610,703,50,316
1982-09-17,695,875,695,752
1982-09-18,950,950,826,891
1982-09-19,885,885,643,804
1982-09-20,412,662,412,469
1982-09-21,728,728,728,728
1982-09-22,262,916,262,816
1982-09-23,270,699,270,656
1982-09-24,233,233,125,193
1982-09-25,776,846,308,833
1982-09-26,665,665,665,665
1982-09-27,887,887,31,820
1982-09-28,394,394,129,187
1982-09-29,299,299,299,299
1982-09-30,319,319,319,319
1982-10-01,178,490,178,348
1982-10-02,883,915,402,590
1982-10-03,472,472,317,454
1982-10-04,738,738,650,708
1982-10-05,768,768,696,726
1982-10-06,812,812,812,812
1982-10-07,405,564,40,62
1982-10-08,426,426,336,407
1982-10-09,753,753,118,273
1982-10-10,327,420,327,361
1982-10-11,792,792,74,538
1982-10-12,987,987,915,986
1982-10-13,870,870,216,351
1982-10-14,962,962,862,920
1982-10-15,437,437,276,389
1982-10-16,781,789,781,787
1982-10-17,180,617,180,313
1982-10-18,757,757,718,736
1982-10-19,929,929,222,586
1982-10-20,794,794,329,506
1982-10-21,693,693,440,606
1982-10-22,520,520,403,480
1982-10-23,964,985,858,882
1982-10-24,170,469,170,234
1982-10-25,604,604,604,604
1982-10-26,779,978,779,886
1982-10-27,553,851,553,618
1982-10-28,426,426,426,426
1982-10-29,864,864,460,549
1982-10-30,833,901,649,687
1982-10-31,928,928,471,612
1982-11-01,139,211,139,162
1982-11-02,531,662,341,640
1982-11-03,117,891,117,544
1982-11-04,449,449,229,348
1982-11-05,577,577,221,419
1982-11-06,760,777,451,756
1982-11-07,233,857,233,797
1982-11-08,829,829,529,632
1982-11-09,605,605,143,528
1982-11-10,664,664,591,640
1982-11-11,87,876,63,513
1982-11-12,45,78,45,45
1982-11-13,812,812,514,622
1982-11-14,575,575,575,575
1982-11-15,541,853,541,834
1982-11-16,288,288,288,288
1982-11-17,740,740,740,740
1982-11-18,184,184,184,184
1982-11-19,430,430,421,429
1982-11-20,609,609,95,531
1982-11-21,583,583,340,468
1982-11-22,494,494,494,494
1982-11-23,464,531,464,521
1982-11-24,967,967,405,736
1982-11-25,539,539,539,539
1982-11-26,973,973,812,837
1982-11-27,964,979,910,927
1982-11-28,400,543,400,417
1982-11-29,879,879,879,879
1982-11-30,601,601,490,527
1982-12-01,325,715,325,670
1982-12-02,662,693,504,534
1982-12-03,901,901,219,303
1982-12-04,354,354,354,354
1982-12-05,461,618,461,488
1982-12-06,431,839,412,834
1982-12-07,146,146,146,146
1982-12-08,48,935,48,84
1982-12-09,985,985,113,867
1982-12-10,297,297,207,249
1982-12-11,993,993,768,845
1982-12-12,778,778,778,778
1982-12-13,191,968,191,317
1982-12-14,709,709,466,502
1982-12-15,823,823,499,578
1982-12-16,83,185,46,108
1982-12-17,710,710,710,710
1982-12-18,949,949,521,583
1982-12-19,459,602,247,318
1982-12-20,857,947,119,211
1982-12-21,390,921,390,872
1982-12-22,283,283,178,264
1982-12-23,826,826,249,449
1982-12-24,870,870,842,855
1982-12-25,253,328,253,257
1982-12-26,14,466,14,341
1982-12-27,450,517,450,457
1982-12-28,120,869,120,291
1982-12-29,449,931,89,505
1982-12-30,711,932,228,684
1982-12-31,409,912,271,709
1983-01-01,966,966,894,919
1983-01-02,76,990,76,802
1983-01-03,909,939,909,912
1983-01-04,193,449,193,433
1983-01-05,170,170,114,133
1983-01-06,419,514,419,436
1983-01-07,44,319,44,209
1983-01-08,154,154,154,154
1983-01-09,524,524,159,507
1983-01-10,562,562,218,406
1983-01-11,475,655,143,261
1983-01-12,157,347,157,240
1983-01-13,522,522,2,220
1983-01-14,171,171,171,171
1983-01-15,331,331,331,331
1983-01-16,694,694,238,575
1983-01-17,864,864,791,813
1983-01-18,684,684,142,517
1983-01-19,469,969,241,795
1983-01-20,916,916,114,514
1983-01-21,19,776,19,604
1983-01-22,529,529,529,529
1983-01-23,606,606,606,606
1983-01-24,307,771,307,766
1983-01-25,830,830,397,407
1983-01-26,283,331,283,297
1983-01-27,248,878,248,291
1983-01-28,24,220,24,215
1983-01-29,80,722,80,653
1983-01-30,260,584,94,134
1983-01-31,942,942,942,942
1983-02-01,885,927,119,149
1983-02-02,737,771,33,461
1983-02-03,221,735,221,229
1983-02-04,588,588,204,373
1983-02-05,750,882,741,839
1983-02-06,124,798,124,216
1983-02-07,140,479,140,295
1983-02-08,572,694,572,679
1983-02-09,350,350,101,165
1983-02-10,10,367,10,60
1983-02-11,9,904,9,247
1983-02-12,642,642,169,222
1983-02-13,152,302,152,278
1983-02-14,889,889,180,591
1983-02-15,587,587,432,486
1983-02-16,318,440,318,348
1983-02-17,674,674,575,644
1983-02-18,552,552,206,326
1983-02-19,302,831,302,606
1983-02-20,858,858,296,556
1983-02-21,528,528,528,528
1983-02-22,54,492,54,166
1983-02-23,454,454,454,454
1983-02-24,892,892,366,559
1983-02-25,743,743,474,496
1983-02-26,762,762,762,762
1983-02-27,567,737,373,664
1983-02-28,894,894,104,807
1983-03-01,84,100,84,94
1983-03-02,300,612,300,366
1983-03-03,913,913,533,645
1983-03-04,19,655,19,164
1983-03-05,882,882,568,592
1983-03-06,894,894,129,820
1983-03-07,940,940,897,897
1983-03-08,680,680,680,680
1983-03-09,714,714,714,714
1983-03-10,881,947,136,592
1983-03-11,244,618,244,468
1983-03-12,319,319,125,230
1983-03-13,672,672,672,672
1983-03-14,869,890,223,296
1983-03-15,985,985,598,885
1983-03-16,472,908,472,576
1983-03-17,771,771,505,508
1983-03-18,303,303,303,303
1983-03-19,98,595,98,255
1983-03-20,196,291,196,230
1983-03-21,609,751,498,511
1983-03-22,124,175,124,163
1983-03-23,409,947,409,452
1983-03-24,404,724,160,619
1983-03-25,79,803,79,636
1983-03-26,618,618,618,618
1983-03-27,908,908,12,367
1983-03-28,152,295,152,173
1983-03-29,192,918,192,634
1983-03-30,852,852,500,706
1983-03-31,29,822,29,197
1983-04-01,444,769,444,449
1983-04-02,525,525,368,413
1983-04-03,894,894,187,786
1983-04-04,778,778,240,579
1983-04-05,473,674,473,575
1983-04-06,447,878,407,782
1983-04-07,807,807,149,519
1983-04-08,434,434,13,16
1983-04-09,268,329,224,247
1983-04-10,557,857,557,708
1983-04-11,940,996,728,940
1983-04-12,553,601,553,601
1983-04-13,582,582,582,582
1983-04-14,238,911,238,354
1983-04-15,227,439,227,267
1983-04-16,770,835,545,758
1983-04-17,679,939,178,471
1983-04-18,740,813,390,467
1983-04-19,622,710,622,668
1983-04-20,33,619,33,294
1983-04-21,981,981,247,437
1983-04-22,792,792,792,792
1983-04-23,988,988,422,650
1983-04-24,344,711,344,580
1983-04-25,617,617,101,500
1983-04-26,408,408,325,372
1983-04-27,812,812,812,812
1983-04-28,202,202,202,202
1983-04-29,439,462,74,136
1983-04-30,559,984,295,447
1983-05-01,977,981,270,368
1983-05-02,492,492,492,492
1983-05-03,701,701,701,701
1983-05-04,320,320,320,320
1983-05-05,215,463,215,397
1983-05-06,665,665,246,628
1983-05-07,412,412,412,412
1983-05-08,525,525,123,478
1983-05-09,227,242,227,231
1983-05-10,750,750,34,266
1983-05-11,500,882,5,511
1983-05-12,667,789,667,675
1983-05-13,97,810,97,168
1983-05-14,182,353,182,258
1983-05-15,920,920,282,596
1983-05-16,748,748,748,748
1983-05-17,549,549,549,549
1983-05-18,357,718,357,598
1983-05-19,868,868,868,868
1983-05-20,816,816,52,65
1983-05-21,48,789,48,609
1983-05-22,955,955,534,562
1983-05-23,125,125,125,125
1983-05-24,572,572,572,572
1983-05-25,151,548,41,234
1983-05-26,114,745,114,666
1983-05-27,736,736,13,668
1983-05-28,60,386,60,93
1983-05-29,529,529,529,529
1983-05-30,785,785,198,750
1983-05-31,484,484,484,484
1983-06-01,312,620,312,549
1983-06-02,443,641,278,558
1983-06-03,274,973,274,958
1983-06-04,193,638,193,200
1983-06-05,93,512,93,417
1983-06-06,737,737,204,681
1983-06-07,488,488,444,456
1983-06-08,189,428,189,356
1983-06-09,425,425,212,409
1983-06-10,669,669,669,669
1983-06-11,600,813,600,706
1983-06-12,277,277,183,212
1983-06-13,966,966,189,407
1983-06-14,679,679,58,127
1983-06-15,364,414,364,408
1983-06-16,307,307,307,307
1983-06-17,204,859,185,335
1983-06-18,687,687,687,687
1983-06-19,83,583,83,347
1983-06-20,466,466,308,354
1983-06-21,721,754,390,639
1983-06-22,466,466,466,466
1983-06-23,462,462,462,462
1983-06-24,252,252,252,252
1983-06-25,362,914,362,475
1983-06-26,659,659,438,447
1983-06-27,474,972,474,729
1983-06-28,676,960,359,619
1983-06-29,531,532,531,531
1983-06-30,814,852,90,141
1983-07-01,355,965,35,765
1983-07-02,96,277,96,187
1983-07-03,406,822,51,77
1983-07-04,867,867,867,867
1983-07-05,571,968,571,831
1983-07-06,301,301,12,37
1983-07-07,140,385,140,276
1983-07-08,584,584,66,176
1983-07-09,115,554,115,466
1983-07-10,963,963,210,261
1983-07-11,497,761,198,258
1983-07-12,930,930,751,930
1983-07-13,975,975,275,853
1983-07-14,49,96,49,74
1983-07-15,104,590,104,286
1983-07-16,839,839,129,386
1983-07-17,587,587,59,112
1983-07-18,204,204,204,204
1983-07-19,990,990,303,696
1983-07-20,199,887,192,531
1983-07-21,850,850,800,807
1983-07-22,308,921,308,468
1983-07-23,280,678,280,633
1983-07-24,822,822,96,516
1983-07-25,832,832,460,485
1983-07-26,720,720,659,691
1983-07-27,145,366,145,273
1983-07-28,932,932,536,720
1983-07-29,377,377,377,377
1983-07-30,128,469,128,144
1983-07-31,539,539,539,539
1983-08-01,237,724,237,420
1983-08-02,141,253,141,186
1983-08-03,497,920,497,883
1983-08-04,838,838,451,766
1983-08-05,899,945,182,264
1983-08-06,396,396,161,323
1983-08-07,85,96,37,42
1983-08-08,201,372,201,314
1983-08-09,241,300,45,146
1983-08-10,852,852,471,697
1983-08-11,990,990,350,896
1983-08-12,354,421,354,373
1983-08-13,883,883,883,883
1983-08-14,919,919,432,812
1983-08-15,308,732,308,649
1983-08-16,42,235,42,153
1983-08-17,373,373,373,373
1983-08-18,497,497,317,322
1983-08-19,197,875,172,610
1983-08-20,911,911,408,770
1983-08-21,242,624,138,463
1983-08-22,159,442,159,315
1983-08-23,691,702,442,521
1983-08-24,388,705,388,548
1983-08-25,171,839,54,386
1983-08-26,291,481,291,477
1983-08-27,411,411,411,411
1983-08-28,383,791,96,413
1983-08-29,524,902,104,603
1983-08-30,912,912,568,689
1983-08-31,191,868,191,243
1983-09-01,127,609,127,565
1983-09-02,711,826,366,611
1983-09-03,727,727,546,669
1983-09-04,125,219,125,153
1983-09-05,9,524,9,438
1983-09-06,859,859,278,770
1983-09-07,899,899,495,596
1983-09-08,760,760,626,637
1983-09-09,285,285,285,285
1983-09-10,162,162,91,151
1983-09-11,434,765,275,467
1983-09-12,343,343,343,343
1983-09-13,366,403,257,273
1983-09-14,221,669,221,373
1983-09-15,526,913,262,842
1983-09-16,865,865,501,610
1983-09-17,830,830,147,406
1983-09-18,491,617,491,558
1983-09-19,636,636,112,550
1983-09-20,864,864,270,568
1983-09-21,784,784,393,481
1983-09-22,112,989,112,792
1983-09-23,6,165,6,13
1983-09-24,517,517,503,513
1983-09-25,489,739,489,638
1983-09-26,152,718,74,203
1983-09-27,821,821,817,817
1983-09-28,308,806,308,378
1983-09-29,495,607,495,511
1983-09-30,452,867,452,776
1983-10-01,38,842,38,92
1983-10-02,341,903,280,445
1983-10-03,201,378,201,315
1983-10-04,100,989,100,361
1983-10-05,489,592,489,525
1983-10-06,46,413,46,192
1983-10-07,317,664,232,305
1983-10-08,405,636,405,423
1983-10-09,270,872,270,804
1983-10-10,355,431,270,375
1983-10-11,283,283,283,283
1983-10-12,433,949,433,765
1983-10-13,781,786,781,782
1983-10-14,631,631,612,626
1983-10-15,523,621,16,575
1983-10-16,237,391,30,373
1983-10-17,939,939,414,634
1983-10-18,96,794,96,432
1983-10-19,734,734,181,247
1983-10-20,564,564,297,546
1983-10-21,391,867,391,660
1983-10-22,944,958,903,931
1983-10-23,12,438,12,110
1983-10-24,500,573,405,418
1983-10-25,248,685,149,670
1983-10-26,912,912,330,780
1983-10-27,862,862,740,829
1983-10-28,723,723,723,723
1983-10-29,278,407,194,400
1983-10-30,163,163,163,163
1983-10-31,195,837,195,531
1983-11-01,336,336,336,336
1983-11-02,362,362,185,256
1983-11-03,947,947,665,860
1983-11-04,197,315,197,230
1983-11-05,776,776,257,584
1983-11-06,753,753,753,753
1983-11-07,570,570,342,532
1983-11-08,726,985,306,463
1983-11-09,278,278,278,278
1983-11-10,26,485,26,401
1983-11-11,744,744,334,728
1983-11-12,144,725,144,360
1983-11-13,731,731,527,572
1983-11-14,793,793,252,338
1983-11-15,703,809,211,575
1983-11-16,112,112,34,46
1983-11-17,339,994,339,770
1983-11-18,571,571,350,470
1983-11-19,247,247,247,247
1983-11-20,871,871,309,621
1983-11-21,737,939,174,197
1983-11-22,968,968,924,965
1983-11-23,780,780,373,440
1983-11-24,827,827,324,490
1983-11-25,155,676,155,242
1983-11-26,415,891,415,532
1983-11-27,949,949,935,944
1983-11-28,782,782,536,555
1983-11-29,603,603,5,21
1983-11-30,633,633,338,415
1983-12-01,529,576,59,365
1983-12-02,510,510,510,510
1983-12-03,495,946,464,571
1983-12-04,240,267,240,254
1983-12-05,77,842,77,576
1983-12-06,618,618,618,618
1983-12-07,346,346,346,346
1983-12-08,554,626,17,602
1983-12-09,655,655,584,640
1983-12-10,186,186,186,186
1983-12-11,751,751,751,751
1983-12-12,587,587,587,587
1983-12-13,596,677,315,512
1983-12-14,893,893,785,852
1983-12-15,244,561,244,315
1983-12-16,402,411,402,411
1983-12-17,696,696,696,696
1983-12-18,460,460,26,119
1983-12-19,13,687,13,485
1983-12-20,31,781,31,352
1983-12-21,100,275,100,138
1983-12-22,235,841,235,782
1983-12-23,919,919,293,320
1983-12-24,912,912,349,764
1983-12-25,303,840,303,792
1983-12-26,233,233,233,233
1983-12-27,216,217,152,153
1983-12-28,567,582,567,579
1983-12-29,975,975,466,661
1983-12-30,922,922,366,423
1983-12-31,631,770,291,459
1984-01-01,405,651,199,491
1984-01-02,363,723,363,478
1984-01-03,622,661,622,639
1984-01-04,842,842,548,830
1984-01-05,827,827,165,638
1984-01-06,232,232,232,232
1984-01-07,284,538,192,481
1984-01-08,650,868,414,573
1984-01-09,29,910,29,848
1984-01-10,399,726,36,422
1984-01-11,63,491,63,411
1984-01-12,521,812,521,628
1984-01-13,572,590,143,573
1984-01-14,281,281,281,281
1984-01-15,267,302,267,287
1984-01-16,105,105,105,105
1984-01-17,438,438,438,438
1984-01-18,375,682,375,626
1984-01-19,152,586,152,166
1984-01-20,258,258,237,238
1984-01-21,204,237,204,237
1984-01-22,428,428,250,251
1984-01-23,806,806,806,806
1984-01-24,308,447,303,332
1984-01-25,513,513,513,513
1984-01-26,501,692,501,558
1984-01-27,299,637,299,503
1984-01-28,749,749,749,749
1984-01-29,591,591,318,331
1984-01-30,557,557,389,554
1984-01-31,903,903,848,861
1984-02-01,156,607,156,165
1984-02-02,605,605,3,238
1984-02-03,867,867,521,828
1984-02-04,417,456,417,422
1984-02-05,156,192,143,183
1984-02-06,61,146,61,129
1984-02-07,394,619,394,408
1984-02-08,205,205,205,205
1984-02-09,489,489,464,478
1984-02-10,559,559,559,559
1984-02-11,555,871,555,585
1984-02-12,521,730,521,525
1984-02-13,134,787,134,574
1984-02-14,598,598,598,598
1984-02-15,635,635,635,635
1984-02-16,993,993,95,105
1984-02-17,147,575,147,277
1984-02-18,127,444,127,430
1984-02-19,104,809,104,748
1984-02-20,249,249,172,220
1984-02-21,498,498,498,498
1984-02-22,113,113,48,90
1984-02-23,521,906,490,637
1984-02-24,809,809,154,294
1984-02-25,977,977,105,935
1984-02-26,833,833,786,796
1984-02-27,803,803,803,803
1984-02-28,487,487,487,487
1984-02-29,842,943,510,611
1984-03-01,102,918,102,764
1984-03-02,173,173,173,173
1984-03-03,82,785,82,711
1984-03-04,96,486,96,335
1984-03-05,873,873,873,873
1984-03-06,143,602,143,548
1984-03-07,892,892,333,784
1984-03-08,262,284,262,277
1984-03-09,396,916,271,532
1984-03-10,729,857,670,846
1984-03-11,593,593,238,535
1984-03-12,893,893,893,893
1984-03-13,434,434,434,434
1984-03-14,975,975,544,894
1984-03-15,639,639,89,182
1984-03-16,964,964,927,949
1984-03-17,534,534,414,519
1984-03-18,565,894,565,839
1984-03-19,432,682,432,653
1984-03-20,55,398,55,330
1984-03-21,600,918,518,593
1984-03-22,661,661,493,574
1984-03-23,686,910,335,900
1984-03-24,791,791,341,618
1984-03-25,988,988,655,889
1984-03-26,200,207,200,205
1984-03-27,531,721,161,670
1984-03-28,510,510,510,510
1984-03-29,670,894,169,308
1984-03-30,799,799,26,259
1984-03-31,397,940,397,908
1984-04-01,644,644,63,81
1984-04-02,915,915,915,915
1984-04-03,244,548,244,259
1984-04-04,788,788,80,362
1984-04-05,71,600,71,94
1984-04-06,561,746,561,693
1984-04-07,772,772,661,720
1984-04-08,830,830,751,768
1984-04-09,354,880,354,817
1984-04-10,861,873,721,862
1984-04-11,695,943,695,806
1984-04-12,534,902,209,850
1984-04-13,76,982,76,468
1984-04-14,263,263,211,223
1984-04-15,275,275,240,266
1984-04-16,107,107,107,107
1984-04-17,85,799,85,529
1984-04-18,277,465,277,329
1984-04-19,545,545,318,499
1984-04-20,95,269,95,179
1984-04-21,978,978,811,925
1984-04-22,247,247,222,244
1984-04-23,633,946,140,593
1984-04-24,504,938,504,597
1984-04-25,352,352,233,337
1984-04-26,549,889,549,721
1984-04-27,990,990,182,749
1984-04-28,43,518,43,68
1984-04-29,457,457,457,457
1984-04-30,319,319,246,309
1984-05-01,400,943,400,666
1984-05-02,554,914,131,584
1984-05-03,462,471,462,466
1984-05-04,426,967,426,952
1984-05-05,777,777,672,680
1984-05-06,352,778,352,595
1984-05-07,487,509,487,501
1984-05-08,75,403,75,113
1984-05-09,92,550,92,438
1984-05-10,372,372,372,372
1984-05-11,265,422,265,377
1984-05-12,850,850,850,850
1984-05-13,978,978,401,846
1984-05-14,560,560,522,540
1984-05-15,550,550,543,547
1984-05-16,663,663,663,663
1984-05-17,147,652,139,243
1984-05-18,521,521,265,517
1984-05-19,818,818,818,818
1984-05-20,284,334,91,176
1984-05-21,577,653,181,241
1984-05-22,64,948,64,296
1984-05-23,575,575,141,185
1984-05-24,280,641,280,354
1984-05-25,311,784,311,336
1984-05-26,124,673,23,310
1984-05-27,977,977,411,735
1984-05-28,458,458,458,458
1984-05-29,223,955,223,475
1984-05-30,336,336,336,336
1984-05-31,123,504,123,467
1984-06-01,550,550,550,550
1984-06-02,682,682,62,305
1984-06-03,78,756,78,150
1984-06-04,394,394,394,394
1984-06-05,611,611,63,186
1984-06-06,996,996,414,455
1984-06-07,988,988,82,770
1984-06-08,759,759,759,759
1984-06-09,364,536,364,419
1984-06-10,328,328,328,328
1984-06-11,260,260,175,230
1984-06-12,478,478,478,478
1984-06-13,700,845,700,782
1984-06-14,156,827,156,484
1984-06-15,556,556,321,369
1984-06-16,766,766,70,765
1984-06-17,660,660,487,530
1984-06-18,464,874,23,490
1984-06-19,843,843,194,816
1984-06-20,838,838,155,516
1984-06-21,246,275,246,258
1984-06-22,30,225,30,211
1984-06-23,657,657,453,608
1984-06-24,907,907,156,610
1984-06-25,136,136,136,136
1984-06-26,657,703,29,56
1984-06-27,848,849,323,385
1984-06-28,866,866,757,788
1984-06-29,826,826,144,300
1984-06-30,892,892,526,769
1984-07-01,314,557,314,434
1984-07-02,389,577,45,505
1984-07-03,235,458,102,257
1984-07-04,775,775,49,523
1984-07-05,336,988,336,943
1984-07-06,691,841,104,668
1984-07-07,25,584,25,515
1984-07-08,702,814,202,750
1984-07-09,497,873,112,719
1984-07-10,384,384,384,384
1984-07-11,109,279,86,168
1984-07-12,557,712,557,581
1984-07-13,471,635,35,599
1984-07-14,797,867,495,520
1984-07-15,257,598,257,409
1984-07-16,62,62,62,62
1984-07-17,455,892,166,436
1984-07-18,158,838,158,796
1984-07-19,446,711,446,572
1984-07-20,0,98,0,80
1984-07-21,338,936,338,666
1984-07-22,266,857,266,688
1984-07-23,546,546,188,463
1984-07-24,170,601,170,235
1984-07-25,110,909,110,192
1984-07-26,608,894,290,888
1984-07-27,170,275,170,249
1984-07-28,324,324,324,324
1984-07-29,46,753,46,698
1984-07-30,44,94,44,69
1984-07-31,617,786,617,658
1984-08-01,735,735,48,319
1984-08-02,317,317,317,317
1984-08-03,699,804,93,691
1984-08-04,668,857,428,660
1984-08-05,712,748,378,497
1984-08-06,502,636,502,634
1984-08-07,828,828,828,828
1984-08-08,830,830,231,587
1984-08-09,721,721,361,657
1984-08-10,192,343,192,270
1984-08-11,387,450,238,390
1984-08-12,371,890,371,518
1984-08-13,126,475,126,174
1984-08-14,464,464,464,464
1984-08-15,713,713,713,713
1984-08-16,548,548,533,540
1984-08-17,981,981,619,739
1984-08-18,892,892,835,879
1984-08-19,390,390,318,328
1984-08-20,316,316,316,316
1984-08-21,763,763,342,511
1984-08-22,251,350,251,292
1984-08-23,615,615,143,508
1984-08-24,819,859,498,622
1984-08-25,973,973,120,759
1984-08-26,613,613,411,569
1984-08-27,782,816,782,805
1984-08-28,641,641,578,625
1984-08-29,308,308,63,158
1984-08-30,862,862,775,813
1984-08-31,491,491,98,248
1984-09-01,404,816,404,760
1984-09-02,511,907,511,894
1984-09-03,585,668,79,127
1984-09-04,39,986,39,979
1984-09-05,170,170,170,170
1984-09-06,621,621,40,333
1984-09-07,252,252,252,252
1984-09-08,531,531,531,531
1984-09-09,913,913,427,824
1984-09-10,269,290,269,269
1984-09-11,128,670,128,284
1984-09-12,315,758,249,334
1984-09-13,231,633,231,453
1984-09-14,768,768,103,551
1984-09-15,846,941,676,844
1984-09-16,827,827,229,510
1984-09-17,528,532,528,528
1984-09-18,32,551,32,203
1984-09-19,455,455,229,351
1984-09-20,503,558,420,455
1984-09-21,587,930,587,642
1984-09-22,559,994,371,647
1984-09-23,423,423,351,359
1984-09-24,984,984,359,399
1984-09-25,123,123,48,48
1984-09-26,748,748,429,564
1984-09-27,514,543,514,543
1984-09-28,687,687,687,687
1984-09-29,157,157,157,157
1984-09-30,441,441,441,441
1984-10-01,210,845,210,554
1984-10-02,185,211,185,185
1984-10-03,936,936,324,865
1984-10-04,642,642,230,230
1984-10-05,824,824,252,359
1984-10-06,556,556,556,556
1984-10-07,23,591,2,112
1984-10-08,581,581,432,555
1984-10-09,773,773,165,554
1984-10-10,784,784,669,705
1984-10-11,511,874,511,797
1984-10-12,67,308,67,90
1984-10-13,280,991,280,790
1984-10-14,666,666,95,483
1984-10-15,203,275,203,256
1984-10-16,776,776,627,674
1984-10-17,526,526,493,523
1984-10-18,778,778,224,759
1984-10-19,370,922,370,463
1984-10-20,220,843,220,829
1984-10-21,445,685,445,599
1984-10-22,273,273,273,273
1984-10-23,825,825,590,624
1984-10-24,130,519,130,439
1984-10-25,179,781,139,447
1984-10-26,343,588,343,399
1984-10-27,437,437,437,437
1984-10-28,54,806,54,356
1984-10-29,661,661,463,593
1984-10-30,369,527,184,245
1984-10-31,640,729,640,674
1984-11-01,113,793,113,520
1984-11-02,634,844,634,730
1984-11-03,324,481,147,480
1984-11-04,917,917,907,915
1984-11-05,267,606,267,548
1984-11-06,241,704,65,445
1984-11-07,13,863,13,679
1984-11-08,837,837,837,837
1984-11-09,893,893,726,759
1984-11-10,757,757,650,696
1984-11-11,292,323,292,322
1984-11-12,671,671,671,671
1984-11-13,25,61,25,49
1984-11-14,820,820,658,784
1984-11-15,17,392,17,228
1984-11-16,782,954,454,573
1984-11-17,821,821,268,768
1984-11-18,754,754,207,730
1984-11-19,721,721,189,263
1984-11-20,893,975,771,932
1984-11-21,2,120,2,38
1984-11-22,116,716,116,579
1984-11-23,394,606,394,567
1984-11-24,200,952,200,866
1984-11-25,49,320,49,311
1984-11-26,885,940,531,728
1984-11-27,148,175,31,162
1984-11-28,44,419,44,257
1984-11-29,415,660,415,489
1984-11-30,294,828,210,465
1984-12-01,91,185,91,161
1984-12-02,685,948,16,912
1984-12-03,727,727,727,727
1984-12-04,865,997,126,810
1984-12-05,162,941,162,388
1984-12-06,324,835,324,423
1984-12-07,583,641,496,580
1984-12-08,357,357,71,298
1984-12-09,714,733,714,731
1984-12-10,868,868,175,357
1984-12-11,351,470,105,465
1984-12-12,59,565,59,178
1984-12-13,496,496,137,336
1984-12-14,984,984,140,209
1984-12-15,250,250,250,250
1984-12-16,199,429,199,324
1984-12-17,948,948,660,744
1984-12-18,862,862,286,407
1984-12-19,235,317,153,211
1984-12-20,499,499,499,499
1984-12-21,788,788,293,617
1984-12-22,817,817,817,817
1984-12-23,493,558,430,457
1984-12-24,977,977,482,529
1984-12-25,933,933,208,548
1984-12-26,788,788,760,761
1984-12-27,162,777,162,353
1984-12-28,40,102,40,41
1984-12-29,690,690,8,453
1984-12-30,918,918,911,917
1984-12-31,689,689,689,689
1985-01-01,484,484,484,484
1985-01-02,83,398,83,335
1985-01-03,853,853,92,329
1985-01-04,344,512,344,361
1985-01-05,649,649,649,649
1985-01-06,465,517,465,516
1985-01-07,525,698,525,696
1985-01-08,352,962,229,961
1985-01-09,29,244,29,72
1985-01-10,249,249,249,249
1985-01-11,959,959,337,646
1985-01-12,679,679,616,677
1985-01-13,761,761,82,672
1985-01-14,362,839,362,477
1985-01-15,762,762,372,646
1985-01-16,394,394,338,351
1985-01-17,920,920,785,871
1985-01-18,305,715,305,627
1985-01-19,782,782,772,775
1985-01-20,184,942,163,588
1985-01-21,7,683,7,490
1985-01-22,773,773,637,767
1985-01-23,604,604,509,539
1985-01-24,470,470,470,470
1985-01-25,28,480,28,270
1985-01-26,150,868,150,374
1985-01-27,199,581,199,532
1985-01-28,953,953,919,928
1985-01-29,546,937,546,898
1985-01-30,383,635,296,407
1985-01-31,18,72,18,39
1985-02-01,795,795,734,757
1985-02-02,762,794,361,681
1985-02-03,450,758,450,651
1985-02-04,689,689,689,689
1985-02-05,55,538,47,387
1985-02-06,521,613,521,569
1985-02-07,673,993,673,746
1985-02-08,199,199,199,199
1985-02-09,250,942,250,388
1985-02-10,644,644,184,543
1985-02-11,684,684,507,672
1985-02-12,505,505,505,505
1985-02-13,121,686,121,671
1985-02-14,214,884,214,794
1985-02-15,90,604,90,492
1985-02-16,290,971,290,950
1985-02-17,312,312,67,311
1985-02-18,54,109,54,60
1985-02-19,855,855,85,120
1985-02-20,206,682,206,301
1985-02-21,97,224,97,104
1985-02-22,973,973,45,843
1985-02-23,586,693,586,619
1985-02-24,362,502,362,446
1985-02-25,907,907,689,799
1985-02-26,362,616,333,586
1985-02-27,36,935,36,261
1985-02-28,469,469,469,469
1985-03-01,698,698,698,698
1985-03-02,22,960,22,93
1985-03-03,529,529,450,484
1985-03-04,756,756,756,756
1985-03-05,661,661,661,661
1985-03-06,420,831,288,347
1985-03-07,487,487,27,474
1985-03-08,433,433,433,433
1985-03-09,142,788,142,397
1985-03-10,353,353,353,353
1985-03-11,548,689,548,629
1985-03-12,21,522,21,274
1985-03-13,708,708,708,708
1985-03-14,44,613,44,479
1985-03-15,719,719,690,713
1985-03-16,30,532,30,265
1985-03-17,667,667,55,478
1985-03-18,161,364,17,235
1985-03-19,328,328,328,328
1985-03-20,558,558,486,490
1985-03-21,629,629,603,609
1985-03-22,299,299,299,299
1985-03-23,285,285,285,285
1985-03-24,392,798,392,443
1985-03-25,880,880,186,806
1985-03-26,629,629,629,629
1985-03-27,744,744,609,641
1985-03-28,266,706,266,611
1985-03-29,856,856,578,618
1985-03-30,99,222,99,171
1985-03-31,974,974,388,616
1985-04-01,407,407,407,407
1985-04-02,330,511,330,452
1985-04-03,344,344,344,344
1985-04-04,595,595,595,595
1985-04-05,56,500,56,93
1985-04-06,849,849,269,619
1985-04-07,330,437,330,403
1985-04-08,110,607,110,213
1985-04-09,823,823,143,673
1985-04-10,93,309,93,128
1985-04-11,723,723,638,672
1985-04-12,603,603,278,603
1985-04-13,921,921,484,585
1985-04-14,940,940,207,782
1985-04-15,557,557,342,354
1985-04-16,381,592,381,425
1985-04-17,931,931,543,719
1985-04-18,113,647,113,207
1985-04-19,977,977,344,602
1985-04-20,425,597,142,382
1985-04-21,142,226,142,159
1985-04-22,163,163,163,163
1985-04-23,243,746,243,317
1985-04-24,512,512,503,504
1985-04-25,956,956,873,901
1985-04-26,324,431,324,395
1985-04-27,997,997,577,657
1985-04-28,732,732,170,225
1985-04-29,543,543,543,543
1985-04-30,248,301,248,270
1985-05-01,271,929,271,502
1985-05-02,709,709,414,631
1985-05-03,488,488,134,463
1985-05-04,565,565,511,540
1985-05-05,364,383,364,367
1985-05-06,72,947,72,218
1985-05-07,635,809,539,590
1985-05-08,488,821,488,586
1985-05-09,96,767,96,497
1985-05-10,706,706,306,694
1985-05-11,765,765,456,658
1985-05-12,418,418,406,406
1985-05-13,544,824,544,601
1985-05-14,192,605,130,273
1985-05-15,781,781,781,781
1985-05-16,246,636,246,353
1985-05-17,671,671,369,479
1985-05-18,202,597,202,524
1985-05-19,663,871,663,777
1985-05-20,514,943,514,592
1985-05-21,428,942,404,585
1985-05-22,573,573,544,572
1985-05-23,657,657,81,382
1985-05-24,972,972,463,947
1985-05-25,242,453,242,359
1985-05-26,315,315,315,315
1985-05-27,511,511,511,511
1985-05-28,173,173,173,173
1985-05-29,514,514,376,420
1985-05-30,780,780,780,780
1985-05-31,670,670,670,670
1985-06-01,393,878,129,641
1985-06-02,620,620,531,579
1985-06-03,74,564,74,133
1985-06-04,731,788,671,706
1985-06-05,604,695,331,556
1985-06-06,725,725,402,493
1985-06-07,123,681,123,509
1985-06-08,352,419,76,407
1985-06-09,352,473,352,399
1985-06-10,672,867,83,759
1985-06-11,48,48,48,48
1985-06-12,985,985,334,565
1985-06-13,978,978,457,855
1985-06-14,250,474,250,276
1985-06-15,590,590,590,590
1985-06-16,379,379,379,379
1985-06-17,318,482,318,481
1985-06-18,252,821,252,574
1985-06-19,284,284,53,170
1985-06-20,247,418,247,293
1985-06-21,967,967,630,677
1985-06-22,130,412,130,390
1985-06-23,93,97,93,94
1985-06-24,341,841,341,787
1985-06-25,236,575,236,442
1985-06-26,177,972,54,426
1985-06-27,459,459,459,459
1985-06-28,73,430,73,345
1985-06-29,408,993,408,685
1985-06-30,772,888,321,886
1985-07-01,398,663,58,183
1985-07-02,253,282,253,258
1985-07-03,276,980,276,300
1985-07-04,803,803,216,225
1985-07-05,120,721,50,59
1985-07-06,461,482,159,165
1985-07-07,696,696,696,696
1985-07-08,626,626,454,455
1985-07-09,622,622,599,612
1985-07-10,448,910,448,580
1985-07-11,474,474,474,474
1985-07-12,8,358,8,223
1985-07-13,101,876,101,130
1985-07-14,853,943,179,735
1985-07-15,769,769,401,456
1985-07-16,234,234,234,234
1985-07-17,377,377,195,334
1985-07-18,59,401,59,224
1985-07-19,537,537,65,144
1985-07-20,568,935,568,585
1985-07-21,705,882,705,872
1985-07-22,344,688,225,567
1985-07-23,888,888,810,882
1985-07-24,977,977,475,580
1985-07-25,147,583,147,529
1985-07-26,985,985,208,429
1985-07-27,631,631,631,631
1985-07-28,922,922,183,861
1985-07-29,457,457,135,319
1985-07-30,894,894,201,870
1985-07-31,642,642,642,642
1985-08-01,825,825,637,766
1985-08-02,656,656,265,315
1985-08-03,665,665,405,582
1985-08-04,438,610,132,155
1985-08-05,833,833,295,473
1985-08-06,836,836,836,836
1985-08-07,695,834,695,756
1985-08-08,49,375,49,181
1985-08-09,294,435,294,357
1985-08-10,901,901,626,897
1985-08-11,606,842,606,730
1985-08-12,761,761,4,115
1985-08-13,446,446,446,446
1985-08-14,900,900,780,790
1985-08-15,289,714,289,324
1985-08-16,234,370,234,273
1985-08-17,245,353,245,323
1985-08-18,507,660,507,622
1985-08-19,931,931,354,667
1985-08-20,656,656,656,656
1985-08-21,837,837,837,837
1985-08-22,85,706,85,603
1985-08-23,582,582,582,582
1985-08-24,668,948,625,944
1985-08-25,73,321,73,223
1985-08-26,564,564,564,564
1985-08-27,266,748,266,319
1985-08-28,979,979,360,763
1985-08-29,100,676,5,185
1985-08-30,832,832,263,437
1985-08-31,293,293,285,285
1985-09-01,351,820,351,556
1985-09-02,563,563,563,563
1985-09-03,947,947,942,946
1985-09-04,261,458,261,395
1985-09-05,426,426,145,297
1985-09-06,236,402,236,322
1985-09-07,915,915,89,175
1985-09-08,770,770,488,489
1985-09-09,452,452,276,355
1985-09-10,581,840,581,812
1985-09-11,295,295,287,291
1985-09-12,792,792,363,778
1985-09-13,902,902,184,864
1985-09-14,581,581,581,581
1985-09-15,350,680,350,527
1985-09-16,545,545,339,515
1985-09-17,580,679,580,594
1985-09-18,234,671,146,195
1985-09-19,497,497,321,374
1985-09-20,787,787,112,420
1985-09-21,0,752,0,342
1985-09-22,195,686,195,607
1985-09-23,788,788,788,788
1985-09-24,120,745,120,311
1985-09-25,358,492,358,475
1985-09-26,867,867,867,867
1985-09-27,112,965,112,730
1985-09-28,217,277,217,248
1985-09-29,286,594,239,472
1985-09-30,875,875,57,356
1985-10-01,174,419,174,403
1985-10-02,627,997,157,251
1985-10-03,337,337,337,337
1985-10-04,817,817,366,517
1985-10-05,850,850,611,791
1985-10-06,323,323,320,321
1985-10-07,895,897,407,644
1985-10-08,521,763,417,513
1985-10-09,320,579,122,467
1985-10-10,160,160,160,160
1985-10-11,104,994,104,986
1985-10-12,829,829,244,568
1985-10-13,332,332,332,332
1985-10-14,477,993,384,951
1985-10-15,363,575,363,509
1985-10-16,950,950,424,714
1985-10-17,642,642,642,642
1985-10-18,755,755,314,326
1985-10-19,593,593,593,593
1985-10-20,341,341,236,324
1985-10-21,99,99,99,99
1985-10-22,908,908,343,353
1985-10-23,163,173,163,164
1985-10-24,666,999,661,773
1985-10-25,107,861,107,307
1985-10-26,927,927,330,620
1985-10-27,128,128,128,128
1985-10-28,262,262,130,177
1985-10-29,303,395,195,216
1985-10-30,905,905,265,779
1985-10-31,912,912,181,636
1985-11-01,900,900,178,585
1985-11-02,821,821,729,766
1985-11-03,507,507,368,484
1985-11-04,426,428,426,428
1985-11-05,831,831,831,831
1985-11-06,929,929,374,879
1985-11-07,409,409,409,409
1985-11-08,78,776,78,183
1985-11-09,910,910,387,822
1985-11-10,59,699,59,179
1985-11-11,558,558,438,553
1985-11-12,338,717,268,674
1985-11-13,787,787,315,684
1985-11-14,540,540,126,205
1985-11-15,704,704,47,453
1985-11-16,988,988,538,931
1985-11-17,587,587,388,554
1985-11-18,186,925,186,450
1985-11-19,77,322,77,213
1985-11-20,80,163,80,90
1985-11-21,431,630,431,554
1985-11-22,854,927,671,737
1985-11-23,860,860,282,584
1985-11-24,732,732,617,673
1985-11-25,360,898,258,737
1985-11-26,793,793,167,663
1985-11-27,180,763,180,461
1985-11-28,837,837,165,394
1985-11-29,882,882,882,882
1985-11-30,8,148,8,21
1985-12-01,295,295,144,201
1985-12-02,473,947,12,662
1985-12-03,846,846,846,846
1985-12-04,201,254,201,235
1985-12-05,926,926,926,926
1985-12-06,404,404,345,364
1985-12-07,194,637,160,366
1985-12-08,867,898,288,799
1985-12-09,549,549,288,396
1985-12-10,731,731,665,675
1985-12-11,552,838,552,740
1985-12-12,111,672,111,593
1985-12-13,492,492,492,492
1985-12-14,447,447,304,340
1985-12-15,75,362,75,162
1985-12-16,128,260,128,157
1985-12-17,672,672,475,505
1985-12-18,312,312,194,280
1985-12-19,62,357,62,145
1985-12-20,853,853,607,715
1985-12-21,20,844,20,691
1985-12-22,254,928,254,497
1985-12-23,851,851,93,735
1985-12-24,754,754,522,659
1985-12-25,555,693,246,363
1985-12-26,976,976,415,626
1985-12-27,598,598,598,598
1985-12-28,35,527,35,348
1985-12-29,127,258,127,237
1985-12-30,500,500,500,500
1985-12-31,498,557,129,184
1986-01-01,86,88,86,86
1986-01-02,802,802,635,790
1986-01-03,171,509,171,184
1986-01-04,597,597,422,477
1986-01-05,858,858,858,858
1986-01-06,132,159,132,136
1986-01-07,857,857,601,663
1986-01-08,634,964,634,704
1986-01-09,56,79,56,60
1986-01-10,969,969,18,632
1986-01-11,405,405,144,295
1986-01-12,922,922,372,467
1986-01-13,51,224,51,190
1986-01-14,888,888,129,160
1986-01-15,1,753,1,545
1986-01-16,712,712,90,378
1986-01-17,69,646,69,526
1986-01-18,690,690,448,531
1986-01-19,57,895,57,470
1986-01-20,850,850,48,688
1986-01-21,985,985,882,933
1986-01-22,769,843,769,806
1986-01-23,456,456,456,456
1986-01-24,84,368,84,187
1986-01-25,673,673,673,673
1986-01-26,581,709,581,587
1986-01-27,515,624,515,577
1986-01-28,982,982,458,536
1986-01-29,511,511,177,508
1986-01-30,69,489,69,450
1986-01-31,538,538,538,538
1986-02-01,239,707,227,267
1986-02-02,717,717,375,587
1986-02-03,565,761,159,567
1986-02-04,976,976,221,758
1986-02-05,512,990,477,934
1986-02-06,474,592,474,582
1986-02-07,38,999,38,236
1986-02-08,899,899,314,335
1986-02-09,215,631,2,43
1986-02-10,481,659,138,219
1986-02-11,793,793,430,565
1986-02-12,75,550,75,457
1986-02-13,102,102,102,102
1986-02-14,763,993,763,815
1986-02-15,278,285,194,206
1986-02-16,182,377,182,275
1986-02-17,627,684,61,208
1986-02-18,122,540,122,247
1986-02-19,324,324,324,324
1986-02-20,142,206,142,153
1986-02-21,913,913,735,907
1986-02-22,211,530,211,256
1986-02-23,753,753,753,753
1986-02-24,902,902,136,378
1986-02-25,83,162,83,134
1986-02-26,20,414,20,348
1986-02-27,581,821,581,675
1986-02-28,843,843,421,754
1986-03-01,63,207,63,103
1986-03-02,652,955,290,759
1986-03-03,301,779,301,582
1986-03-04,477,975,477,621
1986-03-05,962,962,533,690
1986-03-06,162,732,162,578
1986-03-07,13,982,13,677
1986-03-08,529,529,529,529
1986-03-09,81,675,81,492
1986-03-10,603,603,241,596
1986-03-11,188,950,188,741
1986-03-12,94,94,94,94
1986-03-13,364,364,134,150
1986-03-14,89,758,89,223
1986-03-15,936,936,49,604
1986-03-16,766,766,766,766
1986-03-17,844,844,18,214
1986-03-18,933,933,88,403
1986-03-19,791,791,53,173
1986-03-20,227,772,227,768
1986-03-21,177,720,177,488
1986-03-22,424,727,424,621
1986-03-23,195,645,195,639
1986-03-24,886,886,259,770
1986-03-25,153,913,153,351
1986-03-26,545,596,240,322
1986-03-27,203,268,203,206
1986-03-28,170,692,170,189
1986-03-29,559,559,109,146
1986-03-30,133,263,133,162
1986-03-31,53,867,53,271
1986-04-01,670,670,623,634
1986-04-02,909,909,831,904
1986-04-03,91,187,91,120
1986-04-04,104,735,104,233
1986-04-05,638,638,476,552
1986-04-06,253,706,253,577
1986-04-07,66,691,66,690
1986-04-08,477,546,477,486
1986-04-09,146,338,146,217
1986-04-10,140,857,140,331
1986-04-11,582,582,582,582
1986-04-12,383,383,78,84
1986-04-13,498,931,467,907
1986-04-14,507,819,378,686
1986-04-15,326,326,326,326
1986-04-16,702,702,610,642
1986-04-17,870,870,377,806
1986-04-18,64,655,64,307
1986-04-19,642,642,120,283
1986-04-20,322,902,322,328
1986-04-21,547,672,295,516
1986-04-22,278,278,278,278
1986-04-23,961,961,930,943
1986-04-24,960,960,334,686
1986-04-25,808,808,492,685
1986-04-26,397,397,182,354
1986-04-27,225,225,225,225
1986-04-28,985,985,603,752
1986-04-29,382,382,158,186
1986-04-30,997,997,274,740
1986-05-01,755,755,474,738
1986-05-02,206,839,41,457
1986-05-03,778,778,778,778
1986-05-04,13,675,13,582
1986-05-05,983,983,201,337
1986-05-06,490,818,17,185
1986-05-07,991,991,641,800
1986-05-08,546,546,153,368
1986-05-09,775,775,775,775
1986-05-10,617,860,617,692
1986-05-11,4,537,4,31
1986-05-12,695,695,258,388
1986-05-13,301,486,178,260
1986-05-14,872,872,28,607
1986-05-15,401,401,401,401
1986-05-16,324,324,22,321
1986-05-17,722,722,504,623
1986-05-18,184,221,184,200
1986-05-19,508,890,16,546
1986-05-20,626,695,626,640
1986-05-21,995,995,746,932
1986-05-22,427,779,427,693
1986-05-23,418,462,299,321
1986-05-24,651,651,651,651
1986-05-25,396,660,4,398
1986-05-26,587,587,147,290
1986-05-27,346,348,346,346
1986-05-28,515,515,515,515
1986-05-29,219,219,96,215
1986-05-30,740,740,740,740
1986-05-31,728,728,397,534
1986-06-01,350,350,350,350
1986-06-02,560,560,560,560
1986-06-03,603,917,298,608
1986-06-04,716,716,335,576
1986-06-05,687,687,432,623
1986-06-06,214,853,43,342
1986-06-07,109,144,109,134
1986-06-08,561,730,33,405
1986-06-09,575,575,531,554
1986-06-10,466,734,466,660
1986-06-11,540,540,418,432
1986-06-12,641,647,589,640
1986-06-13,264,264,112,217
1986-06-14,457,457,457,457
1986-06-15,980,980,700,760
1986-06-16,219,568,219,332
1986-06-17,739,828,732,807
1986-06-18,169,610,12,257
1986-06-19,523,523,148,391
1986-06-20,784,784,265,621
1986-06-21,447,447,370,428
1986-06-22,301,301,301,301
1986-06-23,229,898,229,557
1986-06-24,858,858,840,847
1986-06-25,178,448,178,328
1986-06-26,421,645,111,146
1986-06-27,692,692,32,122
1986-06-28,117,995,117,399
1986-06-29,640,640,425,613
1986-06-30,110,246,110,227
1986-07-01,58,702,58,366
1986-07-02,890,890,461,520
1986-07-03,479,621,479,603
1986-07-04,967,967,310,356
1986-07-05,61,631,61,594
1986-07-06,707,707,136,491
1986-07-07,776,776,146,749
1986-07-08,182,182,182,182
1986-07-09,689,947,361,745
1986-07-10,803,803,22,752
1986-07-11,453,985,298,739
1986-07-12,133,625,133,581
1986-07-13,472,472,129,316
1986-07-14,707,707,707,707
1986-07-15,851,853,536,778
1986-07-16,857,857,857,857
1986-07-17,259,259,30,84
1986-07-18,101,784,101,555
1986-07-19,8,459,8,234
1986-07-20,993,998,103,576
1986-07-21,624,624,370,492
1986-07-22,647,647,647,647
1986-07-23,560,560,273,447
1986-07-24,584,935,584,661
1986-07-25,3,784,3,768
1986-07-26,540,984,136,523
1986-07-27,768,768,408,522
1986-07-28,977,977,128,678
1986-07-29,342,342,338,342
1986-07-30,725,725,626,682
1986-07-31,667,818,667,751
1986-08-01,467,634,467,624
1986-08-02,829,855,604,674
1986-08-03,683,683,423,496
1986-08-04,245,613,245,575
1986-08-05,447,447,447,447
1986-08-06,10,147,10,133
1986-08-07,139,414,139,194
1986-08-08,388,808,388,695
1986-08-09,753,753,753,753
1986-08-10,712,712,60,245
1986-08-11,623,623,573,590
1986-08-12,48,499,48,50
1986-08-13,133,990,133,364
1986-08-14,9,639,9,332
1986-08-15,177,177,177,177
1986-08-16,255,756,255,626
1986-08-17,311,803,311,483
1986-08-18,413,413,238,262
1986-08-19,207,443,207,273
1986-08-20,105,526,105,286
1986-08-21,241,846,241,743
1986-08-22,909,909,672,887
1986-08-23,739,739,691,699
1986-08-24,512,952,51,397
1986-08-25,825,873,825,859
1986-08-26,306,538,306,424
1986-08-27,341,746,341,599
1986-08-28,636,636,636,636
1986-08-29,128,915,128,600
1986-08-30,857,857,815,857
1986-08-31,30,249,30,75
1986-09-01,593,743,347,372
1986-09-02,832,832,359,569
1986-09-03,344,559,344,505
1986-09-04,522,522,420,426
1986-09-05,260,260,212,234
1986-09-06,718,718,259,529
1986-09-07,536,717,536,545
1986-09-08,3,3,3,3
1986-09-09,155,882,155,422
1986-09-10,963,963,88,957
1986-09-11,899,899,465,676
1986-09-12,459,982,459,617
1986-09-13,270,806,200,676
1986-09-14,930,930,784,787
1986-09-15,150,150,150,150
1986-09-16,789,789,657,664
1986-09-17,239,613,26,579
1986-09-18,61,169,61,113
1986-09-19,989,989,100,963
1986-09-20,22,399,22,372
1986-09-21,652,652,652,652
1986-09-22,19,28,19,26
1986-09-23,336,813,336,437
1986-09-24,616,867,616,765
1986-09-25,388,850,388,839
1986-09-26,547,633,547,585
1986-09-27,718,718,134,367
1986-09-28,213,711,213,478
1986-09-29,659,854,659,728
1986-09-30,578,578,71,474
1986-10-01,92,779,92,550
1986-10-02,732,875,676,750
1986-10-03,508,508,22,92
1986-10-04,372,771,372,764
1986-10-05,781,976,773,817
1986-10-06,377,955,235,443
1986-10-07,144,942,144,619
1986-10-08,646,646,140,465
1986-10-09,173,735,173,602
1986-10-10,934,934,242,503
1986-10-11,427,511,250,489
1986-10-12,348,574,319,477
1986-10-13,712,712,672,681
1986-10-14,984,984,818,978
1986-10-15,172,929,172,524
1986-10-16,419,419,118,208
1986-10-17,964,964,694,964
1986-10-18,255,711,255,510
1986-10-19,861,861,861,861
1986-10-20,181,995,181,920
1986-10-21,242,438,242,304
1986-10-22,423,934,221,868
1986-10-23,962,962,726,821
1986-10-24,126,839,126,317
1986-10-25,245,491,245,391
1986-10-26,775,775,672,775
1986-10-27,853,853,349,692
1986-10-28,770,770,770,770
1986-10-29,230,540,230,309
1986-10-30,751,751,191,303
1986-10-31,45,378,2,22
1986-11-01,336,680,336,456
1986-11-02,537,537,537,537
1986-11-03,335,700,335,555
1986-11-04,287,287,287,287
1986-11-05,573,573,573,573
1986-11-06,815,815,80,394
1986-11-07,545,839,453,828
1986-11-08,30,252,30,56
1986-11-09,435,435,49,79
1986-11-10,414,577,414,450
1986-11-11,710,833,119,518
1986-11-12,43,690,43,49
1986-11-13,955,955,955,955
1986-11-14,596,596,175,211
1986-11-15,128,788,128,417
1986-11-16,695,863,213,381
1986-11-17,881,881,248,523
1986-11-18,297,297,297,297
1986-11-19,78,864,13,860
1986-11-20,588,588,429,442
1986-11-21,608,608,450,606
1986-11-22,603,603,464,581
1986-11-23,750,750,264,622
1986-11-24,322,727,322,557
1986-11-25,833,833,831,833
1986-11-26,987,987,491,681
1986-11-27,210,686,210,638
1986-11-28,407,407,182,208
1986-11-29,96,96,96,96
1986-11-30,576,661,256,427
1986-12-01,602,609,602,603
1986-12-02,662,662,662,662
1986-12-03,99,715,99,662
1986-12-04,633,633,633,633
1986-12-05,197,663,22,272
1986-12-06,714,714,714,714
1986-12-07,288,899,288,714
1986-12-08,82,779,82,396
1986-12-09,247,608,247,563
1986-12-10,835,835,388,395
1986-12-11,870,870,400,723
1986-12-12,745,745,515,662
1986-12-13,451,900,451,628
1986-12-14,468,702,468,639
1986-12-15,825,996,775,922
1986-12-16,225,225,225,225
1986-12-17,577,985,577,770
1986-12-18,876,876,728,868
1986-12-19,744,744,744,744
1986-12-20,20,368,20,97
1986-12-21,810,810,570,681
1986-12-22,34,614,34,356
1986-12-23,682,682,531,626
1986-12-24,735,903,149,174
1986-12-25,485,701,485,519
1986-12-26,553,553,553,553
1986-12-27,499,499,120,279
1986-12-28,692,692,657,684
1986-12-29,985,985,250,969
1986-12-30,60,607,60,83
1986-12-31,217,217,217,217
1987-01-01,953,953,203,784
1987-01-02,178,987,178,668
1987-01-03,822,822,26,164
1987-01-04,124,991,124,432
1987-01-05,503,503,503,503
1987-01-06,349,349,148,276
1987-01-07,916,916,173,749
1987-01-08,524,877,196,823
1987-01-09,331,875,331,785
1987-01-10,639,639,547,583
1987-01-11,193,193,193,193
1987-01-12,635,683,635,640
1987-01-13,17,69,17,34
1987-01-14,944,946,944,944
1987-01-15,137,433,96,137
1987-01-16,518,518,518,518
1987-01-17,751,831,540,647
1987-01-18,802,802,100,710
1987-01-19,495,495,495,495
1987-01-20,111,637,111,489
1987-01-21,605,605,241,503
1987-01-22,427,786,427,623
1987-01-23,7,563,7,382
1987-01-24,495,509,15,135
1987-01-25,8,604,8,509
1987-01-26,480,480,129,141
1987-01-27,403,801,403,460
1987-01-28,993,993,480,826
1987-01-29,591,591,21,420
1987-01-30,415,415,415,415
1987-01-31,309,666,309,361
1987-02-01,645,750,645,675
1987-02-02,795,846,525,634
1987-02-03,558,558,558,558
1987-02-04,659,659,105,537
1987-02-05,924,924,388,561
1987-02-06,866,866,201,481
1987-02-07,237,657,237,537
1987-02-08,423,423,423,423
1987-02-09,132,817,132,257
1987-02-10,85,268,85,201
1987-02-11,225,368,225,287
1987-02-12,667,667,667,667
1987-02-13,465,465,313,442
1987-02-14,404,404,127,243
1987-02-15,629,685,448,603
1987-02-16,502,502,502,502
1987-02-17,159,303,159,192
1987-02-18,419,419,119,235
1987-02-19,571,634,571,608
1987-02-20,357,357,357,357
1987-02-21,419,782,419,544
1987-02-22,792,792,682,718
1987-02-23,771,805,275,721
1987-02-24,254,729,254,435
1987-02-25,498,598,498,530
1987-02-26,687,687,317,380
1987-02-27,408,408,408,408
1987-02-28,711,711,711,711
1987-03-01,747,747,511,698
1987-03-02,487,917,239,589
1987-03-03,8,209,8,45
1987-03-04,291,900,291,764
1987-03-05,921,997,921,988
1987-03-06,584,634,163,249
1987-03-07,825,825,377,559
1987-03-08,107,314,107,307
1987-03-09,134,357,134,149
1987-03-10,995,995,921,972
1987-03-11,638,638,638,638
1987-03-12,439,986,339,497
1987-03-13,848,848,44,303
1987-03-14,523,523,523,523
1987-03-15,422,589,422,468
1987-03-16,497,497,497,497
1987-03-17,971,971,747,753
1987-03-18,922,922,462,857
1987-03-19,713,997,68,204
1987-03-20,526,526,526,526
1987-03-21,863,863,556,804
1987-03-22,194,299,58,114
1987-03-23,27,498,27,390
1987-03-24,210,210,210,210
1987-03-25,758,758,242,569
1987-03-26,173,173,173,173
1987-03-27,556,556,556,556
1987-03-28,692,932,691,802
1987-03-29,3,895,3,686
1987-03-30,913,913,790,836
1987-03-31,644,644,644,644
1987-04-01,827,909,827,844
1987-04-02,558,558,558,558
1987-04-03,154,840,154,589
1987-04-04,738,738,196,411
1987-04-05,187,377,187,288
1987-04-06,522,635,430,528
1987-04-07,911,911,759,873
1987-04-08,710,710,710,710
1987-04-09,253,310,253,294
1987-04-10,568,580,425,505
1987-04-11,271,959,47,299
1987-04-12,349,349,349,349
1987-04-13,390,390,390,390
1987-04-14,339,713,20,158
1987-04-15,314,314,228,247
1987-04-16,664,852,613,666
1987-04-17,900,900,748,820
1987-04-18,254,449,254,318
1987-04-19,741,741,741,741
1987-04-20,185,273,185,237
1987-04-21,937,937,485,715
1987-04-22,859,859,14,582
1987-04-23,959,959,348,356
1987-04-24,142,958,142,786
1987-04-25,73,673,73,199
1987-04-26,514,767,429,527
1987-04-27,55,382,55,221
1987-04-28,313,313,238,283
1987-04-29,693,693,693,693
1987-04-30,981,981,74,262
1987-05-01,619,749,34,460
1987-05-02,382,382,382,382
1987-05-03,823,888,197,579
1987-05-04,849,849,641,821
1987-05-05,326,326,233,315
1987-05-06,191,191,191,191
1987-05-07,283,460,188,365
1987-05-08,111,897,111,209
1987-05-09,98,751,98,382
1987-05-10,65,65,65,65
1987-05-11,626,626,114,198
1987-05-12,951,951,600,657
1987-05-13,986,986,358,712
1987-05-14,947,947,421,775
1987-05-15,280,280,280,280
1987-05-16,946,946,560,868
1987-05-17,195,195,195,195
1987-05-18,590,590,207,512
1987-05-19,976,976,350,368
1987-05-20,717,717,717,717
1987-05-21,792,792,356,533
1987-05-22,463,463,334,362
1987-05-23,939,939,615,649
1987-05-24,435,818,435,702
1987-05-25,912,912,465,593
1987-05-26,966,966,603,686
1987-05-27,740,740,24,595
1987-05-28,406,712,406,492
1987-05-29,114,995,114,166
1987-05-30,519,883,280,635
1987-05-31,503,841,503,791
1987-06-01,401,934,192,284
1987-06-02,151,151,151,151
1987-06-03,504,504,434,437
1987-06-04,508,508,508,508
1987-06-05,681,681,646,673
1987-06-06,425,907,267,403
1987-06-07,384,661,53,252
1987-06-08,251,280,251,251
1987-06-09,798,798,57,658
1987-06-10,317,889,317,425
1987-06-11,935,935,273,921
1987-06-12,505,505,505,505
1987-06-13,564,564,564,564
1987-06-14,675,675,675,675
1987-06-15,415,415,415,415
1987-06-16,915,915,215,462
1987-06-17,310,988,310,413
1987-06-18,821,821,312,498
1987-06-19,758,801,322,372
1987-06-20,926,926,475,607
1987-06-21,928,928,224,276
1987-06-22,327,327,327,327
1987-06-23,744,744,640,707
1987-06-24,209,318,98,184
1987-06-25,549,549,144,397
1987-06-26,981,981,159,433
1987-06-27,551,551,362,368
1987-06-28,913,913,301,389
1987-06-29,629,908,281,782
1987-06-30,235,462,235,294
1987-07-01,359,635,123,393
1987-07-02,503,503,503,503
1987-07-03,354,476,354,440
1987-07-04,674,674,261,502
1987-07-05,392,528,222,392
1987-07-06,978,978,271,419
1987-07-07,955,955,590,838
1987-07-08,956,956,864,945
1987-07-09,345,605,345,350
1987-07-10,967,967,569,626
1987-07-11,525,525,362,434
1987-07-12,111,160,111,148
1987-07-13,758,892,501,590
1987-07-14,42,205,42,115
1987-07-15,113,553,113,275
1987-07-16,165,525,165,295
1987-07-17,750,750,398,649
1987-07-18,23,502,23,57
1987-07-19,864,864,515,649
1987-07-20,99,935,99,783
1987-07-21,78,459,78,423
1987-07-22,628,628,497,552
1987-07-23,930,930,565,921
1987-07-24,159,324,159,252
1987-07-25,841,841,117,825
1987-07-26,147,256,147,172
1987-07-27,381,800,381,413
1987-07-28,139,704,139,592
1987-07-29,128,649,128,578
1987-07-30,923,923,581,846
1987-07-31,749,749,253,445
1987-08-01,690,690,585,612
1987-08-02,589,589,285,308
1987-08-03,760,760,302,497
1987-08-04,764,764,489,567
1987-08-05,583,975,583,702
1987-08-06,869,910,178,747
1987-08-07,643,821,252,407
1987-08-08,641,641,563,617
1987-08-09,91,460,91,267
1987-08-10,911,911,441,791
1987-08-11,681,681,681,681
1987-08-12,73,682,73,559
1987-08-13,533,793,249,290
1987-08-14,14,914,14,506
1987-08-15,379,802,379,534
1987-08-16,972,972,815,944
1987-08-17,700,889,310,771
1987-08-18,569,569,569,569
1987-08-19,339,861,64,607
1987-08-20,368,963,368,881
1987-08-21,339,399,64,176
1987-08-22,174,567,174,462
1987-08-23,617,617,617,617
1987-08-24,712,712,287,486
1987-08-25,161,389,161,388
1987-08-26,4,500,4,50
1987-08-27,782,782,449,488
1987-08-28,561,640,561,635
1987-08-29,815,815,815,815
1987-08-30,382,382,382,382
1987-08-31,587,654,587,633
1987-09-01,521,722,521,593
1987-09-02,401,508,391,475
1987-09-03,953,953,218,600
1987-09-04,268,848,268,844
1987-09-05,858,858,858,858
1987-09-06,51,538,51,492
1987-09-07,197,307,197,296
1987-09-08,162,186,162,170
1987-09-09,259,259,259,259
1987-09-10,931,931,279,392
1987-09-11,155,827,155,654
1987-09-12,684,684,665,683
1987-09-13,871,871,195,781
1987-09-14,805,805,805,805
1987-09-15,574,574,141,401
1987-09-16,62,567,62,520
1987-09-17,29,819,29,723
1987-09-18,223,822,223,698
1987-09-19,914,914,200,352
1987-09-20,893,986,738,778
1987-09-21,350,398,350,393
1987-09-22,983,983,749,851
1987-09-23,684,827,338,510
1987-09-24,818,818,470,596
1987-09-25,481,627,481,601
1987-09-26,739,739,219,359
1987-09-27,992,992,855,977
1987-09-28,779,779,745,773
1987-09-29,479,479,479,479
1987-09-30,120,609,120,472
1987-10-01,918,918,625,783
1987-10-02,213,284,213,245
1987-10-03,783,783,503,679
1987-10-04,688,688,688,688
1987-10-05,420,420,420,420
1987-10-06,135,135,135,135
1987-10-07,696,696,21,508
1987-10-08,476,682,28,374
1987-10-09,292,685,232,417
1987-10-10,269,269,165,195
1987-10-11,190,899,188,673
1987-10-12,196,738,196,581
1987-10-13,687,687,94,126
1987-10-14,219,800,219,512
1987-10-15,457,915,51,265
1987-10-16,706,706,445,498
1987-10-17,386,509,386,468
1987-10-18,944,944,490,730
1987-10-19,7,792,7,121
1987-10-20,894,894,496,719
1987-10-21,796,796,31,494
1987-10-22,462,462,462,462
1987-10-23,899,960,764,903
1987-10-24,481,932,172,284
1987-10-25,73,73,73,73
1987-10-26,499,499,117,168
1987-10-27,249,249,249,249
1987-10-28,941,941,774,848
1987-10-29,720,720,489,659
1987-10-30,3,177,3,108
1987-10-31,488,855,81,628
1987-11-01,800,963,356,602
1987-11-02,122,288,122,198
1987-11-03,34,873,34,381
1987-11-04,938,938,399,668
1987-11-05,276,893,129,740
1987-11-06,363,537,35,261
1987-11-07,189,989,158,382
1987-11-08,835,835,790,804
1987-11-09,945,945,259,456
1987-11-10,451,912,451,671
1987-11-11,887,887,650,748
1987-11-12,907,907,812,900
1987-11-13,173,658,173,201
1987-11-14,483,483,438,463
1987-11-15,46,199,46,50
1987-11-16,296,296,75,117
1987-11-17,326,481,326,414
1987-11-18,870,870,870,870
1987-11-19,926,926,139,358
1987-11-20,451,966,451,782
1987-11-21,231,882,216,774
1987-11-22,883,883,836,880
1987-11-23,371,499,371,478
1987-11-24,625,657,329,422
1987-11-25,428,428,416,416
1987-11-26,657,826,657,757
1987-11-27,558,696,196,604
1987-11-28,985,985,538,881
1987-11-29,613,613,613,613
1987-11-30,660,660,605,646
1987-12-01,642,642,534,555
1987-12-02,472,663,468,502
1987-12-03,211,717,211,300
1987-12-04,771,771,771,771
1987-12-05,423,785,140,530
1987-12-06,537,537,281,312
1987-12-07,295,830,295,509
1987-12-08,581,833,581,791
1987-12-09,224,224,224,224
1987-12-10,221,894,221,398
1987-12-11,991,991,505,694
1987-12-12,521,521,268,474
1987-12-13,744,744,744,744
1987-12-14,82,84,82,83
1987-12-15,958,958,832,927
1987-12-16,309,309,309,309
1987-12-17,33,993,33,395
1987-12-18,145,879,145,789
1987-12-19,929,929,466,611
1987-12-20,4,651,4,348
1987-12-21,392,392,210,261
1987-12-22,169,169,89,152
1987-12-23,402,983,54,756
1987-12-24,472,472,472,472
1987-12-25,622,622,622,622
1987-12-26,585,585,585,585
1987-12-27,576,935,576,584
1987-12-28,865,865,706,744
1987-12-29,877,877,288,454
1987-12-30,850,850,403,760
1987-12-31,46,164,46,107
1988-01-01,986,986,323,746
1988-01-02,527,527,429,495
1988-01-03,709,709,709,709
1988-01-04,559,928,559,622
1988-01-05,345,345,345,345
1988-01-06,977,977,393,697
1988-01-07,536,536,536,536
1988-01-08,265,265,265,265
1988-01-09,902,902,638,799
1988-01-10,702,702,490,606
1988-01-11,577,577,303,517
1988-01-12,925,925,310,473
1988-01-13,276,276,276,276
1988-01-14,221,466,221,458
1988-01-15,252,828,175,237
1988-01-16,377,922,377,488
1988-01-17,306,306,306,306
1988-01-18,618,618,173,390
1988-01-19,780,780,780,780
1988-01-20,484,484,484,484
1988-01-21,482,503,451,458
1988-01-22,752,976,752,897
1988-01-23,85,688,85,629
1988-01-24,10,418,10,150
1988-01-25,306,306,109,123
1988-01-26,665,665,665,665
1988-01-27,153,860,153,847
1988-01-28,0,746,0,182
1988-01-29,580,697,580,605
1988-01-30,988,988,393,751
1988-01-31,881,881,320,495
1988-02-01,830,830,476,802
1988-02-02,10,612,10,493
1988-02-03,546,546,43,44
1988-02-04,53,246,53,82
1988-02-05,270,844,270,473
1988-02-06,100,652,100,108
1988-02-07,116,755,116,478
1988-02-08,892,892,34,674
1988-02-09,507,507,272,350
1988-02-10,778,920,778,810
1988-02-11,758,758,255,500
1988-02-12,713,713,696,702
1988-02-13,712,712,712,712
1988-02-14,246,872,246,260
1988-02-15,390,390,390,390
1988-02-16,280,730,280,565
1988-02-17,224,224,196,202
1988-02-18,313,403,313,353
1988-02-19,906,906,406,725
1988-02-20,609,609,609,609
1988-02-21,292,957,292,755
1988-02-22,781,942,557,676
1988-02-23,51,700,41,553
1988-02-24,298,965,288,880
1988-02-25,705,705,587,647
1988-02-26,713,713,200,380
1988-02-27,250,804,197,434
1988-02-28,744,920,744,837
1988-02-29,729,861,729,735
1988-03-01,280,382,280,371
1988-03-02,557,557,322,552
1988-03-03,672,672,46,442
1988-03-04,493,987,267,362
1988-03-05,758,983,244,806
1988-03-06,502,900,118,133
1988-03-07,510,510,510,510
1988-03-08,690,690,600,613
1988-03-09,407,923,156,730
1988-03-10,87,275,87,255
1988-03-11,29,179,29,83
1988-03-12,352,852,352,639
1988-03-13,705,705,58,536
1988-03-14,996,996,422,930
1988-03-15,566,722,566,692
1988-03-16,555,705,555,705
1988-03-17,57,67,57,63
1988-03-18,744,744,683,741
1988-03-19,409,970,409,525
1988-03-20,964,964,897,906
1988-03-21,571,922,571,816
1988-03-22,181,715,181,636
1988-03-23,79,687,79,99
1988-03-24,234,294,174,229
1988-03-25,755,755,755,755
1988-03-26,849,849,27,79
1988-03-27,217,217,217,217
1988-03-28,839,839,839,839
1988-03-29,416,618,416,605
1988-03-30,218,734,218,418
1988-03-31,125,292,125,197
1988-04-01,124,385,124,244
1988-04-02,535,671,250,344
1988-04-03,54,97,54,93
1988-04-04,528,528,315,406
1988-04-05,540,986,290,929
1988-04-06,396,396,136,156
1988-04-07,468,565,50,248
1988-04-08,503,503,503,503
1988-04-09,441,448,441,444
1988-04-10,909,909,790,896
1988-04-11,963,963,545,740
1988-04-12,266,516,266,329
1988-04-13,256,256,256,256
1988-04-14,213,213,139,157
1988-04-15,761,761,444,546
1988-04-16,394,989,239,450
1988-04-17,867,867,289,798
1988-04-18,371,371,371,371
1988-04-19,741,741,85,339
1988-04-20,774,774,774,774
1988-04-21,423,423,58,339
1988-04-22,12,273,12,125
1988-04-23,202,358,202,273
1988-04-24,87,261,87,225
1988-04-25,682,785,623,767
1988-04-26,132,277,132,203
1988-04-27,619,833,509,600
1988-04-28,564,564,279,292
1988-04-29,227,316,182,225
1988-04-30,327,327,327,327
1988-05-01,405,450,190,227
1988-05-02,694,694,128,170
1988-05-03,126,961,126,945
1988-05-04,16,181,16,30
1988-05-05,89,792,89,726
1988-05-06,240,461,215,434
1988-05-07,646,853,109,799
1988-05-08,633,633,458,593
1988-05-09,577,770,577,589
1988-05-10,570,936,107,545
1988-05-11,495,631,495,594
1988-05-12,259,259,259,259
1988-05-13,266,518,266,481
1988-05-14,527,895,527,638
1988-05-15,278,278,278,278
1988-05-16,653,747,423,616
1988-05-17,470,484,171,231
1988-05-18,633,633,81,537
1988-05-19,690,690,87,621
1988-05-20,612,612,481,492
1988-05-21,308,760,308,467
1988-05-22,41,963,41,68
1988-05-23,881,881,881,881
1988-05-24,261,452,261,417
1988-05-25,607,948,81,345
1988-05-26,715,715,213,549
1988-05-27,364,746,102,256
1988-05-28,331,331,331,331
1988-05-29,829,829,92,180
1988-05-30,458,769,458,707
1988-05-31,981,981,51,57
1988-06-01,567,567,150,166
1988-06-02,184,234,184,212
1988-06-03,338,338,338,338
1988-06-04,853,913,458,749
1988-06-05,341,823,341,434
1988-06-06,942,942,517,797
1988-06-07,985,985,556,916
1988-06-08,755,755,755,755
1988-06-09,177,687,177,431
1988-06-10,608,871,608,838
1988-06-11,289,289,289,289
1988-06-12,969,969,468,839
1988-06-13,713,738,666,674
1988-06-14,887,887,166,761
1988-06-15,224,404,224,258
1988-06-16,349,682,55,443
1988-06-17,242,744,38,677
1988-06-18,979,979,860,875
1988-06-19,495,929,300,460
1988-06-20,172,425,96,403
1988-06-21,41,206,41,90
1988-06-22,939,939,707,710
1988-06-23,937,937,745,745
1988-06-24,654,974,550,749
1988-06-25,552,552,73,465
1988-06-26,848,848,291,697
1988-06-27,721,721,721,721
1988-06-28,570,570,570,570
1988-06-29,865,865,88,178
1988-06-30,696,835,655,831
1988-07-01,119,635,119,621
1988-07-02,154,857,154,244
1988-07-03,759,759,759,759
1988-07-04,310,310,310,310
1988-07-05,528,528,400,476
1988-07-06,844,844,149,297
1988-07-07,493,493,351,487
1988-07-08,775,775,710,721
1988-07-09,693,693,693,693
1988-07-10,495,996,142,635
1988-07-11,913,913,740,904
1988-07-12,802,940,744,881
1988-07-13,938,938,554,767
1988-07-14,400,684,305,492
1988-07-15,731,762,731,758
1988-07-16,406,406,406,406
1988-07-17,964,964,10,704
1988-07-18,407,697,407,516
1988-07-19,783,783,783,783
1988-07-20,550,832,287,776
1988-07-21,522,522,522,522
1988-07-22,384,522,384,393
1988-07-23,100,373,100,306
1988-07-24,771,771,564,625
1988-07-25,578,672,578,669
1988-07-26,417,751,115,220
1988-07-27,381,397,381,383
1988-07-28,226,750,226,706
1988-07-29,85,808,85,202
1988-07-30,327,504,171,326
1988-07-31,358,970,358,580
1988-08-01,241,241,241,241
1988-08-02,734,734,734,734
1988-08-03,419,676,379,602
1988-08-04,775,946,775,819
1988-08-05,621,621,621,621
1988-08-06,663,663,592,615
1988-08-07,339,836,113,208
1988-08-08,80,80,80,80
1988-08-09,312,790,312,404
1988-08-10,281,500,143,427
1988-08-11,959,959,353,433
1988-08-12,772,890,772,842
1988-08-13,514,514,113,191
1988-08-14,190,589,81,168
1988-08-15,61,125,61,119
1988-08-16,679,679,521,572
1988-08-17,563,739,563,643
1988-08-18,199,920,199,578
1988-08-19,508,742,508,644
1988-08-20,606,606,247,566
1988-08-21,776,776,621,646
1988-08-22,809,809,494,726
1988-08-23,331,557,307,536
1988-08-24,398,617,398,474
1988-08-25,819,881,678,791
1988-08-26,594,868,594,749
1988-08-27,297,436,217,262
1988-08-28,641,689,641,685
1988-08-29,451,451,239,323
1988-08-30,126,868,83,169
1988-08-31,538,538,139,328
1988-09-01,938,938,533,870
1988-09-02,503,603,440,513
1988-09-03,334,556,195,451
1988-09-04,998,998,731,865
1988-09-05,496,496,34,149
1988-09-06,288,288,288,288
1988-09-07,321,321,321,321
1988-09-08,940,940,734,902
1988-09-09,275,918,275,843
1988-09-10,287,890,287,619
1988-09-11,306,956,306,760
1988-09-12,327,327,327,327
1988-09-13,646,693,255,650
1988-09-14,554,554,554,554
1988-09-15,361,361,361,361
1988-09-16,764,962,629,832
1988-09-17,60,680,60,383
1988-09-18,768,989,682,712
1988-09-19,301,585,301,454
1988-09-20,572,572,572,572
1988-09-21,451,520,436,447
1988-09-22,878,878,52,618
1988-09-23,402,429,315,373
1988-09-24,509,541,509,511
1988-09-25,816,883,593,804
1988-09-26,580,580,376,390
1988-09-27,754,754,754,754
1988-09-28,13,350,13,68
1988-09-29,414,461,414,440
1988-09-30,780,820,274,290
1988-10-01,906,969,137,773
1988-10-02,27,320,27,225
1988-10-03,971,971,586,889
1988-10-04,278,504,278,437
1988-10-05,796,796,513,641
1988-10-06,744,744,462,571
1988-10-07,732,732,714,731
1988-10-08,595,750,300,307
1988-10-09,835,869,759,803
1988-10-10,45,740,45,539
1988-10-11,795,795,122,252
1988-10-12,255,891,255,387
1988-10-13,679,679,513,535
1988-10-14,715,715,715,715
1988-10-15,217,858,217,654
1988-10-16,396,396,396,396
1988-10-17,429,845,7,562
1988-10-18,125,125,125,125
1988-10-19,775,775,638,753
1988-10-20,109,412,109,324
1988-10-21,968,968,771,868
1988-10-22,364,990,126,908
1988-10-23,725,725,24,507
1988-10-24,547,547,533,539
1988-10-25,177,227,177,217
1988-10-26,827,827,827,827
1988-10-27,766,766,378,590
1988-10-28,464,464,236,421
1988-10-29,164,488,137,482
1988-10-30,739,739,739,739
1988-10-31,209,209,96,183
1988-11-01,473,612,473,576
1988-11-02,908,908,399,779
1988-11-03,956,956,903,951
1988-11-04,495,495,495,495
1988-11-05,982,982,88,260
1988-11-06,479,531,479,518
1988-11-07,81,405,81,255
1988-11-08,96,964,96,264
1988-11-09,456,896,456,738
1988-11-10,283,484,283,414
1988-11-11,555,737,135,629
1988-11-12,273,340,273,273
1988-11-13,672,795,107,170
1988-11-14,252,483,86,112
1988-11-15,795,795,638,767
1988-11-16,8,415,8,349
1988-11-17,253,372,253,308
1988-11-18,252,438,252,279
1988-11-19,503,503,503,503
1988-11-20,15,355,11,63
1988-11-21,637,637,129,286
1988-11-22,888,990,253,382
1988-11-23,759,950,386,734
1988-11-24,173,173,120,158
1988-11-25,251,381,251,305
1988-11-26,466,872,415,821
1988-11-27,490,490,320,337
1988-11-28,989,989,726,884
1988-11-29,250,717,188,308
1988-11-30,262,262,262,262
1988-12-01,908,908,225,746
1988-12-02,538,618,538,551
1988-12-03,7,176,7,46
1988-12-04,938,938,938,938
1988-12-05,944,944,651,909
1988-12-06,767,767,154,591
1988-12-07,68,625,68,368
1988-12-08,598,598,86,262
1988-12-09,515,896,6,204
1988-12-10,803,803,527,616
1988-12-11,749,752,655,696
1988-12-12,491,823,491,796
1988-12-13,65,65,65,65
1988-12-14,898,898,4,340
1988-12-15,318,406,318,350
1988-12-16,509,509,51,62
1988-12-17,889,889,174,195
1988-12-18,879,879,325,411
1988-12-19,720,720,720,720
1988-12-20,433,433,433,433
1988-12-21,706,706,706,706
1988-12-22,441,442,286,418
1988-12-23,666,779,666,746
1988-12-24,149,149,149,149
1988-12-25,594,594,50,340
1988-12-26,827,827,506,541
1988-12-27,812,812,602,738
1988-12-28,656,656,17,79
1988-12-29,423,925,423,564
1988-12-30,114,288,114,233
1988-12-31,801,801,781,783
1989-01-01,525,525,54,425
1989-01-02,549,691,549,552
1989-01-03,476,563,431,462
1989-01-04,625,625,328,533
1989-01-05,557,757,557,615
1989-01-06,413,413,413,413
1989-01-07,902,902,819,879
1989-01-08,175,327,175,178
1989-01-09,676,850,260,429
1989-01-10,905,905,413,492
1989-01-11,989,989,264,647
1989-01-12,337,337,337,337
1989-01-13,134,609,134,462
1989-01-14,648,648,206,593
1989-01-15,850,850,122,333
1989-01-16,736,736,200,466
1989-01-17,357,637,357,558
1989-01-18,787,792,787,791
1989-01-19,581,646,139,371
1989-01-20,352,500,84,400
1989-01-21,98,389,98,242
1989-01-22,182,182,155,155
1989-01-23,824,824,582,633
1989-01-24,887,887,155,655
1989-01-25,99,901,99,759
1989-01-26,843,843,150,178
1989-01-27,63,474,63,86
1989-01-28,497,683,497,585
1989-01-29,540,561,540,556
1989-01-30,813,813,582,788
1989-01-31,108,455,108,179
1989-02-01,175,275,175,224
1989-02-02,991,991,188,558
1989-02-03,573,573,23,46
1989-02-04,320,320,34,210
1989-02-05,621,960,62,397
1989-02-06,582,582,81,124
1989-02-07,982,982,228,549
1989-02-08,533,533,533,533
1989-02-09,417,738,334,629
1989-02-10,536,625,536,537
1989-02-11,391,820,39,656
1989-02-12,850,850,6,645
1989-02-13,126,615,126,585
1989-02-14,797,797,779,791
1989-02-15,997,997,711,757
1989-02-16,972,972,456,741
1989-02-17,817,817,633,682
1989-02-18,817,817,115,495
1989-02-19,401,434,401,428
1989-02-20,241,931,241,594
1989-02-21,484,858,309,582
1989-02-22,708,708,708,708
1989-02-23,874,874,874,874
1989-02-24,820,820,614,726
1989-02-25,322,577,271,377
1989-02-26,472,472,472,472
1989-02-27,332,705,332,629
1989-02-28,568,568,568,568
1989-03-01,326,425,303,425
1989-03-02,406,406,55,363
1989-03-03,272,849,272,477
1989-03-04,325,337,325,332
1989-03-05,548,548,272,501
1989-03-06,879,879,879,879
1989-03-07,988,988,987,988
1989-03-08,693,693,278,613
1989-03-09,871,871,830,833
1989-03-10,860,860,595,671
1989-03-11,631,631,74,597
1989-03-12,539,859,120,726
1989-03-13,677,677,453,592
1989-03-14,610,610,446,472
1989-03-15,245,678,243,569
1989-03-16,206,756,206,371
1989-03-17,202,202,202,202
1989-03-18,81,701,81,462
1989-03-19,328,328,328,328
1989-03-20,190,190,190,190
1989-03-21,274,359,263,348
1989-03-22,877,877,328,426
1989-03-23,377,653,180,365
1989-03-24,105,105,105,105
1989-03-25,786,786,604,777
1989-03-26,813,841,16,829
1989-03-27,788,788,376,470
1989-03-28,572,572,554,571
1989-03-29,221,607,221,238
1989-03-30,192,730,192,234
1989-03-31,970,970,450,747
1989-04-01,611,611,533,610
1989-04-02,491,619,491,616
1989-04-03,995,995,345,688
1989-04-04,378,462,378,413
1989-04-05,132,561,132,455
1989-04-06,684,726,413,599
1989-04-07,826,826,760,778
1989-04-08,429,429,410,411
1989-04-09,734,734,531,579
1989-04-10,940,940,166,918
1989-04-11,321,321,321,321
1989-04-12,568,685,568,623
1989-04-13,482,570,482,561
1989-04-14,486,679,445,546
1989-04-15,345,808,170,228
1989-04-16,700,700,239,592
1989-04-17,585,811,494,666
1989-04-18,127,406,127,163
1989-04-19,740,740,740,740
1989-04-20,848,848,476,700
1989-04-21,632,654,528,555
1989-04-22,651,963,278,875
1989-04-23,899,899,899,899
1989-04-24,705,974,705,965
1989-04-25,828,828,153,793
1989-04-26,628,628,628,628
1989-04-27,736,775,91,408
1989-04-28,838,838,799,837
1989-04-29,927,927,283,386
1989-04-30,429,429,429,429
1989-05-01,877,877,277,681
1989-05-02,516,516,446,452
1989-05-03,925,925,925,925
1989-05-04,9,521,9,292
1989-05-05,799,799,685,706
1989-05-06,887,887,67,255
1989-05-07,177,995,121,907
1989-05-08,35,975,35,227
1989-05-09,119,696,119,385
1989-05-10,638,638,340,492
1989-05-11,784,935,784,821
1989-05-12,380,790,323,688
1989-05-13,836,836,46,793
1989-05-14,906,906,72,161
1989-05-15,770,770,770,770
1989-05-16,825,825,388,662
1989-05-17,625,693,625,645
1989-05-18,838,838,628,778
1989-05-19,642,642,154,595
1989-05-20,714,941,143,400
1989-05-21,463,463,190,406
1989-05-22,6,933,6,509
1989-05-23,287,481,287,394
1989-05-24,757,757,143,375
1989-05-25,854,854,738,804
1989-05-26,485,485,485,485
1989-05-27,958,958,920,943
1989-05-28,922,922,281,281
1989-05-29,126,126,126,126
1989-05-30,477,477,477,477
1989-05-31,582,582,582,582
1989-06-01,627,627,627,627
1989-06-02,992,992,726,755
1989-06-03,594,594,210,455
1989-06-04,673,673,673,673
1989-06-05,453,453,453,453
1989-06-06,380,449,380,411
1989-06-07,47,548,47,186
1989-06-08,270,336,270,306
1989-06-09,308,657,308,593
1989-06-10,728,728,682,712
1989-06-11,741,741,741,741
1989-06-12,20,443,20,403
1989-06-13,345,489,280,405
1989-06-14,4,888,4,512
1989-06-15,740,878,438,705
1989-06-16,853,853,799,834
1989-06-17,208,479,208,355
1989-06-18,565,899,565,581
1989-06-19,613,747,469,574
1989-06-20,303,641,303,474
1989-06-21,414,610,237,316
1989-06-22,729,729,729,729
1989-06-23,752,852,692,798
1989-06-24,294,885,99,265
1989-06-25,781,781,71,316
1989-06-26,474,474,474,474
1989-06-27,590,590,565,578
1989-06-28,589,589,589,589
1989-06-29,261,261,261,261
1989-06-30,872,971,872,922
1989-07-01,962,962,224,330
1989-07-02,934,934,277,691
1989-07-03,128,128,128,128
1989-07-04,527,976,343,926
1989-07-05,350,350,350,350
1989-07-06,301,301,301,301
1989-07-07,684,684,49,394
1989-07-08,294,784,294,532
1989-07-09,703,703,703,703
1989-07-10,968,968,669,956
1989-07-11,525,525,525,525
1989-07-12,783,926,182,680
1989-07-13,133,147,133,140
1989-07-14,671,724,671,692
1989-07-15,766,766,84,174
1989-07-16,955,955,884,938
1989-07-17,82,440,82,160
1989-07-18,786,786,232,367
1989-07-19,222,222,222,222
1989-07-20,79,81,79,81
1989-07-21,446,649,446,518
1989-07-22,482,876,482,594
1989-07-23,857,857,119,195
1989-07-24,747,747,747,747
1989-07-25,262,538,262,298
1989-07-26,617,832,617,702
1989-07-27,982,982,746,846
1989-07-28,830,830,555,725
1989-07-29,562,562,562,562
1989-07-30,460,460,288,397
1989-07-31,56,740,56,242
1989-08-01,169,407,169,353
1989-08-02,633,992,68,460
1989-08-03,46,422,46,402
1989-08-04,630,630,310,504
1989-08-05,412,955,132,603
1989-08-06,116,303,116,179
1989-08-07,915,915,296,403
1989-08-08,333,333,333,333
1989-08-09,378,378,8,160
1989-08-10,709,709,472,701
1989-08-11,123,812,123,572
1989-08-12,811,811,527,579
1989-08-13,418,421,418,420
1989-08-14,720,720,24,603
1989-08-15,639,694,639,667
1989-08-16,521,658,521,580
1989-08-17,566,566,262,308
1989-08-18,804,824,433,516
1989-08-19,155,514,155,190
1989-08-20,832,832,158,512
1989-08-21,493,513,59,375
1989-08-22,188,698,188,597
1989-08-23,447,744,447,457
1989-08-24,832,832,151,786
1989-08-25,56,276,56,197
1989-08-26,549,952,489,508
1989-08-27,588,776,588,600
1989-08-28,323,323,29,260
1989-08-29,164,754,23,244
1989-08-30,63,166,63,136
1989-08-31,868,868,777,855
1989-09-01,876,876,841,868
1989-09-02,523,799,523,632
1989-09-03,625,625,68,604
1989-09-04,832,832,407,648
1989-09-05,634,956,104,331
1989-09-06,504,504,127,416
1989-09-07,837,837,4,385
1989-09-08,491,758,240,328
1989-09-09,960,960,866,897
1989-09-10,734,734,734,734
1989-09-11,772,772,511,561
1989-09-12,375,758,356,364
1989-09-13,358,358,358,358
1989-09-14,596,998,16,599
1989-09-15,838,838,678,697
1989-09-16,763,875,230,605
1989-09-17,768,768,13,440
1989-09-18,302,302,302,302
1989-09-19,282,282,282,282
1989-09-20,64,946,64,821
1989-09-21,47,283,47,129
1989-09-22,666,666,489,612
1989-09-23,691,849,454,455
1989-09-24,180,180,180,180
1989-09-25,631,631,631,631
1989-09-26,23,848,23,144
1989-09-27,879,879,106,124
1989-09-28,825,825,50,453
1989-09-29,942,942,942,942
1989-09-30,375,375,375,375
1989-10-01,39,489,39,392
1989-10-02,722,722,31,484
1989-10-03,295,597,295,568
1989-10-04,756,756,143,738
1989-10-05,509,509,509,509
1989-10-06,391,391,391,391
1989-10-07,321,984,321,378
1989-10-08,714,714,520,637
1989-10-09,135,500,135,275
1989-10-10,151,913,55,404
1989-10-11,811,811,202,293
1989-10-12,660,735,660,692
1989-10-13,35,539,35,514
1989-10-14,76,745,76,426
1989-10-15,40,265,40,213
1989-10-16,202,703,202,248
1989-10-17,120,720,120,477
1989-10-18,934,958,817,840
1989-10-19,333,944,333,730
1989-10-20,904,904,904,904
1989-10-21,477,477,15,185
1989-10-22,133,699,133,501
1989-10-23,67,278,67,134
1989-10-24,236,688,236,596
1989-10-25,87,123,87,112
1989-10-26,337,607,144,407
1989-10-27,734,839,734,792
1989-10-28,416,883,150,765
1989-10-29,359,359,254,324
1989-10-30,977,977,0,535
1989-10-31,446,446,277,399
1989-11-01,978,978,672,964
1989-11-02,470,479,470,473
1989-11-03,302,302,114,234
1989-11-04,479,833,345,428
1989-11-05,67,127,67,95
1989-11-06,2,321,2,64
1989-11-07,908,908,527,899
1989-11-08,686,686,686,686
1989-11-09,633,718,633,668
1989-11-10,562,882,562,783
1989-11-11,508,953,508,590
1989-11-12,622,804,542,674
1989-11-13,520,686,520,629
1989-11-14,272,815,164,618
1989-11-15,945,945,45,727
1989-11-16,307,307,307,307
1989-11-17,784,784,784,784
1989-11-18,567,567,547,562
1989-11-19,377,867,230,803
1989-11-20,13,159,13,81
1989-11-21,884,884,538,565
1989-11-22,644,644,65,578
1989-11-23,282,432,53,235
1989-11-24,382,382,122,240
1989-11-25,558,558,558,558
1989-11-26,761,761,610,732
1989-11-27,94,541,94,319
1989-11-28,158,653,158,518
1989-11-29,155,971,21,565
1989-11-30,204,853,204,210
1989-12-01,3,373,3,33
1989-12-02,462,909,462,550
1989-12-03,928,928,660,777
1989-12-04,638,638,599,614
1989-12-05,269,464,45,160
1989-12-06,299,299,299,299
1989-12-07,327,443,327,363
1989-12-08,459,459,459,459
1989-12-09,716,716,529,553
1989-12-10,266,715,266,708
1989-12-11,380,883,380,700
1989-12-12,444,901,444,507
1989-12-13,663,663,398,612
1989-12-14,525,784,5,207
1989-12-15,62,224,62,158
1989-12-16,96,694,96,346
1989-12-17,903,903,374,765
1989-12-18,948,948,0,640
1989-12-19,514,767,187,746
1989-12-20,671,671,54,493
1989-12-21,82,956,82,597
1989-12-22,177,177,177,177
1989-12-23,248,248,248,248
1989-12-24,766,766,766,766
1989-12-25,831,882,462,822
1989-12-26,648,841,538,621
1989-12-27,572,940,451,824
1989-12-28,940,940,710,745
1989-12-29,600,600,600,600
1989-12-30,158,497,158,412
1989-12-31,64,729,64,680
1990-01-01,366,366,366,366
1990-01-02,144,613,144,291
1990-01-03,177,907,177,892
1990-01-04,380,887,380,800
1990-01-05,144,733,144,296
1990-01-06,152,509,152,387
1990-01-07,121,493,121,240
1990-01-08,605,605,85,354
1990-01-09,651,762,30,477
1990-01-10,336,336,336,336
1990-01-11,51,872,51,868
1990-01-12,88,914,88,204
1990-01-13,234,432,62,293
1990-01-14,24,392,24,75
1990-01-15,655,655,73,330
1990-01-16,67,836,67,223
1990-01-17,114,426,114,220
1990-01-18,819,819,434,636
1990-01-19,706,706,706,706
1990-01-20,380,927,374,778
1990-01-21,962,962,251,926
1990-01-22,678,678,678,678
1990-01-23,703,977,461,519
1990-01-24,299,850,299,765
1990-01-25,845,845,177,638
1990-01-26,28,698,28,93
1990-01-27,134,968,134,673
1990-01-28,748,748,183,300
1990-01-29,474,474,474,474
1990-01-30,405,405,405,405
1990-01-31,396,680,51,197
1990-02-01,789,816,201,357
1990-02-02,431,624,86,607
1990-02-03,161,664,161,437
1990-02-04,266,266,173,188
1990-02-05,30,417,30,152
1990-02-06,355,663,52,649
1990-02-07,742,742,695,738
1990-02-08,261,826,261,295
1990-02-09,439,818,434,447
1990-02-10,693,693,99,394
1990-02-11,858,900,87,239
1990-02-12,656,810,341,422
1990-02-13,728,728,606,632
1990-02-14,863,863,721,827
1990-02-15,291,291,291,291
1990-02-16,33,229,33,186
1990-02-17,208,208,208,208
1990-02-18,287,646,273,515
1990-02-19,145,155,145,153
1990-02-20,903,903,680,874
1990-02-21,631,631,578,613
1990-02-22,8,944,8,746
1990-02-23,841,841,618,690
1990-02-24,163,163,163,163
1990-02-25,266,521,64,359
1990-02-26,798,798,631,711
1990-02-27,92,506,92,461
1990-02-28,960,960,481,759
1990-03-01,610,610,220,416
1990-03-02,966,966,7,416
1990-03-03,89,504,89,313
1990-03-04,462,462,462,462
1990-03-05,137,543,137,137
1990-03-06,126,126,126,126
1990-03-07,1,339,1,251
1990-03-08,396,396,52,371
1990-03-09,132,543,132,266
1990-03-10,248,248,248,248
1990-03-11,851,851,330,790
1990-03-12,179,179,125,150
1990-03-13,438,584,143,254
1990-03-14,163,693,163,658
1990-03-15,236,236,236,236
1990-03-16,434,434,434,434
1990-03-17,348,348,193,243
1990-03-18,377,528,192,295
1990-03-19,418,418,418,418
1990-03-20,479,662,348,502
1990-03-21,898,898,589,671
1990-03-22,238,238,238,238
1990-03-23,315,315,315,315
1990-03-24,884,884,515,533
1990-03-25,678,678,678,678
1990-03-26,845,845,638,822
1990-03-27,360,360,109,111
1990-03-28,811,914,268,565
1990-03-29,957,957,696,935
1990-03-30,565,905,103,751
1990-03-31,715,715,566,569
1990-04-01,910,910,517,671
1990-04-02,629,826,528,654
1990-04-03,821,821,821,821
1990-04-04,952,952,882,937
1990-04-05,723,933,723,761
1990-04-06,280,286,280,283
1990-04-07,289,600,289,558
1990-04-08,824,824,135,757
1990-04-09,9,579,9,349
1990-04-10,493,853,306,572
1990-04-11,840,840,513,553
1990-04-12,30,296,30,201
1990-04-13,197,795,197,712
1990-04-14,569,569,569,569
1990-04-15,538,924,438,619
1990-04-16,825,825,158,218
1990-04-17,801,801,801,801
1990-04-18,672,716,497,526
1990-04-19,456,857,456,754
1990-04-20,867,867,711,759
1990-04-21,898,898,49,459
1990-04-22,121,477,121,240
1990-04-23,61,766,61,437
1990-04-24,35,962,35,57
1990-04-25,492,945,294,791
1990-04-26,330,710,330,442
1990-04-27,391,391,217,289
1990-04-28,815,815,815,815
1990-04-29,220,220,220,220
1990-04-30,591,591,97,458
1990-05-01,878,878,151,151
1990-05-02,740,740,546,649
1990-05-03,103,552,103,183
1990-05-04,938,938,691,841
1990-05-05,593,593,320,480
1990-05-06,642,642,223,401
1990-05-07,650,650,523,614
1990-05-08,550,779,528,696
1990-05-09,682,682,651,666
1990-05-10,281,706,281,294
1990-05-11,834,834,9,291
1990-05-12,43,773,43,240
1990-05-13,767,767,630,767
1990-05-14,756,756,125,344
1990-05-15,196,659,196,644
1990-05-16,201,591,201,463
1990-05-17,153,215,153,208
1990-05-18,161,161,161,161
1990-05-19,587,587,587,587
1990-05-20,969,969,647,767
1990-05-21,550,550,550,550
1990-05-22,796,796,434,683
1990-05-23,338,338,338,338
1990-05-24,185,547,185,530
1990-05-25,700,700,700,700
1990-05-26,328,593,328,578
1990-05-27,937,937,351,352
1990-05-28,829,829,322,448
1990-05-29,456,456,456,456
1990-05-30,146,238,146,196
1990-05-31,35,35,35,35
1990-06-01,219,308,219,283
1990-06-02,502,920,290,341
1990-06-03,530,530,262,265
1990-06-04,61,958,61,768
1990-06-05,109,287,109,273
1990-06-06,446,446,446,446
1990-06-07,96,782,96,174
1990-06-08,508,671,508,526
1990-06-09,547,623,93,433
1990-06-10,129,963,129,896
1990-06-11,582,591,448,490
1990-06-12,661,661,369,604
1990-06-13,482,482,482,482
1990-06-14,126,126,126,126
1990-06-15,596,596,596,596
1990-06-16,288,368,288,360
1990-06-17,952,952,244,802
1990-06-18,949,949,336,500
1990-06-19,428,643,428,579
1990-06-20,229,608,229,502
1990-06-21,785,785,785,785
1990-06-22,921,921,479,764
1990-06-23,560,560,424,500
1990-06-24,481,815,24,423
1990-06-25,344,344,344,344
1990-06-26,746,746,20,554
1990-06-27,842,842,305,821
1990-06-28,871,907,205,720
1990-06-29,714,714,482,580
1990-06-30,932,932,777,781
1990-07-01,758,758,633,758
1990-07-02,360,425,360,377
1990-07-03,919,919,243,784
1990-07-04,239,385,239,324
1990-07-05,251,270,251,264
1990-07-06,493,840,177,826
1990-07-07,706,706,185,473
1990-07-08,599,856,495,800
1990-07-09,370,370,11,122
1990-07-10,350,352,350,350
1990-07-11,762,762,681,683
1990-07-12,373,373,373,373
1990-07-13,928,928,907,927
1990-07-14,714,732,140,312
1990-07-15,441,951,441,453
1990-07-16,992,992,504,583
1990-07-17,516,586,516,568
1990-07-18,424,898,45,328
1990-07-19,130,205,130,178
1990-07-20,89,213,89,167
1990-07-21,859,859,161,650
1990-07-22,687,687,687,687
1990-07-23,424,888,424,679
1990-07-24,850,850,680,806
1990-07-25,744,744,253,626
1990-07-26,301,824,301,550
1990-07-27,166,216,166,195
1990-07-28,138,715,138,376
1990-07-29,182,588,182,587
1990-07-30,944,944,122,168
1990-07-31,227,227,227,227
1990-08-01,719,719,102,609
1990-08-02,849,857,849,853
1990-08-03,484,484,45,320
1990-08-04,74,394,74,261
1990-08-05,33,838,33,437
1990-08-06,104,142,104,136
1990-08-07,363,740,279,320
1990-08-08,667,667,362,657
1990-08-09,769,769,697,725
1990-08-10,80,342,80,154
1990-08-11,270,935,156,602
1990-08-12,492,843,492,645
1990-08-13,583,640,566,594
1990-08-14,519,519,519,519
1990-08-15,697,697,697,697
1990-08-16,203,381,203,264
1990-08-17,850,850,271,454
1990-08-18,141,373,141,246
1990-08-19,691,691,691,691
1990-08-20,225,570,225,474
1990-08-21,623,623,364,411
1990-08-22,616,684,4,65
1990-08-23,738,738,738,738
1990-08-24,15,87,15,78
1990-08-25,554,984,210,415
1990-08-26,9,427,9,254
1990-08-27,412,558,412,524
1990-08-28,315,613,315,511
1990-08-29,205,614,205,555
1990-08-30,158,541,20,507
1990-08-31,701,701,64,125
1990-09-01,300,745,300,523
1990-09-02,680,680,543,564
1990-09-03,65,755,65,693
1990-09-04,952,952,706,864
1990-09-05,998,998,920,998
1990-09-06,661,661,420,480
1990-09-07,515,902,380,867
1990-09-08,183,583,126,583
1990-09-09,114,742,114,235
1990-09-10,520,520,319,453
1990-09-11,149,378,149,201
1990-09-12,881,953,745,834
1990-09-13,165,165,165,165
1990-09-14,609,609,609,609
1990-09-15,223,482,223,259
1990-09-16,207,398,207,212
1990-09-17,427,755,427,665
1990-09-18,224,224,224,224
1990-09-19,784,859,519,632
1990-09-20,767,767,351,440
1990-09-21,249,249,249,249
1990-09-22,131,542,131,295
1990-09-23,588,588,588,588
1990-09-24,403,403,200,244
1990-09-25,855,855,325,423
1990-09-26,289,794,289,437
1990-09-27,249,635,249,344
1990-09-28,569,569,569,569
1990-09-29,812,812,324,658
1990-09-30,122,330,122,252
1990-10-01,841,841,841,841
1990-10-02,50,968,50,584
1990-10-03,282,440,282,360
1990-10-04,272,582,77,173
1990-10-05,496,496,496,496
1990-10-06,784,784,525,653
1990-10-07,898,898,83,872
1990-10-08,392,392,392,392
1990-10-09,698,898,698,732
1990-10-10,645,645,263,581
1990-10-11,358,358,358,358
1990-10-12,969,969,967,968
1990-10-13,236,653,236,258
1990-10-14,706,706,706,706
1990-10-15,283,831,283,822
1990-10-16,273,752,273,380
1990-10-17,922,922,5,287
1990-10-18,385,971,385,554
1990-10-19,633,748,509,665
1990-10-20,576,646,576,604
1990-10-21,786,786,615,760
1990-10-22,814,814,460,791
1990-10-23,206,545,206,445
1990-10-24,253,253,253,253
1990-10-25,440,482,440,482
1990-10-26,605,605,585,602
1990-10-27,316,523,230,437
1990-10-28,683,758,536,639
1990-10-29,770,786,678,749
1990-10-30,757,757,228,724
1990-10-31,110,734,110,710
1990-11-01,978,978,59,880
1990-11-02,273,279,273,276
1990-11-03,143,143,143,143
1990-11-04,711,711,711,711
1990-11-05,376,793,302,627
1990-11-06,116,698,116,599
1990-11-07,457,645,457,609
1990-11-08,296,945,296,596
1990-11-09,231,648,180,643
1990-11-10,620,620,620,620
1990-11-11,166,346,166,196
1990-11-12,755,755,677,740
1990-11-13,107,381,6,347
1990-11-14,921,921,3,350
1990-11-15,905,905,365,555
1990-11-16,802,802,291,470
1990-11-17,912,912,393,618
1990-11-18,330,811,330,643
1990-11-19,524,708,49,149
1990-11-20,34,714,34,356
1990-11-21,446,446,97,192
1990-11-22,3,102,3,56
1990-11-23,769,769,769,769
1990-11-24,959,959,57,620
1990-11-25,760,760,470,745
1990-11-26,429,954,429,598
1990-11-27,416,461,416,422
1990-11-28,878,878,691,754
1990-11-29,332,923,332,748
1990-11-30,66,128,66,105
1990-12-01,535,535,179,323
1990-12-02,113,712,113,415
1990-12-03,634,634,464,472
1990-12-04,883,883,823,851
1990-12-05,309,309,309,309
1990-12-06,741,892,363,783
1990-12-07,798,798,440,702
1990-12-08,182,722,55,253
1990-12-09,716,716,716,716
1990-12-10,587,935,280,552
1990-12-11,114,855,114,716
1990-12-12,898,898,84,507
1990-12-13,678,937,27,680
1990-12-14,463,463,426,437
1990-12-15,249,584,62,270
1990-12-16,557,678,530,641
1990-12-17,151,212,151,170
1990-12-18,633,633,577,577
1990-12-19,807,807,663,710
1990-12-20,654,654,205,552
1990-12-21,752,752,271,615
1990-12-22,212,441,212,387
1990-12-23,488,488,488,488
1990-12-24,503,503,503,503
1990-12-25,516,979,516,971
1990-12-26,399,495,20,182
1990-12-27,171,491,171,274
1990-12-28,775,792,399,466
1990-12-29,932,932,126,207
1990-12-30,426,426,426,426
1990-12-31,843,843,88,423
1991-01-01,570,570,570,570
1991-01-02,378,378,26,298
1991-01-03,417,417,417,417
1991-01-04,733,755,733,744
1991-01-05,362,882,7,100
1991-01-06,565,565,526,534
1991-01-07,869,869,511,704
1991-01-08,700,700,319,339
1991-01-09,974,974,306,403
1991-01-10,656,656,321,608
1991-01-11,902,902,859,887
1991-01-12,543,586,543,562
1991-01-13,737,737,737,737
1991-01-14,258,376,36,308
1991-01-15,147,934,147,529
1991-01-16,167,167,167,167
1991-01-17,388,388,168,223
1991-01-18,763,763,476,742
1991-01-19,745,745,637,733
1991-01-20,98,896,37,284
1991-01-21,989,989,766,886
1991-01-22,142,532,142,384
1991-01-23,799,819,369,419
1991-01-24,170,539,170,267
1991-01-25,954,954,764,816
1991-01-26,39,941,39,689
1991-01-27,283,283,283,283
1991-01-28,854,854,1,497
1991-01-29,36,128,13,118
1991-01-30,326,326,326,326
1991-01-31,76,194,76,153
1991-02-01,795,804,795,801
1991-02-02,669,669,432,651
1991-02-03,180,460,180,239
1991-02-04,92,866,92,415
1991-02-05,80,475,80,277
1991-02-06,18,562,18,221
1991-02-07,260,318,260,316
1991-02-08,785,785,694,773
1991-02-09,745,745,371,738
1991-02-10,472,472,407,456
1991-02-11,808,808,634,681
1991-02-12,971,971,467,942
1991-02-13,334,542,334,494
1991-02-14,465,465,38,346
1991-02-15,963,963,48,645
1991-02-16,874,874,874,874
1991-02-17,867,867,37,303
1991-02-18,147,566,147,399
1991-02-19,213,233,213,221
1991-02-20,201,592,201,408
1991-02-21,217,774,85,309
1991-02-22,57,210,57,123
1991-02-23,114,114,114,114
1991-02-24,794,794,257,705
1991-02-25,211,554,211,286
1991-02-26,702,702,498,540
1991-02-27,409,924,314,505
1991-02-28,649,906,649,898
1991-03-01,303,303,303,303
1991-03-02,273,461,52,362
1991-03-03,293,923,12,20
1991-03-04,913,913,470,880
1991-03-05,371,801,371,461
1991-03-06,387,387,175,374
1991-03-07,837,837,699,765
1991-03-08,683,683,581,621
1991-03-09,743,743,76,623
1991-03-10,30,901,30,456
1991-03-11,601,601,20,428
1991-03-12,400,564,400,526
1991-03-13,0,977,0,466
1991-03-14,137,215,137,146
1991-03-15,12,12,12,12
1991-03-16,815,911,395,745
1991-03-17,960,960,549,950
1991-03-18,390,390,390,390
1991-03-19,856,856,341,769
1991-03-20,353,566,130,466
1991-03-21,773,773,555,634
1991-03-22,191,579,191,312
1991-03-23,38,717,38,277
1991-03-24,812,812,607,673
1991-03-25,607,607,607,607
1991-03-26,161,887,60,323
1991-03-27,383,904,383,811
1991-03-28,778,778,44,169
1991-03-29,342,342,342,342
1991-03-30,773,773,238,259
1991-03-31,142,228,142,220
1991-04-01,956,956,708,935
1991-04-02,320,320,320,320
1991-04-03,235,675,235,466
1991-04-04,517,558,352,525
1991-04-05,878,878,418,563
1991-04-06,63,681,63,661
1991-04-07,68,667,68,366
1991-04-08,282,282,152,252
1991-04-09,608,608,401,517
1991-04-10,706,832,554,601
1991-04-11,656,656,344,379
1991-04-12,364,734,364,577
1991-04-13,151,889,151,349
1991-04-14,213,846,213,682
1991-04-15,945,945,620,945
1991-04-16,365,990,365,660
1991-04-17,593,603,593,600
1991-04-18,244,989,132,371
1991-04-19,619,619,110,601
1991-04-20,424,989,424,873
1991-04-21,269,269,269,269
1991-04-22,553,569,184,193
1991-04-23,984,988,956,988
1991-04-24,657,657,657,657
1991-04-25,104,511,104,478
1991-04-26,428,428,271,425
1991-04-27,763,763,516,574
1991-04-28,346,499,346,468
1991-04-29,490,490,174,319
1991-04-30,21,535,21,360
1991-05-01,166,300,166,298
1991-05-02,157,877,157,360
1991-05-03,879,879,439,528
1991-05-04,926,926,233,518
1991-05-05,541,920,541,674
1991-05-06,447,852,374,609
1991-05-07,464,727,79,588
1991-05-08,609,629,339,486
1991-05-09,769,769,705,730
1991-05-10,382,382,160,254
1991-05-11,782,862,29,680
1991-05-12,603,617,159,270
1991-05-13,200,208,200,202
1991-05-14,22,151,22,47
1991-05-15,961,961,893,908
1991-05-16,404,404,404,404
1991-05-17,670,670,670,670
1991-05-18,179,179,179,179
1991-05-19,62,62,62,62
1991-05-20,515,515,487,490
1991-05-21,673,673,277,506
1991-05-22,327,327,327,327
1991-05-23,983,983,41,957
1991-05-24,188,188,188,188
1991-05-25,239,705,239,318
1991-05-26,418,420,418,420
1991-05-27,696,696,237,456
1991-05-28,50,83,50,71
1991-05-29,718,718,65,594
1991-05-30,242,358,242,347
1991-05-31,300,300,300,300
1991-06-01,107,107,107,107
1991-06-02,981,981,651,944
1991-06-03,758,758,228,553
1991-06-04,787,787,499,733
1991-06-05,700,700,230,275
1991-06-06,805,805,805,805
1991-06-07,249,262,249,257
1991-06-08,435,983,171,343
1991-06-09,241,836,241,254
1991-06-10,692,692,692,692
1991-06-11,979,979,943,971
1991-06-12,485,676,90,486
1991-06-13,710,710,606,670
1991-06-14,892,892,811,850
1991-06-15,211,709,211,312
1991-06-16,406,699,61,425
1991-06-17,446,446,112,377
1991-06-18,34,209,34,118
1991-06-19,808,877,169,372
1991-06-20,629,629,629,629
1991-06-21,312,781,312,712
1991-06-22,905,905,905,905
1991-06-23,491,900,253,441
1991-06-24,516,976,107,894
1991-06-25,342,342,146,303
1991-06-26,383,383,352,357
1991-06-27,670,670,670,670
1991-06-28,810,810,705,711
1991-06-29,844,844,162,364
1991-06-30,555,555,555,555
1991-07-01,839,839,634,815
1991-07-02,85,602,85,116
1991-07-03,153,327,153,320
1991-07-04,307,510,307,484
1991-07-05,262,444,180,269
1991-07-06,997,997,63,995
1991-07-07,209,348,209,268
1991-07-08,714,714,638,712
1991-07-09,554,554,285,325
1991-07-10,964,964,908,942
1991-07-11,808,950,656,813
1991-07-12,969,969,198,447
1991-07-13,823,823,287,451
1991-07-14,265,448,265,380
1991-07-15,268,773,202,552
1991-07-16,435,928,150,413
1991-07-17,194,271,150,169
1991-07-18,854,854,854,854
1991-07-19,284,602,284,370
1991-07-20,884,884,884,884
1991-07-21,637,637,341,455
1991-07-22,687,842,200,422
1991-07-23,909,909,503,583
1991-07-24,370,815,370,488
1991-07-25,235,238,235,237
1991-07-26,908,908,828,870
1991-07-27,323,434,323,370
1991-07-28,114,790,114,741
1991-07-29,792,792,792,792
1991-07-30,434,434,146,221
1991-07-31,233,233,233,233
1991-08-01,632,969,632,636
1991-08-02,412,412,412,412
1991-08-03,553,553,58,548
1991-08-04,282,282,282,282
1991-08-05,48,140,48,70
1991-08-06,149,417,149,176
1991-08-07,977,977,837,839
1991-08-08,556,884,35,315
1991-08-09,358,742,358,448
1991-08-10,385,912,385,630
1991-08-11,876,876,876,876
1991-08-12,776,776,776,776
1991-08-13,183,183,183,183
1991-08-14,190,190,190,190
1991-08-15,198,345,198,240
1991-08-16,21,134,21,67
1991-08-17,732,732,634,698
1991-08-18,771,837,350,773
1991-08-19,374,613,374,538
1991-08-20,208,674,208,365
1991-08-21,214,892,214,634
1991-08-22,40,340,40,199
1991-08-23,527,691,527,587
1991-08-24,372,418,178,205
1991-08-25,668,668,411,431
1991-08-26,212,212,212,212
1991-08-27,343,462,343,380
1991-08-28,725,725,482,483
1991-08-29,207,390,207,299
1991-08-30,742,742,72,201
1991-08-31,187,750,187,628
1991-09-01,292,916,292,892
1991-09-02,209,209,4,110
1991-09-03,502,502,502,502
1991-09-04,119,426,7,125
1991-09-05,198,597,198,373
1991-09-06,259,511,39,168
1991-09-07,752,752,752,752
1991-09-08,855,890,590,862
1991-09-09,325,325,148,325
1991-09-10,794,794,671,687
1991-09-11,435,435,435,435
1991-09-12,784,985,553,607
1991-09-13,178,699,178,428
1991-09-14,39,428,39,240
1991-09-15,228,442,228,365
1991-09-16,871,871,871,871
1991-09-17,56,226,56,196
1991-09-18,948,948,73,923
1991-09-19,791,791,791,791
1991-09-20,822,822,822,822
1991-09-21,744,744,744,744
1991-09-22,950,950,47,79
1991-09-23,348,466,348,359
1991-09-24,11,625,11,130
1991-09-25,575,575,575,575
1991-09-26,370,699,90,601
1991-09-27,650,650,130,369
1991-09-28,851,972,102,674
1991-09-29,855,855,633,825
1991-09-30,563,563,563,563
1991-10-01,302,855,120,381
1991-10-02,142,261,142,192
1991-10-03,814,814,79,555
1991-10-04,470,503,470,496
1991-10-05,84,715,84,585
1991-10-06,189,189,189,189
1991-10-07,891,891,141,338
1991-10-08,388,602,388,427
1991-10-09,549,871,549,758
1991-10-10,530,754,530,540
1991-10-11,852,852,798,846
1991-10-12,154,154,154,154
1991-10-13,335,603,335,433
1991-10-14,386,912,58,261
1991-10-15,843,843,351,569
1991-10-16,291,452,291,443
1991-10-17,691,721,254,663
1991-10-18,271,450,271,364
1991-10-19,199,321,199,253
1991-10-20,718,718,718,718
1991-10-21,418,613,211,328
1991-10-22,730,730,329,365
1991-10-23,166,872,166,295
1991-10-24,890,893,481,502
1991-10-25,196,196,196,196
1991-10-26,238,866,156,567
1991-10-27,5,867,5,573
1991-10-28,992,992,334,473
1991-10-29,17,259,17,96
1991-10-30,810,810,759,770
1991-10-31,15,170,15,45
1991-11-01,302,894,302,481
1991-11-02,50,242,50,227
1991-11-03,983,983,920,939
1991-11-04,269,621,71,117
1991-11-05,665,665,184,395
1991-11-06,262,262,89,154
1991-11-07,888,888,88,295
1991-11-08,89,217,89,126
1991-11-09,455,835,455,800
1991-11-10,678,678,499,638
1991-11-11,693,981,693,794
1991-11-12,753,753,13,498
1991-11-13,882,882,249,515
1991-11-14,483,640,483,582
1991-11-15,833,963,263,489
1991-11-16,492,492,492,492
1991-11-17,27,27,14,22
1991-11-18,612,612,137,495
1991-11-19,346,971,346,444
1991-11-20,350,350,307,321
1991-11-21,847,847,847,847
1991-11-22,232,473,232,379
1991-11-23,594,594,60,129
1991-11-24,369,369,369,369
1991-11-25,661,936,553,586
1991-11-26,886,886,886,886
1991-11-27,21,219,21,68
1991-11-28,769,769,769,769
1991-11-29,56,924,56,575
1991-11-30,137,137,137,137
1991-12-01,125,573,125,274
1991-12-02,262,262,262,262
1991-12-03,289,568,289,485
1991-12-04,202,579,93,310
1991-12-05,482,829,112,621
1991-12-06,541,818,330,715
1991-12-07,56,199,56,192
1991-12-08,299,299,226,289
1991-12-09,835,835,385,529
1991-12-10,437,437,437,437
1991-12-11,783,879,589,657
1991-12-12,668,668,668,668
1991-12-13,980,980,774,926
1991-12-14,858,858,78,122
1991-12-15,968,968,269,278
1991-12-16,85,678,85,568
1991-12-17,471,471,471,471
1991-12-18,575,575,27,149
1991-12-19,651,867,340,680
1991-12-20,468,983,468,684
1991-12-21,278,776,278,393
1991-12-22,465,465,465,465
1991-12-23,995,995,399,787
1991-12-24,366,874,117,755
1991-12-25,60,571,60,188
1991-12-26,257,829,257,439
1991-12-27,82,923,82,123
1991-12-28,244,244,2,86
1991-12-29,85,259,85,128
1991-12-30,736,753,44,592
1991-12-31,287,809,16,130
1992-01-01,769,769,769,769
1992-01-02,409,409,409,409
1992-01-03,435,435,435,435
1992-01-04,377,453,223,440
1992-01-05,667,667,667,667
1992-01-06,126,220,109,110
1992-01-07,863,863,248,277
1992-01-08,15,635,2,407
1992-01-09,139,602,139,365
1992-01-10,492,650,12,432
1992-01-11,584,584,392,550
1992-01-12,255,639,255,593
1992-01-13,903,903,360,762
1992-01-14,627,627,35,472
1992-01-15,373,792,373,650
1992-01-16,589,768,482,556
1992-01-17,103,677,103,673
1992-01-18,127,815,127,536
1992-01-19,637,720,66,518
1992-01-20,685,685,152,246
1992-01-21,647,647,44,508
1992-01-22,650,931,384,442
1992-01-23,323,516,323,479
1992-01-24,844,844,395,805
1992-01-25,620,620,176,282
1992-01-26,649,929,277,765
1992-01-27,441,441,441,441
1992-01-28,801,801,403,490
1992-01-29,206,797,206,428
1992-01-30,585,585,351,402
1992-01-31,438,677,233,643
1992-02-01,786,786,597,627
1992-02-02,183,183,183,183
1992-02-03,182,475,182,410
1992-02-04,91,877,91,404
1992-02-05,37,51,37,51
1992-02-06,908,908,768,846
1992-02-07,60,60,60,60
1992-02-08,609,609,502,521
1992-02-09,32,32,32,32
1992-02-10,587,587,343,432
1992-02-11,680,680,680,680
1992-02-12,934,934,883,904
1992-02-13,113,113,113,113
1992-02-14,603,733,68,347
1992-02-15,114,879,114,484
1992-02-16,131,961,131,339
1992-02-17,196,196,196,196
1992-02-18,251,327,251,280
1992-02-19,745,745,16,491
1992-02-20,366,366,336,359
1992-02-21,411,985,209,280
1992-02-22,173,173,173,173
1992-02-23,128,353,128,289
1992-02-24,164,164,164,164
1992-02-25,723,743,150,168
1992-02-26,565,792,511,542
1992-02-27,44,740,44,440
1992-02-28,436,920,290,696
1992-02-29,945,945,19,382
1992-03-01,499,840,443,571
1992-03-02,264,970,264,668
1992-03-03,922,922,647,880
1992-03-04,977,977,303,852
1992-03-05,591,815,591,665
1992-03-06,975,975,599,600
1992-03-07,13,656,13,315
1992-03-08,805,805,551,563
1992-03-09,582,582,582,582
1992-03-10,481,651,454,603
1992-03-11,223,320,74,246
1992-03-12,55,340,55,88
1992-03-13,136,336,136,291
1992-03-14,565,565,565,565
1992-03-15,580,917,580,619
1992-03-16,830,830,91,398
1992-03-17,689,689,689,689
1992-03-18,305,305,305,305
1992-03-19,705,884,705,848
1992-03-20,58,952,58,785
1992-03-21,723,787,723,744
1992-03-22,93,886,93,349
1992-03-23,382,382,382,382
1992-03-24,474,918,295,836
1992-03-25,530,530,530,530
1992-03-26,353,645,353,401
1992-03-27,153,192,153,167
1992-03-28,634,732,634,729
1992-03-29,619,962,619,913
1992-03-30,163,361,163,189
1992-03-31,258,937,25,509
1992-04-01,326,844,326,711
1992-04-02,731,731,659,711
1992-04-03,985,985,281,522
1992-04-04,819,819,391,618
1992-04-05,486,486,486,486
1992-04-06,288,381,288,339
1992-04-07,881,881,95,749
1992-04-08,994,994,316,947
1992-04-09,250,375,250,338
1992-04-10,247,247,247,247
1992-04-11,853,853,181,432
1992-04-12,459,918,231,813
1992-04-13,94,874,94,333
1992-04-14,694,948,694,898
1992-04-15,155,155,155,155
1992-04-16,241,409,241,275
1992-04-17,151,578,151,270
1992-04-18,299,751,299,601
1992-04-19,471,471,229,456
1992-04-20,230,688,230,375
1992-04-21,286,286,286,286
1992-04-22,835,835,835,835
1992-04-23,462,462,446,449
1992-04-24,184,201,184,185
1992-04-25,305,305,96,127
1992-04-26,138,278,138,275
1992-04-27,265,265,265,265
1992-04-28,759,910,576,690
1992-04-29,926,926,615,740
1992-04-30,556,964,543,608
1992-05-01,120,937,120,875
1992-05-02,312,658,312,649
1992-05-03,303,720,303,693
1992-05-04,54,229,54,133
1992-05-05,400,652,218,548
1992-05-06,784,784,26,521
1992-05-07,408,738,408,473
1992-05-08,175,368,175,276
1992-05-09,999,999,789,878
1992-05-10,59,883,59,878
1992-05-11,741,741,464,658
1992-05-12,186,768,186,721
1992-05-13,768,768,768,768
1992-05-14,249,908,249,578
1992-05-15,711,993,64,525
1992-05-16,961,961,961,961
1992-05-17,921,921,411,680
1992-05-18,839,839,101,625
1992-05-19,631,631,60,171
1992-05-20,992,992,630,652
1992-05-21,827,827,661,673
1992-05-22,443,529,443,482
1992-05-23,440,440,85,200
1992-05-24,82,628,82,433
1992-05-25,282,783,282,313
1992-05-26,659,659,659,659
1992-05-27,85,417,85,182
1992-05-28,5,60,5,8
1992-05-29,134,812,134,309
1992-05-30,556,624,168,605
1992-05-31,10,699,10,21
1992-06-01,207,257,207,231
1992-06-02,969,969,432,646
1992-06-03,975,975,425,446
1992-06-04,676,676,495,610
1992-06-05,472,654,22,274
1992-06-06,507,507,507,507
1992-06-07,710,995,710,879
1992-06-08,284,929,284,925
1992-06-09,123,648,123,359
1992-06-10,730,730,578,662
1992-06-11,764,764,764,764
1992-06-12,461,685,461,570
1992-06-13,419,919,419,657
1992-06-14,513,905,513,578
1992-06-15,881,881,837,864
1992-06-16,53,445,53,156
1992-06-17,339,897,339,414
1992-06-18,830,969,822,908
1992-06-19,335,335,335,335
1992-06-20,706,706,243,558
1992-06-21,924,924,542,822
1992-06-22,778,778,662,685
1992-06-23,322,702,73,303
1992-06-24,349,349,349,349
1992-06-25,140,655,140,593
1992-06-26,687,687,303,357
1992-06-27,140,927,140,190
1992-06-28,498,959,281,571
1992-06-29,394,644,394,613
1992-06-30,624,997,233,480
1992-07-01,336,558,336,357
1992-07-02,805,805,794,802
1992-07-03,358,461,358,450
1992-07-04,180,180,50,87
1992-07-05,997,997,446,640
1992-07-06,317,928,317,398
1992-07-07,788,788,47,525
1992-07-08,904,904,612,859
1992-07-09,252,742,252,720
1992-07-10,405,405,96,334
1992-07-11,944,944,820,921
1992-07-12,650,650,574,610
1992-07-13,155,605,155,288
1992-07-14,463,463,463,463
1992-07-15,931,931,643,885
1992-07-16,168,196,168,189
1992-07-17,193,660,193,281
1992-07-18,387,649,387,554
1992-07-19,763,763,536,763
1992-07-20,206,399,68,123
1992-07-21,611,611,518,529
1992-07-22,105,497,60,240
1992-07-23,281,931,281,424
1992-07-24,249,558,92,156
1992-07-25,120,841,120,565
1992-07-26,807,807,516,745
1992-07-27,754,754,563,564
1992-07-28,575,575,236,437
1992-07-29,800,818,558,609
1992-07-30,599,599,599,599
1992-07-31,972,972,344,742
1992-08-01,805,805,722,757
1992-08-02,473,473,473,473
1992-08-03,172,172,172,172
1992-08-04,322,455,322,444
1992-08-05,133,255,21,165
1992-08-06,516,516,498,515
1992-08-07,19,645,19,274
1992-08-08,459,459,205,240
1992-08-09,431,431,431,431
1992-08-10,147,339,125,302
1992-08-11,53,120,53,65
1992-08-12,194,204,194,197
1992-08-13,640,640,316,410
1992-08-14,240,293,240,286
1992-08-15,426,903,426,531
1992-08-16,839,839,400,625
1992-08-17,485,744,485,728
1992-08-18,300,300,300,300
1992-08-19,669,669,454,595
1992-08-20,38,157,38,67
1992-08-21,586,779,505,548
1992-08-22,561,561,414,474
1992-08-23,739,739,668,708
1992-08-24,524,524,524,524
1992-08-25,166,166,102,108
1992-08-26,216,216,125,211
1992-08-27,640,640,160,373
1992-08-28,446,935,48,162
1992-08-29,411,411,139,179
1992-08-30,799,799,799,799
1992-08-31,269,746,269,717
1992-09-01,827,834,80,105
1992-09-02,870,936,765,863
1992-09-03,237,615,237,307
1992-09-04,784,784,111,482
1992-09-05,208,801,208,656
1992-09-06,970,970,721,950
1992-09-07,644,644,138,231
1992-09-08,492,877,492,632
1992-09-09,163,237,163,236
1992-09-10,991,991,341,921
1992-09-11,514,514,207,215
1992-09-12,547,547,532,536
1992-09-13,125,201,125,139
1992-09-14,99,255,99,195
1992-09-15,853,853,853,853
1992-09-16,10,656,10,411
1992-09-17,485,583,467,556
1992-09-18,962,962,358,438
1992-09-19,589,679,589,637
1992-09-20,665,665,665,665
1992-09-21,794,794,107,668
1992-09-22,798,888,798,848
1992-09-23,86,974,86,90
1992-09-24,386,726,57,340
1992-09-25,716,716,672,706
1992-09-26,322,322,52,174
1992-09-27,727,727,727,727
1992-09-28,387,387,5,65
1992-09-29,382,382,382,382
1992-09-30,462,974,374,515
1992-10-01,684,750,250,300
1992-10-02,10,399,10,351
1992-10-03,849,849,521,598
1992-10-04,727,964,727,788
1992-10-05,716,716,716,716
1992-10-06,540,958,133,948
1992-10-07,638,638,142,457
1992-10-08,10,970,10,948
1992-10-09,136,265,136,262
1992-10-10,752,752,752,752
1992-10-11,130,928,130,285
1992-10-12,746,746,746,746
1992-10-13,522,522,522,522
1992-10-14,205,830,205,239
1992-10-15,848,848,799,839
1992-10-16,18,330,18,249
1992-10-17,637,643,20,541
1992-10-18,371,459,371,394
1992-10-19,30,985,30,592
1992-10-20,74,623,74,494
1992-10-21,396,469,307,445
1992-10-22,306,385,139,168
1992-10-23,523,523,523,523
1992-10-24,23,705,23,447
1992-10-25,971,971,918,965
1992-10-26,828,828,283,463
1992-10-27,127,362,127,212
1992-10-28,339,710,339,632
1992-10-29,325,325,325,325
1992-10-30,309,803,309,569
1992-10-31,320,479,194,296
1992-11-01,980,980,528,827
1992-11-02,182,740,182,569
1992-11-03,853,853,42,200
1992-11-04,640,640,640,640
1992-11-05,645,711,241,511
1992-11-06,527,527,527,527
1992-11-07,415,676,415,579
1992-11-08,209,419,189,366
1992-11-09,310,448,98,200
1992-11-10,803,803,53,211
1992-11-11,684,738,102,110
1992-11-12,103,926,103,234
1992-11-13,790,790,507,587
1992-11-14,63,604,63,345
1992-11-15,141,609,141,234
1992-11-16,442,442,442,442
1992-11-17,727,727,434,507
1992-11-18,406,953,130,351
1992-11-19,914,914,214,548
1992-11-20,960,960,485,606
1992-11-21,555,555,555,555
1992-11-22,799,839,29,653
1992-11-23,499,499,272,425
1992-11-24,341,799,341,713
1992-11-25,921,974,138,555
1992-11-26,498,817,403,587
1992-11-27,428,855,354,591
1992-11-28,324,324,324,324
1992-11-29,715,945,715,916
1992-11-30,15,785,15,526
1992-12-01,538,635,133,558
1992-12-02,740,740,214,731
1992-12-03,309,606,309,426
1992-12-04,647,906,647,758
1992-12-05,16,523,16,235
1992-12-06,570,673,570,626
1992-12-07,758,758,423,631
1992-12-08,5,449,5,41
1992-12-09,846,846,219,472
1992-12-10,196,196,196,196
1992-12-11,638,835,120,504
1992-12-12,515,515,224,477
1992-12-13,640,640,536,596
1992-12-14,674,686,151,573
1992-12-15,890,890,304,351
1992-12-16,117,497,117,439
1992-12-17,220,933,220,700
1992-12-18,691,691,422,527
1992-12-19,223,880,144,266
1992-12-20,434,434,434,434
1992-12-21,793,793,793,793
1992-12-22,648,810,648,802
1992-12-23,548,548,46,266
1992-12-24,851,851,851,851
1992-12-25,191,376,191,194
1992-12-26,157,501,157,287
1992-12-27,982,982,163,705
1992-12-28,903,910,142,648
1992-12-29,694,694,388,513
1992-12-30,182,572,182,544
1992-12-31,525,739,39,238
1993-01-01,617,617,617,617
1993-01-02,340,340,235,248
1993-01-03,323,323,68,136
1993-01-04,235,332,28,209
1993-01-05,392,392,392,392
1993-01-06,5,302,5,127
1993-01-07,195,966,195,509
1993-01-08,231,686,231,393
1993-01-09,551,551,551,551
1993-01-10,576,576,576,576
1993-01-11,906,906,317,728
1993-01-12,861,861,187,566
1993-01-13,182,337,182,206
1993-01-14,241,241,241,241
1993-01-15,484,484,233,304
1993-01-16,925,925,326,551
1993-01-17,639,639,265,620
1993-01-18,746,746,473,654
1993-01-19,30,436,30,419
1993-01-20,1,678,1,506
1993-01-21,826,826,34,589
1993-01-22,190,397,190,315
1993-01-23,272,678,98,413
1993-01-24,621,621,621,621
1993-01-25,603,603,603,603
1993-01-26,908,908,262,741
1993-01-27,462,924,462,658
1993-01-28,771,876,144,800
1993-01-29,731,731,574,577
1993-01-30,733,733,514,519
1993-01-31,699,720,45,74
1993-02-01,272,272,272,272
1993-02-02,102,186,102,108
1993-02-03,313,386,45,369
1993-02-04,867,867,62,165
1993-02-05,280,615,280,293
1993-02-06,81,81,81,81
1993-02-07,579,579,579,579
1993-02-08,50,934,50,761
1993-02-09,363,363,363,363
1993-02-10,151,611,151,349
1993-02-11,85,432,85,200
1993-02-12,938,938,691,767
1993-02-13,656,656,44,602
1993-02-14,20,686,20,487
1993-02-15,401,843,401,684
1993-02-16,470,500,23,225
1993-02-17,661,661,661,661
1993-02-18,136,567,136,282
1993-02-19,797,797,604,722
1993-02-20,64,788,64,745
1993-02-21,810,810,423,792
1993-02-22,398,398,362,371
1993-02-23,465,884,57,564
1993-02-24,676,742,369,574
1993-02-25,899,899,664,866
1993-02-26,708,884,373,674
1993-02-27,564,564,261,384
1993-02-28,972,972,211,414
1993-03-01,381,829,86,337
1993-03-02,837,837,457,801
1993-03-03,679,679,679,679
1993-03-04,324,591,110,201
1993-03-05,48,754,48,511
1993-03-06,767,767,414,761
1993-03-07,240,359,240,317
1993-03-08,212,285,79,190
1993-03-09,701,701,496,631
1993-03-10,178,178,178,178
1993-03-11,61,466,61,132
1993-03-12,431,745,431,585
1993-03-13,647,647,521,562
1993-03-14,977,977,760,899
1993-03-15,13,989,13,163
1993-03-16,439,739,439,729
1993-03-17,181,848,57,461
1993-03-18,720,874,654,807
1993-03-19,363,921,353,399
1993-03-20,735,735,735,735
1993-03-21,230,230,152,217
1993-03-22,681,681,549,598
1993-03-23,416,416,141,166
1993-03-24,871,871,2,762
1993-03-25,944,944,819,923
1993-03-26,650,650,650,650
1993-03-27,915,915,699,790
1993-03-28,699,699,699,699
1993-03-29,880,880,241,454
1993-03-30,533,533,533,533
1993-03-31,378,958,158,241
1993-04-01,619,619,21,415
1993-04-02,943,943,232,335
1993-04-03,37,470,37,142
1993-04-04,32,801,32,486
1993-04-05,405,405,150,171
1993-04-06,757,757,556,723
1993-04-07,482,614,220,251
1993-04-08,674,674,382,412
1993-04-09,561,561,392,531
1993-04-10,629,629,514,608
1993-04-11,310,983,43,314
1993-04-12,652,652,42,150
1993-04-13,348,943,1,708
1993-04-14,448,448,448,448
1993-04-15,951,951,951,951
1993-04-16,586,586,78,444
1993-04-17,514,539,50,77
1993-04-18,580,637,580,619
1993-04-19,411,986,411,952
1993-04-20,667,667,667,667
1993-04-21,457,457,457,457
1993-04-22,902,902,452,720
1993-04-23,978,978,59,387
1993-04-24,262,644,162,586
1993-04-25,642,702,558,633
1993-04-26,172,670,172,567
1993-04-27,954,954,674,677
1993-04-28,575,694,575,640
1993-04-29,848,848,848,848
1993-04-30,652,652,353,508
1993-05-01,723,840,723,789
1993-05-02,70,919,48,168
1993-05-03,685,688,685,686
1993-05-04,873,873,49,624
1993-05-05,157,913,157,568
1993-05-06,983,983,747,809
1993-05-07,21,291,21,285
1993-05-08,957,957,945,952
1993-05-09,910,910,262,720
1993-05-10,79,779,79,545
1993-05-11,859,859,708,819
1993-05-12,781,781,521,722
1993-05-13,606,606,606,606
1993-05-14,328,328,184,190
1993-05-15,215,823,196,572
1993-05-16,833,833,36,618
1993-05-17,377,980,377,690
1993-05-18,617,617,472,524
1993-05-19,308,424,213,363
1993-05-20,606,943,402,552
1993-05-21,13,219,13,25
1993-05-22,539,539,539,539
1993-05-23,943,943,600,742
1993-05-24,751,751,206,398
1993-05-25,483,658,437,558
1993-05-26,284,530,284,498
1993-05-27,252,610,252,437
1993-05-28,224,582,224,503
1993-05-29,213,366,213,349
1993-05-30,987,987,199,428
1993-05-31,445,792,445,517
1993-06-01,320,952,320,627
1993-06-02,777,910,763,880
1993-06-03,677,894,677,823
1993-06-04,146,146,146,146
1993-06-05,514,514,514,514
1993-06-06,772,772,772,772
1993-06-07,123,123,87,87
1993-06-08,178,475,178,270
1993-06-09,393,859,393,604
1993-06-10,208,481,208,368
1993-06-11,902,902,672,891
1993-06-12,461,650,461,561
1993-06-13,281,506,281,394
1993-06-14,392,604,392,574
1993-06-15,824,824,522,596
1993-06-16,917,917,487,810
1993-06-17,641,641,122,581
1993-06-18,475,868,475,508
1993-06-19,256,880,256,773
1993-06-20,73,618,73,407
1993-06-21,964,964,808,822
1993-06-22,872,872,376,861
1993-06-23,748,822,448,687
1993-06-24,608,608,388,527
1993-06-25,58,71,58,60
1993-06-26,503,503,503,503
1993-06-27,878,878,497,870
1993-06-28,184,529,184,501
1993-06-29,10,774,10,25
1993-06-30,827,827,454,747
1993-07-01,417,705,321,432
1993-07-02,79,992,79,96
1993-07-03,788,788,788,788
1993-07-04,510,573,404,415
1993-07-05,900,900,788,806
1993-07-06,404,404,404,404
1993-07-07,777,777,585,749
1993-07-08,482,482,482,482
1993-07-09,298,506,176,312
1993-07-10,751,751,108,129
1993-07-11,285,612,285,500
1993-07-12,139,322,139,172
1993-07-13,637,637,538,631
1993-07-14,592,682,592,682
1993-07-15,474,474,474,474
1993-07-16,622,851,200,761
1993-07-17,40,943,40,890
1993-07-18,603,603,426,473
1993-07-19,4,278,4,186
1993-07-20,371,836,371,476
1993-07-21,707,707,489,539
1993-07-22,964,964,628,963
1993-07-23,633,633,272,542
1993-07-24,963,963,551,678
1993-07-25,955,955,919,939
1993-07-26,756,756,584,641
1993-07-27,190,524,190,446
1993-07-28,482,574,482,539
1993-07-29,39,897,39,364
1993-07-30,125,857,125,305
1993-07-31,165,409,165,386
1993-08-01,715,861,134,265
1993-08-02,931,931,86,246
1993-08-03,513,936,513,518
1993-08-04,334,813,334,406
1993-08-05,905,905,413,852
1993-08-06,6,773,6,184
1993-08-07,178,764,178,523
1993-08-08,437,789,437,752
1993-08-09,24,167,24,97
1993-08-10,270,270,215,270
1993-08-11,109,197,109,162
1993-08-12,958,958,648,808
1993-08-13,739,747,700,704
1993-08-14,594,594,594,594
1993-08-15,991,991,789,917
1993-08-16,206,570,206,350
1993-08-17,85,582,85,105
1993-08-18,12,885,12,186
1993-08-19,246,246,246,246
1993-08-20,937,937,882,917
1993-08-21,453,453,431,432
1993-08-22,94,775,94,169
1993-08-23,983,983,95,826
1993-08-24,835,835,250,810
1993-08-25,382,471,382,466
1993-08-26,122,410,122,307
1993-08-27,466,785,466,772
1993-08-28,291,316,291,295
1993-08-29,848,848,848,848
1993-08-30,422,638,22,618
1993-08-31,437,437,437,437
1993-09-01,450,450,6,103
1993-09-02,380,703,380,430
1993-09-03,468,818,8,371
1993-09-04,82,324,82,232
1993-09-05,329,592,329,580
1993-09-06,959,959,203,313
1993-09-07,192,462,69,149
1993-09-08,772,772,93,235
1993-09-09,760,760,445,633
1993-09-10,325,505,325,366
1993-09-11,779,779,15,307
1993-09-12,678,678,368,632
1993-09-13,600,600,199,339
1993-09-14,343,771,77,113
1993-09-15,997,997,955,993
1993-09-16,937,946,436,795
1993-09-17,370,428,69,387
1993-09-18,94,318,94,96
1993-09-19,316,565,316,378
1993-09-20,41,680,41,385
1993-09-21,230,230,230,230
1993-09-22,894,894,790,865
1993-09-23,970,970,728,749
1993-09-24,34,332,34,271
1993-09-25,150,778,12,686
1993-09-26,241,241,241,241
1993-09-27,910,910,653,861
1993-09-28,325,701,325,556
1993-09-29,562,562,498,552
1993-09-30,722,722,722,722
1993-10-01,483,957,483,601
1993-10-02,830,830,610,715
1993-10-03,304,304,304,304
1993-10-04,771,942,771,868
1993-10-05,688,896,688,726
1993-10-06,727,947,727,788
1993-10-07,828,828,206,656
1993-10-08,612,612,612,612
1993-10-09,899,899,155,189
1993-10-10,299,833,143,701
1993-10-11,687,687,114,497
1993-10-12,207,513,77,312
1993-10-13,232,674,232,283
1993-10-14,738,738,2,690
1993-10-15,454,572,454,464
1993-10-16,194,194,194,194
1993-10-17,412,412,178,196
1993-10-18,705,895,705,863
1993-10-19,234,239,157,197
1993-10-20,190,712,190,709
1993-10-21,700,700,431,608
1993-10-22,242,242,104,187
1993-10-23,381,809,381,586
1993-10-24,799,799,134,411
1993-10-25,485,485,485,485
1993-10-26,290,290,38,221
1993-10-27,635,856,400,587
1993-10-28,213,793,213,682
1993-10-29,715,715,260,477
1993-10-30,900,991,471,737
1993-10-31,470,470,470,470
1993-11-01,584,708,584,597
1993-11-02,88,385,88,124
1993-11-03,954,954,560,935
1993-11-04,888,888,560,727
1993-11-05,511,948,114,884
1993-11-06,992,992,753,789
1993-11-07,189,752,189,321
1993-11-08,32,923,32,586
1993-11-09,199,457,79,235
1993-11-10,71,568,71,325
1993-11-11,228,582,228,240
1993-11-12,366,366,235,235
1993-11-13,404,404,404,404
1993-11-14,680,680,211,227
1993-11-15,323,323,323,323
1993-11-16,322,947,322,853
1993-11-17,419,419,419,419
1993-11-18,68,915,68,373
1993-11-19,781,955,178,811
1993-11-20,36,657,36,89
1993-11-21,674,674,674,674
1993-11-22,38,422,38,72
1993-11-23,436,823,150,286
1993-11-24,270,270,270,270
1993-11-25,570,570,173,263
1993-11-26,656,656,138,335
1993-11-27,273,526,273,305
1993-11-28,339,782,339,532
1993-11-29,56,300,56,82
1993-11-30,44,721,44,576
1993-12-01,966,966,133,271
1993-12-02,463,728,463,485
1993-12-03,318,318,318,318
1993-12-04,342,342,342,342
1993-12-05,884,884,731,833
1993-12-06,742,985,619,848
1993-12-07,285,432,230,399
1993-12-08,899,899,364,769
1993-12-09,772,832,509,812
1993-12-10,222,907,222,525
1993-12-11,724,731,124,193
1993-12-12,315,910,315,873
1993-12-13,173,300,173,243
1993-12-14,13,509,13,42
1993-12-15,806,857,139,189
1993-12-16,211,815,211,491
1993-12-17,381,808,381,580
1993-12-18,606,606,241,598
1993-12-19,650,650,352,614
1993-12-20,940,940,27,395
1993-12-21,532,532,532,532
1993-12-22,764,808,68,558
1993-12-23,438,610,421,580
1993-12-24,763,763,56,373
1993-12-25,118,135,118,123
1993-12-26,210,435,210,349
1993-12-27,676,676,676,676
1993-12-28,425,800,425,783
1993-12-29,597,597,330,496
1993-12-30,50,296,50,211
1993-12-31,192,839,30,551
1994-01-01,995,995,287,500
1994-01-02,234,442,234,284
1994-01-03,573,573,320,434
1994-01-04,218,233,218,218
1994-01-05,502,898,155,524
1994-01-06,882,882,342,749
1994-01-07,72,688,72,551
1994-01-08,956,956,606,888
1994-01-09,424,424,424,424
1994-01-10,24,985,24,223
1994-01-11,688,688,478,560
1994-01-12,654,654,413,482
1994-01-13,540,818,540,610
1994-01-14,12,665,12,116
1994-01-15,854,887,704,884
1994-01-16,59,980,59,762
1994-01-17,375,416,375,388
1994-01-18,577,895,57,346
1994-01-19,799,799,307,714
1994-01-20,980,980,391,935
1994-01-21,29,81,29,30
1994-01-22,526,835,302,711
1994-01-23,67,771,67,167
1994-01-24,707,707,688,691
1994-01-25,758,779,222,394
1994-01-26,505,505,390,461
1994-01-27,289,633,289,412
1994-01-28,683,881,683,801
1994-01-29,118,318,45,231
1994-01-30,683,683,283,455
1994-01-31,773,773,397,681
1994-02-01,875,875,875,875
1994-02-02,816,816,51,666
1994-02-03,756,756,195,561
1994-02-04,718,718,420,708
1994-02-05,965,965,348,949
1994-02-06,165,389,165,255
1994-02-07,48,48,48,48
1994-02-08,12,87,12,56
1994-02-09,170,289,170,220
1994-02-10,437,437,184,389
1994-02-11,188,847,188,696
1994-02-12,936,936,404,709
1994-02-13,597,869,597,688
1994-02-14,251,251,251,251
1994-02-15,276,276,276,276
1994-02-16,403,532,297,341
1994-02-17,398,766,398,658
1994-02-18,891,891,840,877
1994-02-19,100,720,100,339
1994-02-20,209,990,209,894
1994-02-21,393,393,393,393
1994-02-22,323,323,323,323
1994-02-23,380,693,380,656
1994-02-24,467,687,467,549
1994-02-25,570,652,417,453
1994-02-26,584,584,584,584
1994-02-27,366,880,292,534
1994-02-28,371,371,120,194
1994-03-01,529,529,529,529
1994-03-02,33,342,33,177
1994-03-03,457,981,446,685
1994-03-04,33,791,33,654
1994-03-05,602,602,525,558
1994-03-06,648,925,648,866
1994-03-07,360,360,281,286
1994-03-08,958,958,312,642
1994-03-09,757,757,410,469
1994-03-10,530,581,277,454
1994-03-11,494,841,494,774
1994-03-12,578,622,578,593
1994-03-13,748,748,279,622
1994-03-14,9,465,9,433
1994-03-15,295,464,295,356
1994-03-16,306,953,39,548
1994-03-17,937,937,186,486
1994-03-18,894,894,814,892
1994-03-19,354,354,354,354
1994-03-20,904,904,376,642
1994-03-21,866,866,625,784
1994-03-22,319,319,319,319
1994-03-23,871,871,208,436
1994-03-24,940,940,658,680
1994-03-25,671,671,671,671
1994-03-26,973,973,485,967
1994-03-27,915,915,84,293
1994-03-28,77,852,77,647
1994-03-29,470,470,470,470
1994-03-30,284,905,284,698
1994-03-31,492,492,72,215
1994-04-01,945,945,303,881
1994-04-02,647,647,346,604
1994-04-03,257,257,257,257
1994-04-04,504,504,504,504
1994-04-05,967,967,506,658
1994-04-06,409,409,409,409
1994-04-07,641,641,489,601
1994-04-08,590,901,590,894
1994-04-09,324,324,53,80
1994-04-10,748,748,322,520
1994-04-11,86,908,86,339
1994-04-12,399,839,224,257
1994-04-13,574,574,71,294
1994-04-14,794,794,794,794
1994-04-15,874,874,342,476
1994-04-16,234,234,200,206
1994-04-17,91,635,8,510
1994-04-18,702,979,702,830
1994-04-19,563,563,159,394
1994-04-20,92,130,92,105
1994-04-21,100,107,100,105
1994-04-22,914,914,637,640
1994-04-23,869,869,720,828
1994-04-24,141,795,141,575
1994-04-25,787,787,787,787
1994-04-26,763,955,577,745
1994-04-27,781,781,781,781
1994-04-28,982,982,862,890
1994-04-29,303,353,215,324
1994-04-30,923,923,138,397
1994-05-01,537,882,374,647
1994-05-02,65,926,9,124
1994-05-03,83,801,83,693
1994-05-04,682,682,485,493
1994-05-05,752,752,438,573
1994-05-06,845,845,480,480
1994-05-07,569,569,92,280
1994-05-08,7,526,7,452
1994-05-09,862,862,200,273
1994-05-10,465,935,172,253
1994-05-11,113,638,68,93
1994-05-12,178,356,178,353
1994-05-13,589,900,589,797
1994-05-14,485,644,485,537
1994-05-15,374,697,374,585
1994-05-16,936,963,511,676
1994-05-17,105,105,105,105
1994-05-18,400,821,320,606
1994-05-19,276,449,276,367
1994-05-20,212,212,212,212
1994-05-21,61,79,61,70
1994-05-22,449,947,449,944
1994-05-23,216,427,193,301
1994-05-24,990,990,689,938
1994-05-25,343,343,343,343
1994-05-26,412,972,24,252
1994-05-27,591,591,312,375
1994-05-28,256,894,256,420
1994-05-29,261,514,261,276
1994-05-30,338,591,338,521
1994-05-31,818,818,747,790
1994-06-01,199,934,199,498
1994-06-02,81,212,81,198
1994-06-03,275,275,275,275
1994-06-04,358,358,358,358
1994-06-05,424,424,409,411
1994-06-06,391,391,38,289
1994-06-07,5,724,5,374
1994-06-08,820,820,139,625
1994-06-09,365,680,365,656
1994-06-10,280,452,280,349
1994-06-11,203,203,203,203
1994-06-12,230,511,131,325
1994-06-13,58,455,58,296
1994-06-14,978,978,114,139
1994-06-15,864,864,856,856
1994-06-16,102,287,102,230
1994-06-17,689,689,476,547
1994-06-18,928,928,585,709
1994-06-19,410,880,410,495
1994-06-20,811,811,811,811
1994-06-21,686,686,604,606
1994-06-22,527,527,505,522
1994-06-23,669,802,669,765
1994-06-24,166,404,166,244
1994-06-25,997,997,886,989
1994-06-26,210,629,210,548
1994-06-27,733,733,733,733
1994-06-28,526,959,150,888
1994-06-29,462,525,462,500
1994-06-30,931,931,26,672
1994-07-01,862,862,833,846
1994-07-02,202,707,69,98
1994-07-03,789,789,708,776
1994-07-04,90,904,90,584
1994-07-05,976,976,322,945
1994-07-06,274,526,274,422
1994-07-07,180,684,180,386
1994-07-08,239,354,239,345
1994-07-09,151,821,151,588
1994-07-10,995,995,51,788
1994-07-11,555,692,555,604
1994-07-12,901,901,871,900
1994-07-13,678,763,678,721
1994-07-14,10,168,10,73
1994-07-15,695,695,695,695
1994-07-16,769,769,450,473
1994-07-17,919,919,919,919
1994-07-18,818,818,818,818
1994-07-19,602,602,602,602
1994-07-20,402,402,182,371
1994-07-21,833,833,833,833
1994-07-22,193,680,4,430
1994-07-23,947,947,713,885
1994-07-24,112,439,112,235
1994-07-25,397,511,169,439
1994-07-26,982,982,575,658
1994-07-27,518,518,518,518
1994-07-28,502,987,502,608
1994-07-29,239,857,239,765
1994-07-30,142,496,142,262
1994-07-31,400,441,394,438
1994-08-01,625,628,456,512
1994-08-02,131,165,131,133
1994-08-03,123,144,123,126
1994-08-04,900,900,505,762
1994-08-05,49,129,49,126
1994-08-06,913,913,96,588
1994-08-07,784,784,784,784
1994-08-08,207,603,207,573
1994-08-09,300,300,300,300
1994-08-10,163,590,163,335
1994-08-11,507,726,507,625
1994-08-12,67,734,67,661
1994-08-13,591,591,591,591
1994-08-14,321,321,147,168
1994-08-15,85,191,85,89
1994-08-16,122,726,122,717
1994-08-17,148,334,148,173
1994-08-18,575,575,575,575
1994-08-19,934,934,521,683
1994-08-20,632,632,632,632
1994-08-21,459,688,459,651
1994-08-22,740,937,350,537
1994-08-23,65,465,65,327
1994-08-24,493,983,248,649
1994-08-25,359,582,359,523
1994-08-26,786,786,80,243
1994-08-27,302,495,302,436
1994-08-28,548,968,548,666
1994-08-29,685,685,236,474
1994-08-30,892,892,677,712
1994-08-31,465,465,215,406
1994-09-01,575,887,74,92
1994-09-02,210,644,210,377
1994-09-03,914,914,91,739
1994-09-04,305,873,305,614
1994-09-05,953,953,190,251
1994-09-06,547,547,100,440
1994-09-07,727,727,727,727
1994-09-08,363,363,363,363
1994-09-09,107,114,107,112
1994-09-10,442,442,152,431
1994-09-11,489,489,148,191
1994-09-12,49,376,49,347
1994-09-13,375,664,277,651
1994-09-14,549,549,304,307
1994-09-15,178,459,178,274
1994-09-16,735,984,494,983
1994-09-17,729,729,729,729
1994-09-18,746,746,291,662
1994-09-19,639,658,452,512
1994-09-20,66,180,66,137
1994-09-21,301,877,205,732
1994-09-22,859,859,287,783
1994-09-23,968,968,892,968
1994-09-24,641,641,641,641
1994-09-25,737,860,737,740
1994-09-26,303,655,303,364
1994-09-27,57,997,57,422
1994-09-28,563,563,563,563
1994-09-29,573,713,397,654
1994-09-30,935,935,32,339
1994-10-01,231,231,231,231
1994-10-02,280,805,249,396
1994-10-03,299,299,299,299
1994-10-04,326,433,326,408
1994-10-05,908,908,832,888
1994-10-06,215,828,174,501
1994-10-07,398,804,85,600
1994-10-08,260,765,113,409
1994-10-09,820,839,60,458
1994-10-10,129,682,129,373
1994-10-11,464,702,464,666
1994-10-12,720,720,163,635
1994-10-13,352,746,319,724
1994-10-14,39,672,39,312
1994-10-15,684,684,494,544
1994-10-16,449,449,40,442
1994-10-17,837,910,837,858
1994-10-18,386,672,104,415
1994-10-19,316,873,316,429
1994-10-20,415,571,415,566
1994-10-21,316,316,316,316
1994-10-22,325,882,237,249
1994-10-23,704,704,36,178
1994-10-24,379,490,198,323
1994-10-25,822,822,231,618
1994-10-26,50,747,50,643
1994-10-27,651,811,74,416
1994-10-28,732,732,594,707
1994-10-29,988,988,367,370
1994-10-30,135,197,135,183
1994-10-31,288,288,65,211
1994-11-01,145,561,145,537
1994-11-02,61,590,61,64
1994-11-03,792,792,702,784
1994-11-04,488,488,211,286
1994-11-05,539,539,539,539
1994-11-06,71,888,71,163
1994-11-07,229,365,229,289
1994-11-08,828,828,53,626
1994-11-09,748,748,31,734
1994-11-10,497,497,72,140
1994-11-11,118,300,12,28
1994-11-12,594,778,408,574
1994-11-13,311,929,311,492
1994-11-14,37,911,37,521
1994-11-15,825,825,247,588
1994-11-16,7,536,7,86
1994-11-17,234,757,234,591
1994-11-18,657,657,312,415
1994-11-19,866,896,580,655
1994-11-20,803,803,512,694
1994-11-21,11,787,11,435
1994-11-22,241,465,241,406
1994-11-23,177,355,177,314
1994-11-24,840,840,8,273
1994-11-25,449,705,449,466
1994-11-26,168,419,168,417
1994-11-27,400,400,400,400
1994-11-28,161,633,161,296
1994-11-29,44,50,44,47
1994-11-30,830,830,830,830
1994-12-01,840,840,170,357
1994-12-02,63,291,63,105
1994-12-03,31,913,31,47
1994-12-04,601,601,105,157
1994-12-05,673,673,522,568
1994-12-06,644,732,545,672
1994-12-07,881,881,732,870
1994-12-08,801,801,801,801
1994-12-09,499,499,440,462
1994-12-10,29,51,29,34
1994-12-11,109,788,109,555
1994-12-12,462,847,179,473
1994-12-13,212,472,212,465
1994-12-14,683,969,683,859
1994-12-15,41,903,41,358
1994-12-16,434,434,434,434
1994-12-17,911,911,911,911
1994-12-18,230,354,230,330
1994-12-19,556,556,223,508
1994-12-20,973,973,547,724
1994-12-21,656,968,656,937
1994-12-22,985,985,437,572
1994-12-23,314,314,314,314
1994-12-24,786,786,786,786
1994-12-25,671,671,671,671
1994-12-26,907,907,516,695
1994-12-27,610,815,449,782
1994-12-28,634,658,634,640
1994-12-29,386,646,386,505
1994-12-30,290,458,290,362
1994-12-31,66,475,66,399
1995-01-01,338,945,338,846
1995-01-02,181,281,181,251
1995-01-03,305,979,305,710
1995-01-04,309,381,309,328
1995-01-05,506,934,493,840
1995-01-06,170,355,84,145
1995-01-07,263,286,188,190
1995-01-08,934,934,140,592
1995-01-09,109,109,109,109
1995-01-10,393,428,393,420
1995-01-11,52,270,52,90
1995-01-12,871,871,581,830
1995-01-13,185,862,185,466
1995-01-14,503,503,503,503
1995-01-15,474,474,474,474
1995-01-16,656,734,271,306
1995-01-17,633,919,590,855
1995-01-18,927,927,48,547
1995-01-19,252,907,160,767
1995-01-20,435,965,23,482
1995-01-21,86,603,86,574
1995-01-22,768,950,324,615
1995-01-23,6,361,6,285
1995-01-24,327,563,327,548
1995-01-25,306,778,306,331
1995-01-26,100,877,100,232
1995-01-27,806,806,118,491
1995-01-28,184,627,70,556
1995-01-29,369,517,96,456
1995-01-30,990,990,396,445
1995-01-31,898,898,898,898
1995-02-01,95,220,69,193
1995-02-02,487,732,487,589
1995-02-03,220,220,220,220
1995-02-04,252,330,252,255
1995-02-05,798,897,697,877
1995-02-06,785,785,714,724
1995-02-07,838,873,434,621
1995-02-08,185,441,185,284
1995-02-09,653,956,617,889
1995-02-10,474,937,474,502
1995-02-11,552,820,552,792
1995-02-12,900,900,226,388
1995-02-13,432,975,432,438
1995-02-14,471,822,260,582
1995-02-15,905,905,133,146
1995-02-16,504,504,25,307
1995-02-17,72,666,72,422
1995-02-18,758,896,710,882
1995-02-19,777,802,159,304
1995-02-20,431,431,431,431
1995-02-21,894,894,786,841
1995-02-22,102,732,102,645
1995-02-23,53,623,53,99
1995-02-24,951,951,533,790
1995-02-25,911,911,911,911
1995-02-26,719,719,132,642
1995-02-27,463,587,357,363
1995-02-28,754,867,439,682
1995-03-01,966,966,476,589
1995-03-02,226,226,226,226
1995-03-03,667,714,557,594
1995-03-04,974,974,367,474
1995-03-05,444,485,444,460
1995-03-06,273,851,273,624
1995-03-07,278,948,238,894
1995-03-08,829,829,42,682
1995-03-09,372,968,372,888
1995-03-10,792,961,200,730
1995-03-11,805,805,419,689
1995-03-12,457,631,457,535
1995-03-13,960,960,580,939
1995-03-14,591,591,133,267
1995-03-15,355,423,355,389
1995-03-16,548,548,504,532
1995-03-17,801,801,179,474
1995-03-18,239,506,239,281
1995-03-19,425,425,425,425
1995-03-20,319,375,319,347
1995-03-21,583,931,128,860
1995-03-22,978,978,798,956
1995-03-23,83,642,83,529
1995-03-24,907,907,195,261
1995-03-25,243,876,243,437
1995-03-26,570,570,570,570
1995-03-27,832,832,573,594
1995-03-28,210,588,210,573
1995-03-29,961,961,674,952
1995-03-30,685,822,409,437
1995-03-31,995,995,691,914
1995-04-01,892,892,75,721
1995-04-02,21,463,21,391
1995-04-03,78,336,51,204
1995-04-04,297,765,297,369
1995-04-05,652,652,9,49
1995-04-06,26,242,26,101
1995-04-07,46,810,46,648
1995-04-08,245,245,245,245
1995-04-09,776,776,404,634
1995-04-10,300,835,63,202
1995-04-11,567,567,567,567
1995-04-12,237,982,235,676
1995-04-13,308,714,219,587
1995-04-14,861,861,223,808
1995-04-15,167,656,167,189
1995-04-16,851,851,561,791
1995-04-17,391,601,391,580
1995-04-18,6,286,6,201
1995-04-19,695,695,506,636
1995-04-20,233,528,233,366
1995-04-21,629,824,295,592
1995-04-22,587,587,587,587
1995-04-23,115,294,115,123
1995-04-24,505,524,435,468
1995-04-25,111,135,111,134
1995-04-26,848,848,464,753
1995-04-27,901,901,901,901
1995-04-28,426,998,277,605
1995-04-29,172,241,172,198
1995-04-30,557,786,557,786
1995-05-01,349,669,349,397
1995-05-02,219,245,219,229
1995-05-03,767,972,731,760
1995-05-04,29,287,29,204
1995-05-05,302,302,233,295
1995-05-06,778,778,110,143
1995-05-07,340,365,340,351
1995-05-08,684,796,573,718
1995-05-09,677,677,244,274
1995-05-10,365,865,322,540
1995-05-11,578,850,408,799
1995-05-12,455,611,455,476
1995-05-13,906,906,344,837
1995-05-14,935,935,513,729
1995-05-15,678,701,678,686
1995-05-16,296,904,296,702
1995-05-17,696,696,267,549
1995-05-18,311,311,188,241
1995-05-19,146,566,146,408
1995-05-20,842,842,675,696
1995-05-21,29,86,29,68
1995-05-22,942,942,613,682
1995-05-23,632,632,62,558
1995-05-24,908,908,237,837
1995-05-25,174,174,174,174
1995-05-26,249,249,249,249
1995-05-27,881,881,51,62
1995-05-28,613,675,556,652
1995-05-29,782,782,247,249
1995-05-30,92,787,92,659
1995-05-31,982,982,685,939
1995-06-01,865,865,719,745
1995-06-02,785,785,149,602
1995-06-03,912,961,646,826
1995-06-04,505,505,505,505
1995-06-05,763,763,763,763
1995-06-06,919,919,463,792
1995-06-07,969,969,533,884
1995-06-08,542,542,272,399
1995-06-09,963,963,858,909
1995-06-10,909,909,401,461
1995-06-11,860,860,746,856
1995-06-12,273,939,273,892
1995-06-13,943,943,154,885
1995-06-14,322,322,322,322
1995-06-15,618,618,21,571
1995-06-16,878,966,878,911
1995-06-17,624,624,104,262
1995-06-18,511,727,511,624
1995-06-19,453,453,295,396
1995-06-20,278,836,127,638
1995-06-21,52,549,52,294
1995-06-22,852,852,566,573
1995-06-23,381,381,226,329
1995-06-24,521,951,521,533
1995-06-25,616,930,184,348
1995-06-26,893,961,22,344
1995-06-27,777,777,22,204
1995-06-28,705,870,263,735
1995-06-29,387,447,387,396
1995-06-30,583,784,583,676
1995-07-01,28,875,28,874
1995-07-02,381,381,381,381
1995-07-03,754,754,728,742
1995-07-04,325,325,108,230
1995-07-05,890,890,348,647
1995-07-06,689,935,689,758
1995-07-07,644,802,236,609
1995-07-08,158,174,158,159
1995-07-09,657,762,91,115
1995-07-10,26,512,26,348
1995-07-11,246,246,152,157
1995-07-12,579,579,579,579
1995-07-13,63,295,63,174
1995-07-14,822,822,191,280
1995-07-15,620,620,620,620
1995-07-16,97,131,97,118
1995-07-17,494,494,329,335
1995-07-18,207,207,71,158
1995-07-19,339,714,334,587
1995-07-20,499,499,499,499
1995-07-21,841,841,841,841
1995-07-22,23,373,23,350
1995-07-23,225,225,225,225
1995-07-24,832,832,686,708
1995-07-25,513,979,513,708
1995-07-26,805,805,133,569
1995-07-27,594,594,594,594
1995-07-28,24,741,24,150
1995-07-29,119,928,119,856
1995-07-30,209,867,209,279
1995-07-31,308,788,200,534
1995-08-01,94,385,94,185
1995-08-02,939,939,26,760
1995-08-03,250,250,250,250
1995-08-04,951,951,515,864
1995-08-05,403,403,101,249
1995-08-06,883,883,651,876
1995-08-07,643,646,637,637
1995-08-08,975,975,379,748
1995-08-09,276,276,276,276
1995-08-10,760,885,265,826
1995-08-11,210,244,210,228
1995-08-12,195,287,31,187
1995-08-13,282,611,184,236
1995-08-14,35,256,35,250
1995-08-15,555,555,555,555
1995-08-16,331,702,331,343
1995-08-17,14,996,14,712
1995-08-18,695,907,104,571
1995-08-19,721,904,414,553
1995-08-20,616,616,616,616
1995-08-21,57,941,57,539
1995-08-22,718,718,718,718
1995-08-23,7,690,7,686
1995-08-24,986,986,58,729
1995-08-25,428,436,428,428
1995-08-26,72,389,72,374
1995-08-27,382,622,382,597
1995-08-28,884,884,884,884
1995-08-29,112,211,112,148
1995-08-30,234,691,234,380
1995-08-31,954,954,516,699
1995-09-01,720,806,348,425
1995-09-02,628,820,61,424
1995-09-03,639,686,290,529
1995-09-04,673,673,673,673
1995-09-05,552,858,155,182
1995-09-06,286,492,286,337
1995-09-07,563,563,377,560
1995-09-08,533,533,242,284
1995-09-09,585,658,134,194
1995-09-10,120,471,120,300
1995-09-11,30,990,21,66
1995-09-12,329,794,116,136
1995-09-13,658,658,319,574
1995-09-14,981,981,421,535
1995-09-15,341,341,36,301
1995-09-16,116,600,116,420
1995-09-17,7,395,7,8
1995-09-18,526,742,355,411
1995-09-19,623,623,623,623
1995-09-20,786,786,31,346
1995-09-21,208,635,64,417
1995-09-22,402,618,402,509
1995-09-23,530,775,158,215
1995-09-24,158,900,158,448
1995-09-25,191,191,191,191
1995-09-26,396,658,396,464
1995-09-27,940,940,796,857
1995-09-28,603,603,147,480
1995-09-29,807,807,26,261
1995-09-30,601,601,525,549
1995-10-01,640,640,18,109
1995-10-02,803,803,517,672
1995-10-03,185,251,185,198
1995-10-04,746,918,746,785
1995-10-05,66,722,66,229
1995-10-06,988,988,619,881
1995-10-07,6,970,6,391
1995-10-08,888,888,118,869
1995-10-09,848,848,79,372
1995-10-10,485,519,485,486
1995-10-11,394,472,299,366
1995-10-12,810,869,383,710
1995-10-13,544,900,129,804
1995-10-14,96,596,96,183
1995-10-15,452,636,452,516
1995-10-16,36,307,36,174
1995-10-17,930,930,930,930
1995-10-18,629,629,584,599
1995-10-19,955,955,177,750
1995-10-20,350,350,350,350
1995-10-21,874,874,635,728
1995-10-22,44,589,36,283
1995-10-23,231,800,205,484
1995-10-24,632,791,269,446
1995-10-25,997,997,630,940
1995-10-26,544,544,30,369
1995-10-27,915,915,15,714
1995-10-28,808,808,401,615
1995-10-29,53,736,53,644
1995-10-30,332,951,332,333
1995-10-31,191,912,17,53
1995-11-01,837,859,244,786
1995-11-02,830,830,830,830
1995-11-03,788,788,407,784
1995-11-04,437,437,17,219
1995-11-05,551,670,551,648
1995-11-06,49,931,49,926
1995-11-07,935,935,927,929
1995-11-08,529,529,226,520
1995-11-09,834,834,664,771
1995-11-10,650,650,365,648
1995-11-11,375,375,120,352
1995-11-12,422,428,32,287
1995-11-13,710,710,710,710
1995-11-14,664,664,536,546
1995-11-15,640,640,584,624
1995-11-16,493,493,47,468
1995-11-17,978,978,396,953
1995-11-18,51,201,51,176
1995-11-19,723,723,723,723
1995-11-20,865,865,515,799
1995-11-21,469,469,428,464
1995-11-22,987,987,407,758
1995-11-23,30,750,30,447
1995-11-24,451,451,451,451
1995-11-25,610,610,328,547
1995-11-26,350,490,350,463
1995-11-27,305,384,8,91
1995-11-28,329,329,329,329
1995-11-29,213,213,135,191
1995-11-30,506,765,286,290
1995-12-01,541,969,161,694
1995-12-02,909,909,213,341
1995-12-03,203,613,203,424
1995-12-04,378,378,155,223
1995-12-05,146,443,146,248
1995-12-06,997,997,164,349
1995-12-07,977,977,676,734
1995-12-08,136,136,136,136
1995-12-09,338,963,338,640
1995-12-10,284,284,120,277
1995-12-11,223,413,223,253
1995-12-12,288,825,237,410
1995-12-13,457,821,20,310
1995-12-14,18,446,18,394
1995-12-15,535,885,40,775
1995-12-16,835,981,147,464
1995-12-17,177,297,177,295
1995-12-18,369,461,369,385
1995-12-19,664,664,500,593
1995-12-20,485,810,485,544
1995-12-21,158,848,158,288
1995-12-22,260,281,86,175
1995-12-23,809,809,373,571
1995-12-24,162,451,162,334
1995-12-25,52,515,52,95
1995-12-26,383,383,383,383
1995-12-27,670,670,324,422
1995-12-28,746,923,393,768
1995-12-29,948,948,367,538
1995-12-30,841,841,323,453
1995-12-31,660,660,253,416
1996-01-01,401,401,130,255
1996-01-02,935,935,624,869
1996-01-03,850,850,444,789
1996-01-04,92,544,92,358
1996-01-05,381,445,381,394
1996-01-06,403,403,403,403
1996-01-07,507,715,278,333
1996-01-08,854,854,695,758
1996-01-09,837,997,653,868
1996-01-10,77,97,77,84
1996-01-11,571,571,571,571
1996-01-12,88,304,88,232
1996-01-13,114,168,114,146
1996-01-14,641,641,533,595
1996-01-15,829,829,630,745
1996-01-16,156,891,156,829
1996-01-17,238,272,170,246
1996-01-18,650,650,216,473
1996-01-19,586,586,586,586
1996-01-20,867,867,71,152
1996-01-21,970,970,403,700
1996-01-22,494,797,494,695
1996-01-23,484,859,484,782
1996-01-24,279,896,279,393
1996-01-25,51,554,51,318
1996-01-26,887,887,486,561
1996-01-27,220,220,220,220
1996-01-28,112,943,112,283
1996-01-29,151,503,151,450
1996-01-30,64,960,64,657
1996-01-31,433,865,404,545
1996-02-01,760,927,430,483
1996-02-02,978,978,496,536
1996-02-03,164,201,164,184
1996-02-04,648,808,411,578
1996-02-05,80,372,80,199
1996-02-06,980,980,670,761
1996-02-07,851,851,793,809
1996-02-08,479,539,479,519
1996-02-09,65,289,65,165
1996-02-10,830,830,486,571
1996-02-11,80,336,80,97
1996-02-12,884,884,212,554
1996-02-13,927,927,901,925
1996-02-14,560,560,321,530
1996-02-15,634,719,7,190
1996-02-16,527,967,404,777
1996-02-17,630,903,549,821
1996-02-18,529,529,529,529
1996-02-19,535,535,395,531
1996-02-20,431,431,431,431
1996-02-21,343,962,343,389
1996-02-22,52,792,52,99
1996-02-23,200,200,200,200
1996-02-24,752,752,492,723
1996-02-25,617,617,617,617
1996-02-26,348,348,348,348
1996-02-27,866,866,82,329
1996-02-28,511,552,45,386
1996-02-29,264,264,229,260
1996-03-01,900,900,585,768
1996-03-02,757,757,651,693
1996-03-03,421,423,421,423
1996-03-04,715,901,715,727
1996-03-05,904,904,484,841
1996-03-06,722,819,380,706
1996-03-07,268,794,268,773
1996-03-08,444,444,13,113
1996-03-09,661,661,661,661
1996-03-10,985,985,897,907
1996-03-11,164,696,164,569
1996-03-12,627,627,627,627
1996-03-13,941,941,921,929
1996-03-14,867,867,289,766
1996-03-15,992,992,673,989
1996-03-16,453,927,156,514
1996-03-17,360,360,360,360
1996-03-18,432,470,222,350
1996-03-19,257,869,257,696
1996-03-20,71,850,71,527
1996-03-21,951,951,747,858
1996-03-22,639,639,639,639
1996-03-23,534,534,534,534
1996-03-24,273,700,237,627
1996-03-25,486,884,486,763
1996-03-26,34,782,34,513
1996-03-27,98,285,98,259
1996-03-28,903,903,882,883
1996-03-29,678,678,678,678
1996-03-30,674,674,674,674
1996-03-31,103,198,103,193
1996-04-01,797,797,797,797
1996-04-02,857,857,857,857
1996-04-03,248,248,248,248
1996-04-04,911,911,527,617
1996-04-05,474,567,474,502
1996-04-06,706,971,513,798
1996-04-07,349,349,213,259
1996-04-08,28,450,28,152
1996-04-09,333,426,333,339
1996-04-10,685,685,685,685
1996-04-11,703,703,703,703
1996-04-12,661,661,186,567
1996-04-13,892,930,735,883
1996-04-14,24,169,24,26
1996-04-15,883,883,577,617
1996-04-16,17,854,17,847
1996-04-17,326,727,166,347
1996-04-18,644,644,143,317
1996-04-19,613,613,238,591
1996-04-20,85,659,85,634
1996-04-21,893,893,110,739
1996-04-22,943,984,943,978
1996-04-23,54,868,54,426
1996-04-24,424,424,424,424
1996-04-25,546,568,157,497
1996-04-26,983,983,408,822
1996-04-27,827,964,86,344
1996-04-28,517,517,354,373
1996-04-29,866,866,607,832
1996-04-30,608,836,608,788
1996-05-01,17,628,17,479
1996-05-02,97,596,97,130
1996-05-03,956,956,74,262
1996-05-04,89,531,89,130
1996-05-05,2,741,2,382
1996-05-06,260,260,260,260
1996-05-07,789,955,499,775
1996-05-08,721,721,721,721
1996-05-09,525,525,525,525
1996-05-10,19,576,19,410
1996-05-11,728,728,163,566
1996-05-12,772,772,661,687
1996-05-13,400,423,258,345
1996-05-14,481,481,122,406
1996-05-15,822,822,822,822
1996-05-16,705,705,202,267
1996-05-17,738,738,550,590
1996-05-18,394,394,207,305
1996-05-19,260,788,260,548
1996-05-20,67,343,67,212
1996-05-21,781,781,282,308
1996-05-22,563,761,293,620
1996-05-23,314,314,141,218
1996-05-24,647,865,647,791
1996-05-25,280,818,280,628
1996-05-26,837,837,402,750
1996-05-27,76,110,76,96
1996-05-28,139,877,139,719
1996-05-29,290,523,290,378
1996-05-30,967,967,342,626
1996-05-31,854,870,192,504
1996-06-01,4,191,4,81
1996-06-02,921,921,325,414
1996-06-03,490,879,446,859
1996-06-04,824,824,186,342
1996-06-05,5,870,5,658
1996-06-06,602,602,513,554
1996-06-07,378,378,378,378
1996-06-08,733,733,354,526
1996-06-09,740,740,597,632
1996-06-10,275,357,275,290
1996-06-11,406,406,329,386
1996-06-12,743,743,559,701
1996-06-13,587,587,456,572
1996-06-14,247,247,176,206
1996-06-15,675,675,274,464
1996-06-16,47,275,47,148
1996-06-17,5,761,5,680
1996-06-18,592,630,488,514
1996-06-19,205,205,205,205
1996-06-20,54,284,54,80
1996-06-21,61,254,61,132
1996-06-22,405,405,405,405
1996-06-23,658,699,633,662
1996-06-24,177,177,177,177
1996-06-25,538,538,538,538
1996-06-26,608,870,608,670
1996-06-27,797,797,650,789
1996-06-28,605,605,565,576
1996-06-29,470,854,85,102
1996-06-30,568,568,450,491
1996-07-01,160,317,160,313
1996-07-02,318,318,249,302
1996-07-03,1,643,1,361
1996-07-04,448,448,448,448
1996-07-05,341,834,341,738
1996-07-06,387,924,235,557
1996-07-07,262,262,262,262
1996-07-08,505,789,505,773
1996-07-09,175,607,175,310
1996-07-10,886,886,325,786
1996-07-11,352,722,352,564
1996-07-12,851,861,851,860
1996-07-13,348,624,348,535
1996-07-14,500,500,56,184
1996-07-15,156,156,12,32
1996-07-16,261,267,261,261
1996-07-17,561,561,170,539
1996-07-18,362,826,148,253
1996-07-19,81,244,81,222
1996-07-20,775,775,661,666
1996-07-21,133,853,133,672
1996-07-22,221,860,87,188
1996-07-23,520,520,373,438
1996-07-24,79,204,79,195
1996-07-25,336,336,336,336
1996-07-26,569,817,485,746
1996-07-27,186,186,34,130
1996-07-28,434,434,434,434
1996-07-29,721,721,461,702
1996-07-30,650,650,650,650
1996-07-31,579,579,579,579
1996-08-01,416,416,302,334
1996-08-02,22,739,14,614
1996-08-03,441,441,394,427
1996-08-04,849,849,849,849
1996-08-05,777,777,175,219
1996-08-06,120,510,120,433
1996-08-07,915,915,625,715
1996-08-08,357,618,357,612
1996-08-09,732,815,363,577
1996-08-10,761,869,761,835
1996-08-11,747,747,74,547
1996-08-12,821,944,111,582
1996-08-13,337,602,81,592
1996-08-14,272,272,118,247
1996-08-15,177,177,177,177
1996-08-16,858,858,858,858
1996-08-17,709,709,607,691
1996-08-18,168,533,168,272
1996-08-19,784,784,373,749
1996-08-20,533,533,533,533
1996-08-21,396,396,270,345
1996-08-22,133,133,133,133
1996-08-23,951,965,187,556
1996-08-24,296,787,296,334
1996-08-25,935,935,442,524
1996-08-26,18,964,18,323
1996-08-27,289,289,289,289
1996-08-28,744,945,4,314
1996-08-29,136,697,136,508
1996-08-30,324,700,324,326
1996-08-31,248,419,248,350
1996-09-01,970,970,274,520
1996-09-02,91,310,91,262
1996-09-03,595,726,595,706
1996-09-04,867,867,849,849
1996-09-05,243,243,154,197
1996-09-06,337,833,337,639
1996-09-07,703,729,703,708
1996-09-08,262,553,141,257
1996-09-09,955,955,627,662
1996-09-10,775,991,740,832
1996-09-11,713,973,713,764
1996-09-12,699,699,182,183
1996-09-13,975,975,412,795
1996-09-14,682,682,541,669
1996-09-15,187,224,187,203
1996-09-16,516,516,313,463
1996-09-17,118,123,118,122
1996-09-18,275,275,275,275
1996-09-19,311,311,237,253
1996-09-20,537,537,537,537
1996-09-21,174,528,174,309
1996-09-22,407,413,407,413
1996-09-23,186,633,114,383
1996-09-24,753,753,114,419
1996-09-25,48,438,48,186
1996-09-26,113,276,113,185
1996-09-27,250,292,250,289
1996-09-28,995,995,296,939
1996-09-29,634,634,279,452
1996-09-30,92,893,92,190
1996-10-01,735,735,561,629
1996-10-02,774,774,62,105
1996-10-03,463,463,463,463
1996-10-04,677,677,487,642
1996-10-05,468,468,468,468
1996-10-06,601,601,97,509
1996-10-07,107,849,107,181
1996-10-08,90,532,90,406
1996-10-09,380,737,380,396
1996-10-10,64,554,64,400
1996-10-11,387,871,310,627
1996-10-12,77,77,77,77
1996-10-13,454,454,322,354
1996-10-14,677,677,215,588
1996-10-15,787,787,405,456
1996-10-16,562,562,562,562
1996-10-17,652,652,652,652
1996-10-18,214,255,214,222
1996-10-19,846,846,846,846
1996-10-20,843,843,718,776
1996-10-21,580,580,580,580
1996-10-22,816,816,301,515
1996-10-23,290,290,290,290
1996-10-24,936,936,611,830
1996-10-25,213,213,213,213
1996-10-26,3,228,3,74
1996-10-27,419,709,355,661
1996-10-28,309,462,309,442
1996-10-29,909,909,685,892
1996-10-30,972,972,570,698
1996-10-31,729,729,362,370
1996-11-01,505,505,129,466
1996-11-02,227,444,227,412
1996-11-03,968,968,331,406
1996-11-04,65,820,65,572
1996-11-05,885,885,174,323
1996-11-06,290,397,290,371
1996-11-07,789,789,789,789
1996-11-08,571,571,52,415
1996-11-09,935,935,228,479
1996-11-10,304,444,304,337
1996-11-11,725,808,725,737
1996-11-12,79,243,79,187
1996-11-13,108,156,108,136
1996-11-14,162,439,162,377
1996-11-15,477,653,396,633
1996-11-16,800,800,523,682
1996-11-17,139,864,139,450
1996-11-18,854,854,191,621
1996-11-19,203,561,203,352
1996-11-20,424,424,273,332
1996-11-21,490,758,280,403
1996-11-22,663,663,574,658
1996-11-23,404,988,404,412
1996-11-24,594,594,594,594
1996-11-25,586,586,451,524
1996-11-26,835,835,172,592
1996-11-27,685,942,422,833
1996-11-28,740,740,432,660
1996-11-29,547,547,333,383
1996-11-30,99,299,99,156
1996-12-01,66,808,66,503
1996-12-02,309,443,309,353
1996-12-03,335,494,335,338
1996-12-04,3,430,3,142
1996-12-05,299,299,299,299
1996-12-06,382,950,382,457
1996-12-07,136,179,136,154
1996-12-08,974,974,3,354
1996-12-09,420,420,420,420
1996-12-10,759,759,383,701
1996-12-11,361,361,361,361
1996-12-12,152,387,152,258
1996-12-13,563,563,563,563
1996-12-14,458,458,458,458
1996-12-15,942,942,831,869
1996-12-16,862,862,37,408
1996-12-17,135,377,135,252
1996-12-18,581,668,581,600
1996-12-19,507,782,160,268
1996-12-20,261,613,261,607
1996-12-21,6,843,6,562
1996-12-22,656,656,0,264
1996-12-23,331,883,331,773
1996-12-24,949,949,748,845
1996-12-25,540,540,367,406
1996-12-26,523,523,523,523
1996-12-27,347,347,347,347
1996-12-28,494,494,494,494
1996-12-29,437,931,437,568
1996-12-30,771,771,765,770
1996-12-31,347,347,180,299
1997-01-01,220,220,220,220
1997-01-02,997,997,385,451
1997-01-03,868,868,168,453
1997-01-04,534,534,534,534
1997-01-05,477,477,351,360
1997-01-06,107,720,107,112
1997-01-07,173,192,173,180
1997-01-08,698,698,662,698
1997-01-09,943,943,316,608
1997-01-10,265,265,4,142
1997-01-11,680,680,680,680
1997-01-12,518,518,518,518
1997-01-13,401,401,401,401
1997-01-14,690,690,38,488
1997-01-15,257,987,257,525
1997-01-16,789,947,789,834
1997-01-17,155,228,155,173
1997-01-18,248,613,248,523
1997-01-19,326,666,248,361
1997-01-20,185,926,185,323
1997-01-21,36,503,36,483
1997-01-22,820,820,744,763
1997-01-23,931,931,547,711
1997-01-24,638,638,638,638
1997-01-25,963,963,909,918
1997-01-26,874,874,55,621
1997-01-27,880,880,880,880
1997-01-28,699,699,451,608
1997-01-29,333,467,333,364
1997-01-30,202,673,202,385
1997-01-31,416,770,416,603
1997-02-01,370,868,370,573
1997-02-02,155,656,64,358
1997-02-03,318,318,318,318
1997-02-04,788,880,628,774
1997-02-05,269,960,269,403
1997-02-06,865,865,558,758
1997-02-07,181,484,181,310
1997-02-08,794,794,366,611
1997-02-09,636,814,636,709
1997-02-10,211,211,201,209
1997-02-11,799,895,471,858
1997-02-12,956,956,848,864
1997-02-13,479,479,280,293
1997-02-14,540,962,540,665
1997-02-15,691,691,338,358
1997-02-16,406,555,406,497
1997-02-17,68,868,68,347
1997-02-18,200,850,200,291
1997-02-19,335,335,335,335
1997-02-20,317,317,317,317
1997-02-21,477,518,257,312
1997-02-22,802,802,802,802
1997-02-23,438,592,212,578
1997-02-24,383,918,383,793
1997-02-25,915,915,602,751
1997-02-26,838,838,517,708
1997-02-27,244,251,244,248
1997-02-28,741,741,78,238
1997-03-01,518,788,518,745
1997-03-02,949,949,412,583
1997-03-03,692,941,651,801
1997-03-04,328,731,328,564
1997-03-05,668,668,668,668
1997-03-06,639,676,205,572
1997-03-07,641,641,55,593
1997-03-08,178,667,148,440
1997-03-09,686,910,114,714
1997-03-10,661,909,607,797
1997-03-11,521,735,300,619
1997-03-12,504,923,504,883
1997-03-13,904,904,393,740
1997-03-14,83,83,83,83
1997-03-15,81,678,81,414
1997-03-16,858,858,858,858
1997-03-17,750,750,260,560
1997-03-18,984,984,452,750
1997-03-19,251,251,251,251
1997-03-20,67,386,67,171
1997-03-21,590,590,157,310
1997-03-22,798,798,298,665
1997-03-23,367,371,367,367
1997-03-24,732,894,569,871
1997-03-25,636,961,636,793
1997-03-26,918,918,58,442
1997-03-27,120,742,120,316
1997-03-28,170,170,170,170
1997-03-29,162,162,162,162
1997-03-30,58,655,58,506
1997-03-31,665,880,161,868
1997-04-01,59,367,59,149
1997-04-02,321,324,321,321
1997-04-03,851,851,279,282
1997-04-04,551,821,551,723
1997-04-05,128,400,128,218
1997-04-06,808,808,80,331
1997-04-07,705,740,705,739
1997-04-08,300,375,300,375
1997-04-09,541,541,145,148
1997-04-10,736,736,518,537
1997-04-11,241,804,241,517
1997-04-12,419,953,419,538
1997-04-13,275,400,275,367
1997-04-14,106,706,106,700
1997-04-15,498,963,9,137
1997-04-16,494,494,494,494
1997-04-17,613,931,407,907
1997-04-18,197,261,197,215
1997-04-19,134,912,134,734
1997-04-20,321,321,23,196
1997-04-21,543,543,543,543
1997-04-22,695,834,282,493
1997-04-23,433,433,314,374
1997-04-24,997,997,733,877
1997-04-25,182,503,182,197
1997-04-26,62,723,62,293
1997-04-27,727,727,727,727
1997-04-28,837,837,400,664
1997-04-29,450,450,450,450
1997-04-30,977,977,68,557
1997-05-01,373,407,373,396
1997-05-02,426,675,426,488
1997-05-03,494,597,189,266
1997-05-04,250,250,250,250
1997-05-05,815,815,815,815
1997-05-06,260,340,260,286
1997-05-07,739,739,711,717
1997-05-08,36,947,8,847
1997-05-09,772,772,473,529
1997-05-10,397,397,397,397
1997-05-11,340,340,340,340
1997-05-12,815,815,411,614
1997-05-13,145,942,145,726
1997-05-14,927,988,454,466
1997-05-15,208,553,208,456
1997-05-16,782,782,441,511
1997-05-17,571,571,571,571
1997-05-18,75,276,75,136
1997-05-19,223,665,223,244
1997-05-20,907,907,734,839
1997-05-21,798,798,260,319
1997-05-22,990,990,603,827
1997-05-23,844,844,703,838
1997-05-24,110,248,110,164
1997-05-25,203,203,203,203
1997-05-26,507,877,507,578
1997-05-27,614,614,604,614
1997-05-28,692,692,171,450
1997-05-29,757,895,34,400
1997-05-30,545,545,174,474
1997-05-31,313,313,313,313
1997-06-01,940,940,940,940
1997-06-02,959,959,604,764
1997-06-03,11,998,11,288
1997-06-04,404,404,404,404
1997-06-05,424,991,424,662
1997-06-06,246,774,92,348
1997-06-07,914,994,314,440
1997-06-08,368,494,98,195
1997-06-09,304,835,146,364
1997-06-10,923,923,173,350
1997-06-11,733,957,250,571
1997-06-12,755,755,694,700
1997-06-13,786,786,786,786
1997-06-14,343,797,343,483
1997-06-15,567,651,351,405
1997-06-16,131,878,131,150
1997-06-17,980,980,518,820
1997-06-18,639,639,639,639
1997-06-19,575,575,238,350
1997-06-20,694,975,694,741
1997-06-21,922,922,745,883
1997-06-22,315,315,315,315
1997-06-23,101,709,101,242
1997-06-24,132,699,132,680
1997-06-25,92,282,92,256
1997-06-26,254,498,96,143
1997-06-27,177,947,177,679
1997-06-28,821,840,18,549
1997-06-29,329,329,71,159
1997-06-30,294,962,186,207
1997-07-01,14,802,14,299
1997-07-02,93,422,93,198
1997-07-03,357,669,357,422
1997-07-04,893,893,491,821
1997-07-05,739,739,550,561
1997-07-06,916,916,549,734
1997-07-07,78,957,78,852
1997-07-08,480,480,480,480
1997-07-09,971,971,231,483
1997-07-10,378,378,378,378
1997-07-11,840,840,468,642
1997-07-12,366,374,366,372
1997-07-13,267,267,267,267
1997-07-14,969,969,911,937
1997-07-15,671,823,671,673
1997-07-16,935,954,812,910
1997-07-17,832,832,698,794
1997-07-18,512,512,176,177
1997-07-19,249,598,190,588
1997-07-20,928,928,155,326
1997-07-21,446,446,62,258
1997-07-22,421,421,121,145
1997-07-23,875,875,875,875
1997-07-24,299,707,184,458
1997-07-25,780,780,720,760
1997-07-26,398,398,398,398
1997-07-27,450,450,450,450
1997-07-28,167,641,167,498
1997-07-29,528,528,251,408
1997-07-30,821,821,78,329
1997-07-31,390,819,390,567
1997-08-01,157,690,157,301
1997-08-02,896,896,387,801
1997-08-03,322,828,322,537
1997-08-04,336,336,336,336
1997-08-05,270,651,270,636
1997-08-06,701,701,701,701
1997-08-07,706,743,410,702
1997-08-08,60,945,60,554
1997-08-09,236,873,157,618
1997-08-10,824,824,174,718
1997-08-11,162,989,70,632
1997-08-12,320,756,320,526
1997-08-13,389,389,389,389
1997-08-14,23,588,23,192
1997-08-15,230,230,230,230
1997-08-16,389,458,389,392
1997-08-17,300,300,300,300
1997-08-18,10,777,10,621
1997-08-19,369,490,280,410
1997-08-20,887,887,536,870
1997-08-21,271,940,271,340
1997-08-22,811,893,37,481
1997-08-23,511,511,202,416
1997-08-24,609,609,435,479
1997-08-25,861,861,800,818
1997-08-26,127,827,127,373
1997-08-27,325,730,325,650
1997-08-28,279,400,279,287
1997-08-29,591,930,591,803
1997-08-30,520,895,520,701
1997-08-31,708,974,708,973
1997-09-01,108,772,108,164
1997-09-02,228,671,228,433
1997-09-03,345,481,345,428
1997-09-04,626,727,626,700
1997-09-05,953,953,94,293
1997-09-06,861,861,861,861
1997-09-07,597,597,497,514
1997-09-08,401,448,401,411
1997-09-09,259,259,236,244
1997-09-10,925,925,925,925
1997-09-11,524,662,524,599
1997-09-12,674,985,674,822
1997-09-13,529,529,529,529
1997-09-14,162,162,162,162
1997-09-15,909,909,155,282
1997-09-16,92,665,92,364
1997-09-17,798,798,24,546
1997-09-18,333,333,333,333
1997-09-19,825,825,262,784
1997-09-20,924,924,168,283
1997-09-21,376,651,376,625
1997-09-22,525,590,525,588
1997-09-23,611,620,611,614
1997-09-24,988,988,851,951
1997-09-25,185,801,185,398
1997-09-26,836,836,836,836
1997-09-27,57,710,57,162
1997-09-28,852,852,618,788
1997-09-29,846,846,393,497
1997-09-30,420,685,420,617
1997-10-01,59,101,59,89
1997-10-02,815,815,484,707
1997-10-03,231,440,96,240
1997-10-04,168,348,168,291
1997-10-05,151,762,151,274
1997-10-06,645,645,645,645
1997-10-07,187,530,187,304
1997-10-08,947,947,508,815
1997-10-09,360,812,360,702
1997-10-10,12,181,12,63
1997-10-11,392,392,392,392
1997-10-12,848,848,848,848
1997-10-13,872,872,168,674
1997-10-14,965,965,965,965
1997-10-15,27,417,27,388
1997-10-16,270,868,270,745
1997-10-17,541,541,276,331
1997-10-18,177,177,128,151
1997-10-19,811,811,203,292
1997-10-20,384,406,384,396
1997-10-21,449,449,449,449
1997-10-22,978,978,590,628
1997-10-23,477,929,477,817
1997-10-24,113,863,113,523
1997-10-25,639,639,639,639
1997-10-26,516,516,377,446
1997-10-27,172,172,172,172
1997-10-28,67,67,20,39
1997-10-29,360,757,360,722
1997-10-30,524,899,219,877
1997-10-31,342,394,342,358
1997-11-01,979,979,125,751
1997-11-02,129,540,129,363
1997-11-03,998,998,846,867
1997-11-04,342,342,342,342
1997-11-05,504,687,504,603
1997-11-06,678,833,128,420
1997-11-07,301,301,57,267
1997-11-08,779,779,391,609
1997-11-09,415,418,254,263
1997-11-10,933,933,831,876
1997-11-11,336,729,133,524
1997-11-12,336,372,336,336
1997-11-13,778,778,778,778
1997-11-14,240,850,240,816
1997-11-15,668,668,78,592
1997-11-16,577,577,129,299
1997-11-17,38,415,38,110
1997-11-18,613,617,476,544
1997-11-19,729,729,575,590
1997-11-20,391,391,391,391
1997-11-21,392,930,392,862
1997-11-22,649,649,300,610
1997-11-23,606,613,210,373
1997-11-24,264,264,264,264
1997-11-25,756,756,756,756
1997-11-26,488,488,138,245
1997-11-27,779,779,442,766
1997-11-28,919,919,877,888
1997-11-29,868,868,404,765
1997-11-30,896,965,52,575
1997-12-01,585,826,345,471
1997-12-02,104,170,104,167
1997-12-03,129,528,129,179
1997-12-04,254,333,62,316
1997-12-05,921,921,593,906
1997-12-06,352,577,283,498
1997-12-07,375,446,375,392
1997-12-08,72,167,72,84
1997-12-09,253,813,64,592
1997-12-10,543,543,312,331
1997-12-11,122,798,122,665
1997-12-12,418,745,325,450
1997-12-13,310,310,310,310
1997-12-14,251,456,251,390
1997-12-15,883,883,729,841
1997-12-16,559,559,559,559
1997-12-17,785,785,279,482
1997-12-18,862,862,476,626
1997-12-19,533,533,533,533
1997-12-20,383,557,383,528
1997-12-21,782,782,782,782
1997-12-22,297,602,297,361
1997-12-23,857,857,174,651
1997-12-24,532,532,522,526
1997-12-25,673,737,136,485
1997-12-26,162,837,162,681
1997-12-27,876,876,819,874
1997-12-28,529,529,31,234
1997-12-29,473,692,473,557
1997-12-30,800,800,148,289
1997-12-31,0,324,0,287
1998-01-01,781,781,98,119
1998-01-02,780,780,780,780
1998-01-03,269,750,269,426
1998-01-04,796,796,785,793
1998-01-05,12,604,12,50
1998-01-06,931,931,852,894
1998-01-07,932,970,671,785
1998-01-08,113,531,113,319
1998-01-09,193,313,193,229
1998-01-10,142,329,142,210
1998-01-11,346,346,346,346
1998-01-12,253,293,253,284
1998-01-13,30,843,30,681
1998-01-14,702,702,197,312
1998-01-15,909,909,720,774
1998-01-16,523,523,42,432
1998-01-17,419,615,419,516
1998-01-18,886,886,551,656
1998-01-19,284,520,284,293
1998-01-20,540,540,335,407
1998-01-21,333,796,333,349
1998-01-22,6,982,6,457
1998-01-23,653,961,653,685
1998-01-24,751,836,751,800
1998-01-25,384,572,384,533
1998-01-26,623,623,623,623
1998-01-27,422,801,422,562
1998-01-28,87,87,87,87
1998-01-29,270,270,270,270
1998-01-30,763,763,763,763
1998-01-31,396,889,396,404
1998-02-01,288,363,288,355
1998-02-02,899,899,558,870
1998-02-03,718,968,718,863
1998-02-04,911,911,779,839
1998-02-05,356,356,356,356
1998-02-06,225,475,225,409
1998-02-07,185,185,185,185
1998-02-08,751,751,113,177
1998-02-09,706,706,328,674
1998-02-10,582,582,351,383
1998-02-11,416,430,416,417
1998-02-12,436,865,436,851
1998-02-13,378,378,30,366
1998-02-14,120,603,120,192
1998-02-15,651,976,611,919
1998-02-16,707,957,707,784
1998-02-17,199,199,199,199
1998-02-18,412,748,412,488
1998-02-19,5,70,5,36
1998-02-20,983,983,848,922
1998-02-21,879,879,763,774
1998-02-22,520,725,520,572
1998-02-23,214,214,194,199
1998-02-24,116,203,116,128
1998-02-25,608,608,33,66
1998-02-26,25,326,25,318
1998-02-27,469,469,469,469
1998-02-28,22,457,22,33
1998-03-01,370,647,361,473
1998-03-02,344,540,344,445
1998-03-03,793,840,793,801
1998-03-04,455,455,455,455
1998-03-05,345,858,223,242
1998-03-06,90,583,90,492
1998-03-07,391,652,391,544
1998-03-08,958,958,958,958
1998-03-09,900,900,884,897
1998-03-10,468,468,11,336
1998-03-11,474,474,450,459
1998-03-12,42,617,42,290
1998-03-13,160,381,160,326
1998-03-14,825,825,557,651
1998-03-15,490,490,490,490
1998-03-16,113,985,113,281
1998-03-17,88,947,88,860
1998-03-18,495,495,165,437
1998-03-19,326,326,326,326
1998-03-20,804,804,27,138
1998-03-21,670,670,670,670
1998-03-22,806,806,213,804
1998-03-23,936,936,72,473
1998-03-24,315,815,315,331
1998-03-25,654,746,654,670
1998-03-26,882,882,752,801
1998-03-27,411,411,250,400
1998-03-28,321,327,240,282
1998-03-29,271,271,236,258
1998-03-30,200,587,200,418
1998-03-31,829,885,230,357
1998-04-01,653,653,333,478
1998-04-02,919,919,116,896
1998-04-03,968,968,238,626
1998-04-04,157,810,26,523
1998-04-05,226,226,18,99
1998-04-06,697,697,207,246
1998-04-07,989,989,532,677
1998-04-08,246,782,233,404
1998-04-09,748,748,412,649
1998-04-10,77,714,77,521
1998-04-11,751,751,751,751
1998-04-12,931,931,282,831
1998-04-13,215,582,215,544
1998-04-14,237,781,237,395
1998-04-15,917,917,682,857
1998-04-16,109,442,109,381
1998-04-17,529,529,529,529
1998-04-18,970,970,485,605
1998-04-19,957,957,410,485
1998-04-20,928,928,415,819
1998-04-21,372,812,372,591
1998-04-22,601,941,601,797
1998-04-23,322,875,74,783
1998-04-24,584,926,542,580
1998-04-25,784,979,332,459
1998-04-26,980,980,268,823
1998-04-27,118,757,118,279
1998-04-28,571,920,398,405
1998-04-29,300,849,11,440
1998-04-30,627,775,627,747
1998-05-01,965,965,134,931
1998-05-02,163,991,163,273
1998-05-03,238,513,238,440
1998-05-04,755,755,586,751
1998-05-05,162,999,162,427
1998-05-06,200,269,200,233
1998-05-07,407,407,407,407
1998-05-08,743,743,685,718
1998-05-09,385,891,303,763
1998-05-10,550,550,550,550
1998-05-11,710,710,170,196
1998-05-12,325,325,325,325
1998-05-13,538,538,507,514
1998-05-14,908,908,19,824
1998-05-15,284,534,284,400
1998-05-16,669,669,669,669
1998-05-17,679,679,31,676
1998-05-18,457,794,457,728
1998-05-19,780,780,542,636
1998-05-20,814,814,774,788
1998-05-21,352,352,352,352
1998-05-22,268,441,91,225
1998-05-23,115,890,115,788
1998-05-24,893,893,322,865
1998-05-25,432,449,432,438
1998-05-26,402,402,402,402
1998-05-27,103,661,103,350
1998-05-28,92,413,92,172
1998-05-29,813,813,580,772
1998-05-30,575,575,435,568
1998-05-31,326,326,250,271
1998-06-01,110,607,110,139
1998-06-02,556,740,467,597
1998-06-03,247,602,247,425
1998-06-04,989,989,989,989
1998-06-05,638,638,181,281
1998-06-06,104,606,59,159
1998-06-07,872,978,321,805
1998-06-08,528,528,528,528
1998-06-09,857,857,8,850
1998-06-10,328,421,328,421
1998-06-11,286,590,286,333
1998-06-12,596,947,596,804
1998-06-13,423,448,423,438
1998-06-14,400,400,400,400
1998-06-15,9,660,9,53
1998-06-16,413,533,181,225
1998-06-17,383,383,383,383
1998-06-18,239,325,239,301
1998-06-19,359,359,352,352
1998-06-20,417,417,417,417
1998-06-21,440,440,249,293
1998-06-22,263,263,263,263
1998-06-23,929,929,644,721
1998-06-24,49,831,39,250
1998-06-25,141,594,141,536
1998-06-26,786,786,212,603
1998-06-27,401,401,401,401
1998-06-28,459,847,236,311
1998-06-29,868,868,645,763
1998-06-30,680,680,608,625
1998-07-01,763,763,111,366
1998-07-02,971,971,670,724
1998-07-03,387,387,327,346
1998-07-04,216,216,216,216
1998-07-05,380,380,90,306
1998-07-06,258,318,258,310
1998-07-07,881,881,881,881
1998-07-08,95,418,95,402
1998-07-09,776,776,119,594
1998-07-10,123,911,123,427
1998-07-11,748,748,231,673
1998-07-12,987,987,374,711
1998-07-13,937,937,500,611
1998-07-14,335,996,335,442
1998-07-15,332,383,332,339
1998-07-16,674,674,674,674
1998-07-17,982,982,578,910
1998-07-18,330,330,330,330
1998-07-19,131,244,131,165
1998-07-20,460,460,460,460
1998-07-21,826,998,227,276
1998-07-22,361,538,302,460
1998-07-23,881,881,695,858
1998-07-24,504,504,504,504
1998-07-25,299,299,299,299
1998-07-26,211,545,211,447
1998-07-27,141,887,141,850
1998-07-28,478,478,478,478
1998-07-29,303,563,87,106
1998-07-30,818,818,158,240
1998-07-31,425,827,425,429
1998-08-01,341,975,341,546
1998-08-02,39,772,39,736
1998-08-03,702,702,71,598
1998-08-04,818,818,109,809
1998-08-05,325,629,65,194
1998-08-06,957,957,888,942
1998-08-07,624,624,294,326
1998-08-08,732,732,732,732
1998-08-09,429,429,429,429
1998-08-10,728,750,278,419
1998-08-11,20,293,20,141
1998-08-12,292,831,206,581
1998-08-13,54,964,54,187
1998-08-14,100,892,100,881
1998-08-15,221,813,221,407
1998-08-16,783,831,211,434
1998-08-17,685,685,685,685
1998-08-18,380,594,380,574
1998-08-19,155,769,155,384
1998-08-20,263,263,263,263
1998-08-21,540,686,530,647
1998-08-22,84,800,84,619
1998-08-23,515,515,515,515
1998-08-24,527,527,527,527
1998-08-25,811,811,690,809
1998-08-26,294,418,294,369
1998-08-27,785,785,630,713
1998-08-28,401,401,401,401
1998-08-29,947,947,36,122
1998-08-30,702,702,205,571
1998-08-31,566,566,272,512
1998-09-01,785,785,744,762
1998-09-02,700,700,7,217
1998-09-03,947,947,250,840
1998-09-04,54,764,54,483
1998-09-05,594,690,216,405
1998-09-06,588,858,588,702
1998-09-07,266,266,266,266
1998-09-08,232,232,232,232
1998-09-09,645,857,645,788
1998-09-10,797,901,245,700
1998-09-11,363,531,328,408
1998-09-12,807,807,807,807
1998-09-13,296,296,190,224
1998-09-14,233,347,212,344
1998-09-15,910,910,87,647
1998-09-16,517,717,463,473
1998-09-17,64,937,64,292
1998-09-18,306,349,306,349
1998-09-19,632,801,285,366
1998-09-20,20,75,20,60
1998-09-21,343,478,343,425
1998-09-22,55,949,55,566
1998-09-23,155,155,155,155
1998-09-24,223,418,223,324
1998-09-25,754,831,754,827
1998-09-26,880,880,400,800
1998-09-27,67,969,67,581
1998-09-28,659,659,557,647
1998-09-29,317,754,70,142
1998-09-30,663,763,425,757
1998-10-01,767,770,767,767
1998-10-02,78,441,78,271
1998-10-03,521,521,521,521
1998-10-04,358,449,358,400
1998-10-05,171,171,63,112
1998-10-06,792,937,107,662
1998-10-07,685,685,6,519
1998-10-08,718,969,327,703
1998-10-09,40,57,40,44
1998-10-10,360,892,234,656
1998-10-11,883,883,669,799
1998-10-12,929,929,278,917
1998-10-13,589,890,526,790
1998-10-14,822,916,385,562
1998-10-15,414,414,406,409
1998-10-16,740,740,740,740
1998-10-17,300,938,300,445
1998-10-18,150,197,150,150
1998-10-19,699,699,308,370
1998-10-20,496,893,153,876
1998-10-21,135,942,135,604
1998-10-22,847,847,319,407
1998-10-23,916,916,916,916
1998-10-24,441,441,441,441
1998-10-25,252,252,252,252
1998-10-26,707,805,246,382
1998-10-27,470,470,470,470
1998-10-28,129,250,129,157
1998-10-29,525,598,525,580
1998-10-30,335,558,20,425
1998-10-31,616,967,616,806
1998-11-01,119,745,119,642
1998-11-02,7,666,7,347
1998-11-03,725,725,661,725
1998-11-04,562,771,306,340
1998-11-05,525,525,396,423
1998-11-06,585,864,367,654
1998-11-07,569,569,203,534
1998-11-08,37,923,37,773
1998-11-09,287,971,287,851
1998-11-10,987,987,432,937
1998-11-11,136,451,136,376
1998-11-12,34,284,34,279
1998-11-13,926,926,866,870
1998-11-14,872,872,290,867
1998-11-15,411,567,251,364
1998-11-16,148,652,148,203
1998-11-17,344,344,344,344
1998-11-18,116,414,13,291
1998-11-19,652,652,376,534
1998-11-20,836,836,545,626
1998-11-21,910,910,572,744
1998-11-22,100,100,100,100
1998-11-23,525,550,295,533
1998-11-24,752,959,316,947
1998-11-25,801,872,801,817
1998-11-26,489,869,489,718
1998-11-27,452,847,45,319
1998-11-28,784,784,58,387
1998-11-29,803,980,451,909
1998-11-30,794,814,794,810
1998-12-01,141,927,141,683
1998-12-02,645,645,85,282
1998-12-03,701,982,701,934
1998-12-04,568,568,281,445
1998-12-05,905,905,905,905
1998-12-06,193,359,193,220
1998-12-07,265,406,265,404
1998-12-08,474,759,474,705
1998-12-09,627,627,333,417
1998-12-10,907,907,212,599
1998-12-11,845,845,845,845
1998-12-12,776,776,776,776
1998-12-13,998,998,644,962
1998-12-14,222,263,153,189
1998-12-15,884,884,884,884
1998-12-16,149,475,149,351
1998-12-17,682,682,323,514
1998-12-18,137,566,38,193
1998-12-19,873,873,80,469
1998-12-20,786,786,758,785
1998-12-21,303,982,303,576
1998-12-22,284,341,284,340
1998-12-23,418,956,190,875
1998-12-24,285,973,285,521
1998-12-25,345,536,345,372
1998-12-26,447,447,447,447
1998-12-27,182,361,182,192
1998-12-28,298,802,171,703
1998-12-29,212,458,212,343
1998-12-30,61,585,61,211
1998-12-31,717,736,356,568
1999-01-01,475,911,72,211
1999-01-02,333,482,178,340
1999-01-03,867,867,560,644
1999-01-04,119,241,119,176
1999-01-05,987,987,784,864
1999-01-06,3,632,3,105
1999-01-07,210,210,105,206
1999-01-08,815,815,205,713
1999-01-09,687,687,687,687
1999-01-10,447,447,447,447
1999-01-11,671,671,473,583
1999-01-12,642,642,642,642
1999-01-13,300,300,300,300
1999-01-14,895,928,281,457
1999-01-15,856,856,86,350
1999-01-16,80,383,80,177
1999-01-17,45,181,45,167
1999-01-18,82,82,82,82
1999-01-19,924,924,791,863
1999-01-20,553,553,520,542
1999-01-21,135,910,135,782
1999-01-22,307,947,307,324
1999-01-23,891,891,622,839
1999-01-24,566,566,274,368
1999-01-25,87,846,87,701
1999-01-26,470,470,470,470
1999-01-27,371,919,65,75
1999-01-28,997,997,269,534
1999-01-29,465,465,100,154
1999-01-30,470,470,470,470
1999-01-31,748,748,367,493
1999-02-01,19,26,19,22
1999-02-02,318,654,318,391
1999-02-03,152,152,152,152
1999-02-04,616,937,616,788
1999-02-05,351,799,351,680
1999-02-06,927,927,2,680
1999-02-07,691,691,90,388
1999-02-08,311,712,311,447
1999-02-09,369,956,369,575
1999-02-10,242,840,242,820
1999-02-11,700,909,80,388
1999-02-12,235,760,235,333
1999-02-13,479,479,479,479
1999-02-14,851,851,590,838
1999-02-15,292,292,292,292
1999-02-16,281,457,281,454
1999-02-17,657,875,578,578
1999-02-18,647,652,618,624
1999-02-19,269,269,269,269
1999-02-20,560,965,560,932
1999-02-21,798,798,9,734
1999-02-22,118,306,118,123
1999-02-23,473,473,73,315
1999-02-24,181,665,152,583
1999-02-25,889,889,236,803
1999-02-26,226,292,226,248
1999-02-27,943,943,605,931
1999-02-28,639,639,639,639
1999-03-01,736,736,640,644
1999-03-02,440,676,53,380
1999-03-03,189,868,113,445
1999-03-04,140,246,140,220
1999-03-05,183,593,43,101
1999-03-06,197,647,197,448
1999-03-07,597,909,597,716
1999-03-08,626,890,514,882
1999-03-09,575,681,575,594
1999-03-10,875,875,68,532
1999-03-11,705,705,282,425
1999-03-12,394,394,94,183
1999-03-13,546,546,546,546
1999-03-14,566,954,15,673
1999-03-15,256,256,65,136
1999-03-16,907,907,793,832
1999-03-17,772,938,550,599
1999-03-18,146,264,146,229
1999-03-19,403,736,403,716
1999-03-20,245,245,245,245
1999-03-21,196,196,196,196
1999-03-22,862,862,832,857
1999-03-23,95,757,70,177
1999-03-24,777,777,777,777
1999-03-25,600,600,391,501
1999-03-26,303,303,220,241
1999-03-27,643,643,643,643
1999-03-28,562,562,482,548
1999-03-29,740,740,268,301
1999-03-30,473,473,125,172
1999-03-31,154,577,154,158
1999-04-01,205,449,205,285
1999-04-02,714,897,541,864
1999-04-03,332,489,332,336
1999-04-04,866,866,840,857
1999-04-05,738,738,738,738
1999-04-06,690,690,176,460
1999-04-07,862,862,226,376
1999-04-08,89,790,89,625
1999-04-09,226,960,226,363
1999-04-10,664,664,363,516
1999-04-11,765,765,765,765
1999-04-12,206,939,80,217
1999-04-13,331,331,331,331
1999-04-14,655,928,322,883
1999-04-15,356,903,333,892
1999-04-16,924,924,924,924
1999-04-17,536,536,469,530
1999-04-18,171,341,171,285
1999-04-19,220,712,220,272
1999-04-20,994,994,570,891
1999-04-21,805,805,803,804
1999-04-22,395,411,391,402
1999-04-23,664,664,395,588
1999-04-24,258,659,81,530
1999-04-25,449,670,449,662
1999-04-26,196,208,162,163
1999-04-27,533,868,529,653
1999-04-28,613,613,613,613
1999-04-29,342,342,325,330
1999-04-30,165,813,6,391
1999-05-01,882,928,828,922
1999-05-02,32,835,32,685
1999-05-03,600,600,554,568
1999-05-04,887,887,605,807
1999-05-05,586,586,586,586
1999-05-06,272,818,272,585
1999-05-07,289,761,34,316
1999-05-08,926,935,599,783
1999-05-09,267,356,267,349
1999-05-10,878,878,609,672
1999-05-11,913,913,52,592
1999-05-12,786,786,756,785
1999-05-13,711,836,346,555
1999-05-14,368,799,368,711
1999-05-15,34,971,34,194
1999-05-16,992,992,633,694
1999-05-17,874,874,874,874
1999-05-18,632,632,478,547
1999-05-19,621,621,621,621
1999-05-20,92,857,92,736
1999-05-21,636,636,83,467
1999-05-22,320,320,320,320
1999-05-23,941,941,546,691
1999-05-24,254,526,254,454
1999-05-25,458,549,342,479
1999-05-26,81,948,81,201
1999-05-27,497,497,250,297
1999-05-28,191,191,191,191
1999-05-29,61,850,61,658
1999-05-30,278,278,278,278
1999-05-31,821,821,189,191
1999-06-01,922,922,179,842
1999-06-02,299,299,299,299
1999-06-03,778,778,426,622
1999-06-04,164,902,164,407
1999-06-05,239,281,6,197
1999-06-06,433,576,433,461
1999-06-07,986,986,442,876
1999-06-08,398,398,398,398
1999-06-09,863,863,826,845
1999-06-10,784,784,784,784
1999-06-11,690,690,126,374
1999-06-12,187,627,187,213
1999-06-13,319,686,319,636
1999-06-14,667,667,62,248
1999-06-15,431,759,256,729
1999-06-16,628,998,411,949
1999-06-17,112,930,91,871
1999-06-18,511,878,101,151
1999-06-19,285,285,144,258
1999-06-20,717,717,717,717
1999-06-21,457,880,4,105
1999-06-22,166,689,166,602
1999-06-23,861,861,714,844
1999-06-24,222,753,222,686
1999-06-25,545,545,545,545
1999-06-26,130,130,130,130
1999-06-27,495,899,107,873
1999-06-28,292,490,292,442
1999-06-29,749,905,749,855
1999-06-30,521,521,521,521
1999-07-01,626,626,442,514
1999-07-02,389,389,101,363
1999-07-03,947,947,259,728
1999-07-04,428,631,428,434
1999-07-05,317,317,317,317
1999-07-06,785,785,629,752
1999-07-07,14,327,14,209
1999-07-08,67,256,67,129
1999-07-09,281,717,281,586
1999-07-10,26,794,26,616
1999-07-11,994,994,788,878
1999-07-12,470,470,149,301
1999-07-13,440,659,440,612
1999-07-14,841,841,398,618
1999-07-15,296,909,296,510
1999-07-16,477,477,80,186
1999-07-17,783,783,783,783
1999-07-18,264,264,264,264
1999-07-19,825,840,638,801
1999-07-20,287,287,287,287
1999-07-21,2,984,2,816
1999-07-22,42,937,42,191
1999-07-23,691,951,472,754
1999-07-24,332,332,332,332
1999-07-25,0,422,0,194
1999-07-26,290,290,160,283
1999-07-27,849,849,290,735
1999-07-28,14,492,14,280
1999-07-29,892,892,597,691
1999-07-30,941,941,781,881
1999-07-31,515,515,515,515
1999-08-01,572,572,425,560
1999-08-02,48,307,48,299
1999-08-03,849,849,840,841
1999-08-04,319,505,319,468
1999-08-05,469,728,469,515
1999-08-06,611,611,501,608
1999-08-07,526,526,526,526
1999-08-08,266,834,266,351
1999-08-09,779,779,302,681
1999-08-10,16,606,16,445
1999-08-11,714,714,204,407
1999-08-12,520,977,520,580
1999-08-13,66,231,66,188
1999-08-14,802,802,471,535
1999-08-15,686,686,625,638
1999-08-16,943,943,369,493
1999-08-17,918,918,264,530
1999-08-18,442,674,442,649
1999-08-19,139,823,139,368
1999-08-20,324,324,324,324
1999-08-21,295,573,295,357
1999-08-22,507,507,507,507
1999-08-23,356,356,356,356
1999-08-24,399,597,399,511
1999-08-25,730,730,730,730
1999-08-26,281,971,281,744
1999-08-27,27,929,27,111
1999-08-28,549,555,455,509
1999-08-29,934,934,252,511
1999-08-30,524,688,524,594
1999-08-31,973,973,441,662
1999-09-01,41,204,41,52
1999-09-02,984,984,331,436
1999-09-03,508,508,508,508
1999-09-04,399,399,323,378
1999-09-05,658,658,198,510
1999-09-06,802,802,802,802
1999-09-07,442,918,313,469
1999-09-08,553,926,553,884
1999-09-09,462,462,231,231
1999-09-10,304,438,271,406
1999-09-11,803,803,803,803
1999-09-12,558,956,71,543
1999-09-13,505,505,505,505
1999-09-14,641,641,641,641
1999-09-15,942,942,561,642
1999-09-16,419,419,419,419
1999-09-17,534,534,534,534
1999-09-18,757,757,649,731
1999-09-19,36,188,36,62
1999-09-20,634,634,634,634
1999-09-21,449,449,262,285
1999-09-22,536,536,178,260
1999-09-23,566,664,566,654
1999-09-24,254,749,254,747
1999-09-25,33,174,33,155
1999-09-26,105,393,105,253
1999-09-27,907,907,907,907
1999-09-28,514,514,514,514
1999-09-29,910,910,531,854
1999-09-30,41,122,41,99
1999-10-01,382,752,382,459
1999-10-02,324,794,324,546
1999-10-03,376,917,144,415
1999-10-04,38,336,38,203
1999-10-05,133,922,133,382
1999-10-06,591,646,470,526
1999-10-07,178,402,178,210
1999-10-08,652,952,652,906
1999-10-09,325,325,325,325
1999-10-10,154,854,154,490
1999-10-11,320,320,320,320
1999-10-12,180,733,100,441
1999-10-13,456,456,163,334
1999-10-14,485,736,316,503
1999-10-15,111,111,111,111
1999-10-16,710,870,279,537
1999-10-17,743,743,743,743
1999-10-18,20,702,20,621
1999-10-19,247,728,247,635
1999-10-20,607,778,272,318
1999-10-21,733,733,723,730
1999-10-22,828,828,178,520
1999-10-23,648,685,584,656
1999-10-24,317,317,317,317
1999-10-25,120,433,120,385
1999-10-26,878,878,255,748
1999-10-27,502,502,167,471
1999-10-28,769,769,10,540
1999-10-29,338,829,338,488
1999-10-30,175,534,175,239
1999-10-31,876,876,572,702
1999-11-01,241,420,124,300
1999-11-02,432,799,215,606
1999-11-03,478,951,478,545
1999-11-04,471,642,448,487
1999-11-05,929,929,801,918
1999-11-06,163,793,163,466
1999-11-07,125,162,125,137
1999-11-08,581,814,98,496
1999-11-09,878,878,336,625
1999-11-10,396,396,396,396
1999-11-11,192,758,141,291
1999-11-12,855,855,519,673
1999-11-13,328,387,328,331
1999-11-14,700,900,697,785
1999-11-15,384,569,384,443
1999-11-16,370,811,370,758
1999-11-17,668,677,523,602
1999-11-18,380,380,42,360
1999-11-19,557,873,557,773
1999-11-20,199,385,114,204
1999-11-21,664,977,426,445
1999-11-22,82,556,82,411
1999-11-23,799,799,575,736
1999-11-24,330,940,330,415
1999-11-25,757,757,191,477
1999-11-26,829,829,144,144
1999-11-27,287,899,225,522
1999-11-28,353,848,353,539
1999-11-29,804,910,317,760
1999-11-30,653,653,138,347
1999-12-01,437,551,139,443
1999-12-02,215,830,169,614
1999-12-03,440,440,440,440
1999-12-04,528,528,71,79
1999-12-05,492,581,312,530
1999-12-06,109,260,109,249
1999-12-07,575,921,409,493
1999-12-08,8,146,8,145
1999-12-09,164,717,164,235
1999-12-10,90,411,90,365
1999-12-11,151,151,151,151
1999-12-12,832,832,832,832
1999-12-13,862,862,862,862
1999-12-14,803,803,613,723
1999-12-15,386,801,386,724
1999-12-16,800,800,526,785
1999-12-17,347,347,347,347
1999-12-18,974,974,501,774
1999-12-19,760,760,320,655
1999-12-20,225,933,225,231
1999-12-21,273,730,273,283
1999-12-22,365,749,365,430
1999-12-23,704,704,704,704
1999-12-24,3,770,3,769
1999-12-25,959,959,645,733
1999-12-26,180,935,180,704
1999-12-27,893,893,133,162
1999-12-28,90,717,90,216
1999-12-29,797,913,797,799
1999-12-30,867,867,867,867
1999-12-31,200,659,200,256
2000-01-01,943,943,451,512
2000-01-02,548,548,548,548
2000-01-03,922,922,607,784
2000-01-04,712,712,171,190
2000-01-05,979,979,73,251
2000-01-06,610,699,610,679
2000-01-07,929,929,489,514
2000-01-08,441,792,124,675
2000-01-09,948,948,137,265
2000-01-10,747,747,354,744
2000-01-11,594,594,391,434
2000-01-12,365,715,365,372
2000-01-13,264,873,264,854
2000-01-14,957,957,124,932
2000-01-15,878,980,150,654
2000-01-16,29,846,22,752
2000-01-17,557,695,557,670
2000-01-18,718,882,308,877
2000-01-19,190,190,48,110
2000-01-20,573,573,573,573
2000-01-21,398,398,217,386
2000-01-22,786,878,621,744
2000-01-23,123,492,123,458
2000-01-24,844,845,408,743
2000-01-25,425,425,425,425
2000-01-26,781,781,781,781
2000-01-27,844,844,732,747
2000-01-28,114,386,114,261
2000-01-29,383,919,383,510
2000-01-30,958,958,150,379
2000-01-31,961,961,40,925
2000-02-01,257,257,257,257
2000-02-02,199,878,199,365
2000-02-03,138,888,138,275
2000-02-04,557,557,557,557
2000-02-05,768,768,581,768
2000-02-06,880,880,204,574
2000-02-07,481,481,481,481
2000-02-08,263,820,263,604
2000-02-09,898,898,656,862
2000-02-10,932,932,690,923
2000-02-11,237,349,237,339
2000-02-12,314,314,279,286
2000-02-13,993,993,860,924
2000-02-14,848,848,349,715
2000-02-15,718,718,718,718
2000-02-16,291,441,291,382
2000-02-17,834,834,657,724
2000-02-18,938,938,830,866
2000-02-19,798,798,151,156
2000-02-20,4,835,4,652
2000-02-21,741,913,239,840
2000-02-22,5,652,5,167
2000-02-23,771,771,373,396
2000-02-24,877,877,217,472
2000-02-25,780,794,780,783
2000-02-26,396,396,396,396
2000-02-27,743,743,743,743
2000-02-28,89,118,89,93
2000-02-29,135,841,135,635
2000-03-01,684,684,684,684
2000-03-02,885,885,461,487
2000-03-03,250,614,250,308
2000-03-04,577,577,577,577
2000-03-05,948,948,590,778
2000-03-06,642,775,214,612
2000-03-07,836,836,549,660
2000-03-08,182,369,19,21
2000-03-09,546,546,333,361
2000-03-10,772,772,772,772
2000-03-11,132,398,132,395
2000-03-12,68,120,68,93
2000-03-13,45,996,45,536
2000-03-14,201,201,201,201
2000-03-15,824,852,824,829
2000-03-16,261,433,261,378
2000-03-17,885,893,654,754
2000-03-18,99,868,99,585
2000-03-19,219,676,219,358
2000-03-20,642,829,642,762
2000-03-21,663,943,655,796
2000-03-22,987,987,280,546
2000-03-23,765,765,765,765
2000-03-24,976,976,89,452
2000-03-25,625,625,387,539
2000-03-26,798,798,97,214
2000-03-27,451,732,110,517
2000-03-28,880,880,561,804
2000-03-29,263,930,106,829
2000-03-30,936,936,838,920
2000-03-31,532,532,61,307
2000-04-01,370,370,98,213
2000-04-02,945,945,212,423
2000-04-03,827,827,305,460
2000-04-04,900,900,134,688
2000-04-05,535,535,369,500
2000-04-06,701,772,325,461
2000-04-07,331,766,331,731
2000-04-08,434,995,434,623
2000-04-09,337,674,134,279
2000-04-10,911,953,353,861
2000-04-11,730,863,71,406
2000-04-12,270,298,270,274
2000-04-13,857,857,857,857
2000-04-14,177,691,177,334
2000-04-15,883,883,186,631
2000-04-16,608,608,279,451
2000-04-17,707,841,707,772
2000-04-18,442,910,442,620
2000-04-19,809,809,763,795
2000-04-20,328,419,47,373
2000-04-21,281,281,281,281
2000-04-22,36,466,36,457
2000-04-23,706,787,529,625
2000-04-24,451,883,412,762
