dates,Open,High,low,close
1970-01-01,99,323,99,268
1970-01-02,732,853,13,114
1970-01-03,269,440,269,340
1970-01-04,162,258,162,168
1970-01-05,783,783,783,783
1970-01-06,874,874,225,648
1970-01-07,358,894,13,836
1970-01-08,304,885,304,858
1970-01-09,278,856,28,517
1970-01-10,505,505,505,505
1970-01-11,799,799,799,799
1970-01-12,454,768,354,570
1970-01-13,450,767,450,498
1970-01-14,974,974,391,547
1970-01-15,232,858,33,762
1970-01-16,305,452,305,385
1970-01-17,996,996,778,796
1970-01-18,782,782,782,782
1970-01-19,137,561,137,503
1970-01-20,756,756,205,640
1970-01-21,118,693,118,244
1970-01-22,780,780,162,769
1970-01-23,596,596,506,588
1970-01-24,494,494,494,494
1970-01-25,434,916,213,572
1970-01-26,318,704,318,474
1970-01-27,696,696,481,602
1970-01-28,664,951,352,419
1970-01-29,779,779,312,657
1970-01-30,930,930,225,780
1970-01-31,335,799,335,663
1970-02-01,234,708,234,481
1970-02-02,243,243,243,243
1970-02-03,78,443,78,252
1970-02-04,311,727,284,443
1970-02-05,38,82,38,69
1970-02-06,78,432,78,228
1970-02-07,609,609,609,609
1970-02-08,777,777,180,763
1970-02-09,247,545,247,260
1970-02-10,322,322,3,231
1970-02-11,354,523,354,474
1970-02-12,868,868,868,868
1970-02-13,753,753,741,744
1970-02-14,14,90,14,26
1970-02-15,675,867,117,204
1970-02-16,18,874,18,167
1970-02-17,938,938,735,858
1970-02-18,87,954,87,145
1970-02-19,428,428,224,329
1970-02-20,914,914,175,692
1970-02-21,730,730,74,406
1970-02-22,125,533,125,483
1970-02-23,394,953,109,702
1970-02-24,36,616,36,249
1970-02-25,488,672,110,203
1970-02-26,188,618,46,616
1970-02-27,848,948,220,915
1970-02-28,273,273,273,273
1970-03-01,989,989,426,604
1970-03-02,511,511,415,475
1970-03-03,544,544,544,544
1970-03-04,172,495,172,308
1970-03-05,242,559,65,281
1970-03-06,507,508,223,384
1970-03-07,844,844,844,844
1970-03-08,655,655,333,334
1970-03-09,497,590,497,583
1970-03-10,868,868,725,725
1970-03-11,878,878,282,457
1970-03-12,712,712,712,712
1970-03-13,294,294,294,294
1970-03-14,848,848,173,236
1970-03-15,629,629,366,576
1970-03-16,986,986,117,712
1970-03-17,515,535,98,122
1970-03-18,758,758,758,758
1970-03-19,935,935,183,929
1970-03-20,540,891,73,506
1970-03-21,381,633,381,537
1970-03-22,256,767,197,300
1970-03-23,593,593,512,578
1970-03-24,823,823,513,717
1970-03-25,763,839,507,580
1970-03-26,827,827,63,140
1970-03-27,855,855,21,380
1970-03-28,46,542,46,161
1970-03-29,177,474,177,377
1970-03-30,799,860,799,821
1970-03-31,554,612,554,560
1970-04-01,407,407,68,190
1970-04-02,597,641,484,491
1970-04-03,219,799,219,279
1970-04-04,167,167,99,153
1970-04-05,919,919,919,919
1970-04-06,689,689,23,101
1970-04-07,88,713,88,218
1970-04-08,267,267,267,267
1970-04-09,566,768,29,77
1970-04-10,842,842,87,524
1970-04-11,780,780,566,761
1970-04-12,881,881,452,659
1970-04-13,707,866,707,839
1970-04-14,840,840,780,811
1970-04-15,88,727,88,489
1970-04-16,35,83,35,67
1970-04-17,99,778,99,316
1970-04-18,136,136,136,136
1970-04-19,608,939,538,868
1970-04-20,143,668,143,211
1970-04-21,247,247,247,247
1970-04-22,171,732,171,585
1970-04-23,284,284,284,284
1970-04-24,678,678,173,399
1970-04-25,969,969,117,918
1970-04-26,19,211,19,62
1970-04-27,496,934,496,504
1970-04-28,285,531,285,380
1970-04-29,452,627,452,566
1970-04-30,81,492,81,447
1970-05-01,642,642,286,345
1970-05-02,944,944,471,476
1970-05-03,568,864,160,834
1970-05-04,751,751,573,583
1970-05-05,18,327,18,297
1970-05-06,736,736,4,543
1970-05-07,617,617,73,463
1970-05-08,909,909,887,904
1970-05-09,135,135,135,135
1970-05-10,282,282,282,282
1970-05-11,162,429,162,364
1970-05-12,229,637,88,324
1970-05-13,714,714,714,714
1970-05-14,873,873,873,873
1970-05-15,468,847,468,655
1970-05-16,323,743,323,342
1970-05-17,903,903,605,868
1970-05-18,642,966,282,738
1970-05-19,288,288,288,288
1970-05-20,497,859,493,857
1970-05-21,755,755,672,687
1970-05-22,575,575,575,575
1970-05-23,419,419,22,310
1970-05-24,285,683,285,410
1970-05-25,183,328,183,215
1970-05-26,612,612,341,491
1970-05-27,849,849,18,675
1970-05-28,262,582,262,412
1970-05-29,951,951,254,531
1970-05-30,521,521,219,427
1970-05-31,247,843,53,157
1970-06-01,997,997,863,905
1970-06-02,196,209,196,204
1970-06-03,312,312,312,312
1970-06-04,255,497,248,478
1970-06-05,163,784,163,437
1970-06-06,387,970,322,589
1970-06-07,433,774,358,681
1970-06-08,464,464,338,372
1970-06-09,935,935,269,658
1970-06-10,829,829,671,821
1970-06-11,207,547,14,24
1970-06-12,389,582,389,550
1970-06-13,550,715,550,656
1970-06-14,955,955,955,955
1970-06-15,355,959,355,415
1970-06-16,74,788,74,142
1970-06-17,604,604,187,386
1970-06-18,986,986,478,619
1970-06-19,963,963,245,953
1970-06-20,9,577,9,577
1970-06-21,397,886,317,691
1970-06-22,281,995,281,916
1970-06-23,151,389,151,345
1970-06-24,82,501,46,288
1970-06-25,431,431,153,343
1970-06-26,505,505,505,505
1970-06-27,345,467,300,438
1970-06-28,581,581,402,522
1970-06-29,10,59,10,13
1970-06-30,547,547,547,547
1970-07-01,430,516,430,497
1970-07-02,780,780,642,722
1970-07-03,589,589,211,464
1970-07-04,479,843,479,677
1970-07-05,80,426,80,172
1970-07-06,260,336,260,331
1970-07-07,82,188,82,170
1970-07-08,496,973,355,732
1970-07-09,89,838,89,484
1970-07-10,419,824,257,785
1970-07-11,95,617,95,506
1970-07-12,905,905,176,783
1970-07-13,716,716,396,498
1970-07-14,72,504,72,382
1970-07-15,663,663,640,655
1970-07-16,466,466,466,466
1970-07-17,448,577,192,534
1970-07-18,305,763,305,579
1970-07-19,418,889,418,840
1970-07-20,200,719,196,458
1970-07-21,761,761,373,407
1970-07-22,136,553,136,437
1970-07-23,651,651,308,411
1970-07-24,36,687,36,408
1970-07-25,892,892,774,858
1970-07-26,960,960,936,941
1970-07-27,157,157,157,157
1970-07-28,157,975,157,626
1970-07-29,364,867,364,512
1970-07-30,950,990,849,928
1970-07-31,499,499,44,420
1970-08-01,934,934,799,807
1970-08-02,960,960,711,904
1970-08-03,549,549,549,549
1970-08-04,499,499,469,475
1970-08-05,725,886,220,509
1970-08-06,102,414,20,74
1970-08-07,749,749,655,658
1970-08-08,917,917,633,894
1970-08-09,366,946,366,387
1970-08-10,737,737,10,717
1970-08-11,348,348,46,141
1970-08-12,0,996,0,992
1970-08-13,676,676,395,671
1970-08-14,182,946,182,708
1970-08-15,311,311,311,311
1970-08-16,715,715,260,438
1970-08-17,123,260,123,201
1970-08-18,272,711,272,624
1970-08-19,448,755,448,656
1970-08-20,420,480,41,410
1970-08-21,922,922,44,833
1970-08-22,18,831,18,122
1970-08-23,730,730,365,626
1970-08-24,438,438,272,433
1970-08-25,101,990,101,873
1970-08-26,705,846,663,785
1970-08-27,495,495,495,495
1970-08-28,949,949,41,290
1970-08-29,632,632,523,578
1970-08-30,854,854,743,844
1970-08-31,167,167,167,167
1970-09-01,259,259,178,208
1970-09-02,44,44,13,31
1970-09-03,968,990,380,880
1970-09-04,98,859,98,402
1970-09-05,417,710,340,539
1970-09-06,768,879,746,814
1970-09-07,185,185,185,185
1970-09-08,984,984,934,943
1970-09-09,856,856,462,845
1970-09-10,650,650,83,382
1970-09-11,179,966,179,876
1970-09-12,462,462,462,462
1970-09-13,708,708,708,708
1970-09-14,50,536,50,194
1970-09-15,240,529,240,476
1970-09-16,364,364,364,364
1970-09-17,950,950,348,464
1970-09-18,927,927,635,888
1970-09-19,717,827,717,777
1970-09-20,697,697,697,697
1970-09-21,786,786,219,761
1970-09-22,333,333,333,333
1970-09-23,247,247,247,247
1970-09-24,252,252,252,252
1970-09-25,117,265,117,265
1970-09-26,715,715,400,695
1970-09-27,436,690,259,684
1970-09-28,776,846,374,441
1970-09-29,969,992,560,677
1970-09-30,822,822,719,746
1970-10-01,279,936,279,589
1970-10-02,789,789,499,646
1970-10-03,62,753,62,649
1970-10-04,496,808,496,725
1970-10-05,149,357,149,355
1970-10-06,984,984,984,984
1970-10-07,591,591,529,536
1970-10-08,31,546,31,315
1970-10-09,124,961,59,564
1970-10-10,54,82,54,73
1970-10-11,766,766,18,328
1970-10-12,609,609,28,186
1970-10-13,903,984,700,741
1970-10-14,398,449,398,426
1970-10-15,374,374,129,239
1970-10-16,677,975,169,170
1970-10-17,500,500,500,500
1970-10-18,617,617,72,489
1970-10-19,638,638,324,418
1970-10-20,925,925,693,712
1970-10-21,204,204,204,204
1970-10-22,304,679,304,454
1970-10-23,952,952,559,603
1970-10-24,828,828,424,655
1970-10-25,71,664,71,176
1970-10-26,546,693,546,569
1970-10-27,422,422,85,188
1970-10-28,604,645,245,506
1970-10-29,254,468,254,451
1970-10-30,275,275,275,275
1970-10-31,211,218,211,217
1970-11-01,745,745,470,510
1970-11-02,971,971,638,648
1970-11-03,671,671,470,492
1970-11-04,411,696,411,580
1970-11-05,663,864,270,584
1970-11-06,805,987,377,453
1970-11-07,920,920,58,809
1970-11-08,652,841,384,746
1970-11-09,513,513,513,513
1970-11-10,309,385,309,362
1970-11-11,490,921,490,815
1970-11-12,781,781,341,572
1970-11-13,513,949,513,944
1970-11-14,745,745,90,491
1970-11-15,342,342,342,342
1970-11-16,265,565,265,412
1970-11-17,503,546,503,517
1970-11-18,951,951,469,499
1970-11-19,436,648,436,583
1970-11-20,491,491,491,491
1970-11-21,32,134,32,80
1970-11-22,563,782,342,505
1970-11-23,415,454,415,454
1970-11-24,692,873,551,777
1970-11-25,591,894,591,718
1970-11-26,60,723,60,694
1970-11-27,759,759,759,759
1970-11-28,836,836,763,765
1970-11-29,78,610,78,453
1970-11-30,164,735,119,368
1970-12-01,170,714,170,364
1970-12-02,800,849,434,525
1970-12-03,252,383,252,343
1970-12-04,820,820,76,217
1970-12-05,506,506,506,506
1970-12-06,791,791,226,537
1970-12-07,903,903,622,629
1970-12-08,663,663,617,627
1970-12-09,416,928,416,686
1970-12-10,841,841,523,722
1970-12-11,102,227,102,196
1970-12-12,660,660,598,599
1970-12-13,448,448,448,448
1970-12-14,249,534,249,430
1970-12-15,24,746,24,323
1970-12-16,18,136,18,90
1970-12-17,738,738,428,491
1970-12-18,344,653,344,523
1970-12-19,659,659,456,502
1970-12-20,573,573,561,571
1970-12-21,17,340,10,113
1970-12-22,911,911,723,741
1970-12-23,696,696,696,696
1970-12-24,290,622,290,603
1970-12-25,316,316,316,316
1970-12-26,67,519,67,295
1970-12-27,61,648,61,116
1970-12-28,654,654,219,291
1970-12-29,418,486,418,438
1970-12-30,614,812,223,326
1970-12-31,597,597,597,597
1971-01-01,653,653,67,397
1971-01-02,362,863,362,780
1971-01-03,146,292,146,250
1971-01-04,138,840,138,230
1971-01-05,297,297,297,297
1971-01-06,844,844,458,667
1971-01-07,782,782,706,767
1971-01-08,419,804,419,468
1971-01-09,929,929,497,726
1971-01-10,946,946,45,214
1971-01-11,507,507,507,507
1971-01-12,330,354,330,335
1971-01-13,142,731,18,677
1971-01-14,526,920,526,537
1971-01-15,561,870,319,768
1971-01-16,868,868,665,677
1971-01-17,600,600,117,390
1971-01-18,415,920,415,550
1971-01-19,331,585,331,435
1971-01-20,563,904,563,565
1971-01-21,280,280,280,280
1971-01-22,773,773,750,759
1971-01-23,491,842,491,773
1971-01-24,23,385,23,148
1971-01-25,70,665,70,310
1971-01-26,405,405,405,405
1971-01-27,706,706,705,705
1971-01-28,874,874,874,874
1971-01-29,851,851,576,779
1971-01-30,448,448,448,448
1971-01-31,303,839,67,653
1971-02-01,399,534,399,469
1971-02-02,650,650,650,650
1971-02-03,858,858,858,858
1971-02-04,917,917,718,865
1971-02-05,713,892,160,441
1971-02-06,235,235,235,235
1971-02-07,567,631,567,572
1971-02-08,203,922,203,537
1971-02-09,635,635,23,509
1971-02-10,948,948,447,647
1971-02-11,100,618,100,162
1971-02-12,231,274,231,234
1971-02-13,478,478,241,450
1971-02-14,156,603,156,315
1971-02-15,427,427,348,409
1971-02-16,165,165,28,134
1971-02-17,416,969,210,496
1971-02-18,833,833,476,705
1971-02-19,630,630,234,273
1971-02-20,975,975,709,734
1971-02-21,71,71,71,71
1971-02-22,137,614,137,309
1971-02-23,38,140,38,84
1971-02-24,309,392,309,331
1971-02-25,242,242,242,242
1971-02-26,676,676,368,642
1971-02-27,989,989,197,787
1971-02-28,597,835,211,227
1971-03-01,217,702,217,498
1971-03-02,909,909,661,874
1971-03-03,255,962,227,828
1971-03-04,462,462,462,462
1971-03-05,828,828,154,715
1971-03-06,532,547,39,123
1971-03-07,309,309,309,309
1971-03-08,865,865,768,798
1971-03-09,350,350,278,317
1971-03-10,128,932,128,362
1971-03-11,254,387,254,371
1971-03-12,469,469,469,469
1971-03-13,699,699,88,688
1971-03-14,932,990,757,783
1971-03-15,482,482,482,482
1971-03-16,833,833,833,833
1971-03-17,405,405,405,405
1971-03-18,299,299,299,299
1971-03-19,113,446,113,314
1971-03-20,23,603,23,401
1971-03-21,688,798,688,732
1971-03-22,496,865,496,686
1971-03-23,23,845,23,119
1971-03-24,68,816,68,395
1971-03-25,458,458,458,458
1971-03-26,636,636,636,636
1971-03-27,68,75,68,73
1971-03-28,154,154,154,154
1971-03-29,783,783,783,783
1971-03-30,171,777,43,458
1971-03-31,527,746,151,734
1971-04-01,66,418,66,137
1971-04-02,706,706,554,590
1971-04-03,318,973,90,476
1971-04-04,904,904,394,631
1971-04-05,556,892,322,666
1971-04-06,113,613,113,387
1971-04-07,720,720,607,667
1971-04-08,325,541,207,361
1971-04-09,145,980,145,415
1971-04-10,343,424,205,300
1971-04-11,768,768,302,342
1971-04-12,406,601,406,553
1971-04-13,811,871,107,604
1971-04-14,742,742,584,652
1971-04-15,906,906,680,849
1971-04-16,952,952,940,944
1971-04-17,166,622,166,490
1971-04-18,312,904,312,567
1971-04-19,586,586,281,329
1971-04-20,757,757,592,719
1971-04-21,500,500,500,500
1971-04-22,60,244,60,224
1971-04-23,809,809,237,423
1971-04-24,707,707,467,532
1971-04-25,377,377,377,377
1971-04-26,507,507,507,507
1971-04-27,415,832,415,828
1971-04-28,292,595,292,424
1971-04-29,200,883,200,342
1971-04-30,327,541,327,466
1971-05-01,543,693,543,623
1971-05-02,545,545,545,545
1971-05-03,950,950,498,867
1971-05-04,824,824,296,806
1971-05-05,808,808,73,526
1971-05-06,400,587,400,470
1971-05-07,688,688,126,390
1971-05-08,763,763,763,763
1971-05-09,503,975,205,421
1971-05-10,743,743,743,743
1971-05-11,973,973,950,966
1971-05-12,455,588,447,581
1971-05-13,34,98,34,85
1971-05-14,317,875,317,644
1971-05-15,140,280,140,272
1971-05-16,518,518,88,243
1971-05-17,706,706,432,618
1971-05-18,377,896,377,432
1971-05-19,650,650,577,626
1971-05-20,187,924,187,798
1971-05-21,569,569,569,569
1971-05-22,413,413,413,413
1971-05-23,814,814,814,814
1971-05-24,442,450,442,448
1971-05-25,763,763,760,761
1971-05-26,692,692,692,692
1971-05-27,13,319,13,131
1971-05-28,463,463,463,463
1971-05-29,622,628,334,563
1971-05-30,232,808,232,571
1971-05-31,331,745,277,667
1971-06-01,638,638,638,638
1971-06-02,380,380,380,380
1971-06-03,589,589,589,589
1971-06-04,630,630,174,506
1971-06-05,7,22,7,18
1971-06-06,146,696,146,440
1971-06-07,3,632,3,187
1971-06-08,648,648,648,648
1971-06-09,43,755,43,597
1971-06-10,308,308,308,308
1971-06-11,949,949,720,771
1971-06-12,578,921,407,483
1971-06-13,96,492,96,125
1971-06-14,954,954,710,797
1971-06-15,253,338,253,294
1971-06-16,629,682,260,354
1971-06-17,406,719,406,505
1971-06-18,229,561,186,397
1971-06-19,137,137,137,137
1971-06-20,437,668,437,508
1971-06-21,200,391,200,255
1971-06-22,725,725,516,695
1971-06-23,336,336,336,336
1971-06-24,273,273,273,273
1971-06-25,42,266,42,109
1971-06-26,164,323,164,323
1971-06-27,11,669,11,266
1971-06-28,619,619,195,475
1971-06-29,438,438,325,435
1971-06-30,976,976,692,800
1971-07-01,80,449,80,100
1971-07-02,430,430,346,429
1971-07-03,758,758,758,758
1971-07-04,521,521,521,521
1971-07-05,217,728,125,728
1971-07-06,534,534,534,534
1971-07-07,687,735,171,305
1971-07-08,64,691,64,69
1971-07-09,483,553,483,505
1971-07-10,288,928,288,502
1971-07-11,337,944,337,587
1971-07-12,110,966,110,730
1971-07-13,793,793,251,770
1971-07-14,468,468,468,468
1971-07-15,789,956,221,236
1971-07-16,131,493,131,329
1971-07-17,509,509,509,509
1971-07-18,833,833,362,458
1971-07-19,222,498,222,374
1971-07-20,73,284,73,220
1971-07-21,336,614,245,467
1971-07-22,348,666,348,386
1971-07-23,594,594,594,594
1971-07-24,644,916,108,149
1971-07-25,163,702,163,371
1971-07-26,424,540,277,281
1971-07-27,433,433,258,392
1971-07-28,633,633,106,237
1971-07-29,508,508,89,162
1971-07-30,288,920,196,783
1971-07-31,831,831,463,765
1971-08-01,330,788,330,495
1971-08-02,459,459,459,459
1971-08-03,237,237,237,237
1971-08-04,455,455,455,455
1971-08-05,231,876,231,479
1971-08-06,48,701,48,546
1971-08-07,170,875,170,246
1971-08-08,154,154,154,154
1971-08-09,831,831,771,790
1971-08-10,513,513,513,513
1971-08-11,404,404,135,341
1971-08-12,92,449,92,335
1971-08-13,8,939,8,736
1971-08-14,617,617,617,617
1971-08-15,621,819,130,604
1971-08-16,563,563,219,273
1971-08-17,571,872,144,689
1971-08-18,292,555,292,537
1971-08-19,598,871,424,659
1971-08-20,42,133,42,117
1971-08-21,239,955,239,516
1971-08-22,605,605,605,605
1971-08-23,878,878,143,358
1971-08-24,221,754,221,708
1971-08-25,824,824,547,594
1971-08-26,696,882,490,738
1971-08-27,6,35,6,33
1971-08-28,645,645,574,633
1971-08-29,643,643,643,643
1971-08-30,704,704,704,704
1971-08-31,272,272,272,272
1971-09-01,301,410,301,311
1971-09-02,282,282,42,97
1971-09-03,41,234,41,142
1971-09-04,442,462,114,285
1971-09-05,253,876,35,875
1971-09-06,382,382,382,382
1971-09-07,7,962,7,234
1971-09-08,11,756,11,161
1971-09-09,237,447,237,242
1971-09-10,304,750,304,421
1971-09-11,886,886,148,212
1971-09-12,676,978,676,969
1971-09-13,492,959,492,585
1971-09-14,370,667,370,456
1971-09-15,449,696,62,399
1971-09-16,665,794,444,565
1971-09-17,539,539,327,405
1971-09-18,491,774,417,428
1971-09-19,199,881,199,620
1971-09-20,535,535,212,289
1971-09-21,506,734,506,673
1971-09-22,966,966,772,938
1971-09-23,373,373,21,300
1971-09-24,712,712,712,712
1971-09-25,31,478,31,80
1971-09-26,92,207,51,69
1971-09-27,655,928,655,902
1971-09-28,898,898,593,722
1971-09-29,301,369,301,332
1971-09-30,860,965,850,932
1971-10-01,530,530,327,509
1971-10-02,371,371,371,371
1971-10-03,427,706,260,394
1971-10-04,986,986,552,611
1971-10-05,831,831,1,588
1971-10-06,753,753,753,753
1971-10-07,978,978,333,474
1971-10-08,411,813,193,802
1971-10-09,191,488,191,349
1971-10-10,192,769,67,688
1971-10-11,209,607,209,341
1971-10-12,461,974,461,957
1971-10-13,437,985,385,454
1971-10-14,926,926,332,513
1971-10-15,627,690,627,652
1971-10-16,810,810,671,767
1971-10-17,935,935,185,219
1971-10-18,961,961,168,249
1971-10-19,355,718,355,707
1971-10-20,439,439,160,293
1971-10-21,2,431,2,110
1971-10-22,31,681,31,399
1971-10-23,48,99,48,89
1971-10-24,768,768,624,655
1971-10-25,567,567,567,567
1971-10-26,425,558,425,470
1971-10-27,347,846,347,603
1971-10-28,595,800,271,542
1971-10-29,559,559,191,248
1971-10-30,100,981,100,440
1971-10-31,897,897,897,897
1971-11-01,252,252,151,218
1971-11-02,986,986,227,732
1971-11-03,579,579,579,579
1971-11-04,620,797,620,687
1971-11-05,735,735,650,714
1971-11-06,364,483,1,454
1971-11-07,445,573,436,557
1971-11-08,547,547,116,190
1971-11-09,226,673,189,618
1971-11-10,138,533,138,404
1971-11-11,802,802,529,685
1971-11-12,265,745,265,323
1971-11-13,718,978,579,606
1971-11-14,672,787,672,700
1971-11-15,994,994,837,837
1971-11-16,217,560,217,527
1971-11-17,583,583,391,573
1971-11-18,964,964,958,963
1971-11-19,408,408,408,408
1971-11-20,434,434,434,434
1971-11-21,577,577,577,577
1971-11-22,650,829,6,134
1971-11-23,278,278,278,278
1971-11-24,152,240,152,192
1971-11-25,52,621,52,553
1971-11-26,815,815,815,815
1971-11-27,580,580,580,580
1971-11-28,348,348,348,348
1971-11-29,529,529,529,529
1971-11-30,184,184,175,176
1971-12-01,862,862,390,811
1971-12-02,0,973,0,460
1971-12-03,574,657,536,587
1971-12-04,119,233,119,172
1971-12-05,686,686,428,517
1971-12-06,815,815,210,415
1971-12-07,830,830,830,830
1971-12-08,371,371,223,283
1971-12-09,981,981,220,230
1971-12-10,239,999,239,658
1971-12-11,834,989,834,932
1971-12-12,259,940,259,563
1971-12-13,118,256,118,235
1971-12-14,372,372,372,372
1971-12-15,333,348,333,334
1971-12-16,962,962,709,751
1971-12-17,805,805,572,636
1971-12-18,411,597,161,521
1971-12-19,481,877,481,856
1971-12-20,712,712,318,643
1971-12-21,658,731,658,691
1971-12-22,205,780,205,685
1971-12-23,853,853,722,782
1971-12-24,772,772,550,625
1971-12-25,47,508,47,507
1971-12-26,195,195,195,195
1971-12-27,658,658,620,629
1971-12-28,143,143,143,143
1971-12-29,66,66,66,66
1971-12-30,272,989,272,768
1971-12-31,723,723,723,723
1972-01-01,317,454,317,331
1972-01-02,595,595,595,595
1972-01-03,455,455,388,395
1972-01-04,290,648,72,125
1972-01-05,683,817,164,542
1972-01-06,611,906,611,675
1972-01-07,279,522,279,407
1972-01-08,765,785,521,567
1972-01-09,888,888,251,295
1972-01-10,723,723,184,475
1972-01-11,228,386,228,281
1972-01-12,241,926,193,863
1972-01-13,542,595,542,583
1972-01-14,780,821,607,664
1972-01-15,711,711,264,358
1972-01-16,614,907,484,484
1972-01-17,734,777,734,751
1972-01-18,419,435,419,428
1972-01-19,767,767,710,727
1972-01-20,258,258,258,258
1972-01-21,623,660,589,606
1972-01-22,106,191,106,135
1972-01-23,579,579,300,469
1972-01-24,857,954,679,716
1972-01-25,915,915,748,878
1972-01-26,342,764,342,461
1972-01-27,814,998,187,583
1972-01-28,632,811,563,620
1972-01-29,60,323,60,77
1972-01-30,262,410,64,110
1972-01-31,625,625,610,610
1972-02-01,973,973,750,966
1972-02-02,934,934,559,589
1972-02-03,812,969,79,244
1972-02-04,561,561,561,561
1972-02-05,918,918,254,593
1972-02-06,58,546,58,270
1972-02-07,431,431,70,362
1972-02-08,478,920,380,457
1972-02-09,524,524,351,399
1972-02-10,58,301,58,115
1972-02-11,27,466,27,415
1972-02-12,687,746,403,544
1972-02-13,613,706,613,685
1972-02-14,774,774,337,734
1972-02-15,479,704,479,654
1972-02-16,194,459,194,433
1972-02-17,101,423,101,193
1972-02-18,283,283,80,108
1972-02-19,113,978,113,745
1972-02-20,309,589,37,178
1972-02-21,213,213,213,213
1972-02-22,564,647,8,260
1972-02-23,288,986,288,534
1972-02-24,142,892,142,218
1972-02-25,729,729,729,729
1972-02-26,471,494,391,423
1972-02-27,465,465,465,465
1972-02-28,599,599,15,541
1972-02-29,804,804,804,804
1972-03-01,623,623,258,336
1972-03-02,528,528,494,498
1972-03-03,600,600,540,553
1972-03-04,120,887,120,628
1972-03-05,260,521,48,241
1972-03-06,70,701,70,419
1972-03-07,519,519,262,481
1972-03-08,484,711,381,587
1972-03-09,600,600,600,600
1972-03-10,877,877,803,875
1972-03-11,756,756,441,491
1972-03-12,380,843,380,655
1972-03-13,705,705,47,547
1972-03-14,484,609,484,595
1972-03-15,501,501,501,501
1972-03-16,19,854,19,547
1972-03-17,235,337,235,248
1972-03-18,886,886,256,602
1972-03-19,669,796,355,437
1972-03-20,187,509,187,353
1972-03-21,393,774,393,430
1972-03-22,364,548,364,470
1972-03-23,501,836,124,647
1972-03-24,749,749,235,331
1972-03-25,400,581,400,464
1972-03-26,408,541,408,525
1972-03-27,786,786,445,642
1972-03-28,771,771,771,771
1972-03-29,775,775,397,478
1972-03-30,879,879,581,700
1972-03-31,421,885,421,486
1972-04-01,386,386,386,386
1972-04-02,936,936,337,535
1972-04-03,581,773,351,509
1972-04-04,468,468,153,278
1972-04-05,127,472,127,299
1972-04-06,29,392,29,250
1972-04-07,996,996,424,571
1972-04-08,884,884,372,691
1972-04-09,979,979,405,696
1972-04-10,93,901,93,352
1972-04-11,798,798,604,789
1972-04-12,340,664,340,491
1972-04-13,684,899,684,747
1972-04-14,968,968,968,968
1972-04-15,629,629,629,629
1972-04-16,272,571,272,457
1972-04-17,131,131,76,117
1972-04-18,321,775,321,374
1972-04-19,832,832,386,562
1972-04-20,331,331,331,331
1972-04-21,211,896,211,268
1972-04-22,217,895,217,291
1972-04-23,31,770,31,328
1972-04-24,227,620,18,62
1972-04-25,219,922,219,803
1972-04-26,910,910,636,665
1972-04-27,240,240,240,240
1972-04-28,785,785,481,524
1972-04-29,79,318,79,167
1972-04-30,882,882,816,869
1972-05-01,428,471,428,468
1972-05-02,599,599,241,407
1972-05-03,801,801,801,801
1972-05-04,137,166,137,164
1972-05-05,92,892,92,826
1972-05-06,404,718,404,519
1972-05-07,86,930,86,609
1972-05-08,684,736,684,709
1972-05-09,6,152,6,22
1972-05-10,129,351,129,318
1972-05-11,373,968,18,834
1972-05-12,387,925,81,276
1972-05-13,508,508,508,508
1972-05-14,897,897,14,629
1972-05-15,463,473,226,241
1972-05-16,847,847,774,826
1972-05-17,378,378,47,153
1972-05-18,427,547,242,389
1972-05-19,203,895,58,400
1972-05-20,175,399,175,372
1972-05-21,943,943,736,815
1972-05-22,494,749,494,661
1972-05-23,48,220,39,82
1972-05-24,83,342,83,203
1972-05-25,784,784,524,657
1972-05-26,430,430,8,31
1972-05-27,356,763,356,638
1972-05-28,840,847,234,395
1972-05-29,833,833,562,706
1972-05-30,785,785,590,698
1972-05-31,924,924,510,695
1972-06-01,956,956,336,521
1972-06-02,807,807,359,435
1972-06-03,350,875,131,617
1972-06-04,664,681,643,676
1972-06-05,979,979,724,907
1972-06-06,831,831,19,101
1972-06-07,379,766,379,464
1972-06-08,651,651,651,651
1972-06-09,720,971,720,773
1972-06-10,728,833,122,638
1972-06-11,353,892,145,353
1972-06-12,758,758,222,683
1972-06-13,990,990,879,927
1972-06-14,415,540,415,492
1972-06-15,970,970,3,533
1972-06-16,514,514,514,514
1972-06-17,125,125,125,125
1972-06-18,715,715,715,715
1972-06-19,530,769,62,193
1972-06-20,158,493,158,285
1972-06-21,754,781,404,728
1972-06-22,699,699,364,498
1972-06-23,453,782,430,443
1972-06-24,180,369,25,358
1972-06-25,88,366,88,337
1972-06-26,318,526,318,496
1972-06-27,590,590,155,232
1972-06-28,354,747,151,650
1972-06-29,114,572,114,374
1972-06-30,296,901,296,371
1972-07-01,216,434,216,385
1972-07-02,184,994,184,626
1972-07-03,45,326,45,181
1972-07-04,532,532,532,532
1972-07-05,397,837,397,409
1972-07-06,874,874,245,728
1972-07-07,917,917,698,811
1972-07-08,842,913,605,622
1972-07-09,591,591,591,591
1972-07-10,312,932,312,503
1972-07-11,684,684,684,684
1972-07-12,700,700,66,656
1972-07-13,27,152,27,59
1972-07-14,800,800,288,588
1972-07-15,380,680,173,576
1972-07-16,339,516,184,211
1972-07-17,187,263,187,261
1972-07-18,200,581,155,395
1972-07-19,832,832,571,796
1972-07-20,565,793,370,545
1972-07-21,881,881,29,77
1972-07-22,495,647,103,168
1972-07-23,945,945,662,794
1972-07-24,132,439,132,272
1972-07-25,919,919,328,744
1972-07-26,679,679,92,165
1972-07-27,164,377,129,148
1972-07-28,42,476,42,424
1972-07-29,994,994,12,703
1972-07-30,18,774,18,580
1972-07-31,403,403,403,403
1972-08-01,42,357,42,188
1972-08-02,29,309,29,306
1972-08-03,355,355,298,308
1972-08-04,867,867,690,741
1972-08-05,761,761,761,761
1972-08-06,628,731,89,240
1972-08-07,74,242,74,187
1972-08-08,180,688,180,280
1972-08-09,70,565,70,91
1972-08-10,670,670,172,281
1972-08-11,777,777,777,777
1972-08-12,86,332,86,317
1972-08-13,257,950,257,919
1972-08-14,919,919,106,156
1972-08-15,132,566,132,487
1972-08-16,490,576,490,506
1972-08-17,129,452,129,393
1972-08-18,675,675,675,675
1972-08-19,742,832,474,619
1972-08-20,566,566,59,398
1972-08-21,215,893,215,403
1972-08-22,49,719,49,406
1972-08-23,998,998,518,842
1972-08-24,780,780,601,652
1972-08-25,404,404,404,404
1972-08-26,759,759,759,759
1972-08-27,191,548,191,366
1972-08-28,400,400,29,276
1972-08-29,138,723,138,179
1972-08-30,101,615,24,354
1972-08-31,392,392,106,209
1972-09-01,282,554,282,357
1972-09-02,930,930,724,746
1972-09-03,277,494,270,417
1972-09-04,185,472,185,391
1972-09-05,388,643,388,619
1972-09-06,501,501,501,501
1972-09-07,474,685,474,682
1972-09-08,705,705,227,658
1972-09-09,791,791,225,313
1972-09-10,694,694,151,454
1972-09-11,194,490,194,481
1972-09-12,310,310,310,310
1972-09-13,472,472,81,317
1972-09-14,982,982,361,949
1972-09-15,441,441,102,261
1972-09-16,311,961,311,369
1972-09-17,599,599,539,598
1972-09-18,699,699,133,691
1972-09-19,178,881,112,661
1972-09-20,526,654,526,536
1972-09-21,748,748,32,369
1972-09-22,250,632,250,388
1972-09-23,73,73,73,73
1972-09-24,92,843,59,345
1972-09-25,66,66,66,66
1972-09-26,150,719,150,159
1972-09-27,870,870,442,693
1972-09-28,378,475,31,318
1972-09-29,664,664,525,558
1972-09-30,153,409,153,339
1972-10-01,235,235,190,201
1972-10-02,552,552,552,552
1972-10-03,187,670,187,352
1972-10-04,505,783,2,114
1972-10-05,220,670,220,294
1972-10-06,651,651,578,610
1972-10-07,918,918,794,866
1972-10-08,62,225,62,187
1972-10-09,411,692,411,606
1972-10-10,127,127,59,119
1972-10-11,210,288,210,238
1972-10-12,949,980,949,959
1972-10-13,891,891,531,569
1972-10-14,95,417,95,288
1972-10-15,332,447,332,375
1972-10-16,643,643,34,65
1972-10-17,952,952,695,931
1972-10-18,233,233,233,233
1972-10-19,956,956,205,440
1972-10-20,479,479,479,479
1972-10-21,686,686,217,637
1972-10-22,819,841,819,838
1972-10-23,555,555,548,548
1972-10-24,810,810,579,751
1972-10-25,129,226,129,134
1972-10-26,566,566,475,566
1972-10-27,117,764,117,606
1972-10-28,122,122,122,122
1972-10-29,53,836,53,758
1972-10-30,403,403,291,398
1972-10-31,584,584,323,493
1972-11-01,359,518,359,389
1972-11-02,90,927,90,408
1972-11-03,892,892,269,455
1972-11-04,492,492,492,492
1972-11-05,400,400,79,166
1972-11-06,828,828,801,817
1972-11-07,658,658,560,644
1972-11-08,503,785,400,717
1972-11-09,965,965,529,612
1972-11-10,23,799,23,377
1972-11-11,687,687,687,687
1972-11-12,855,855,628,685
1972-11-13,74,718,74,157
1972-11-14,642,850,642,791
1972-11-15,972,972,411,967
1972-11-16,170,874,170,377
1972-11-17,544,561,248,468
1972-11-18,587,587,102,143
1972-11-19,235,357,235,341
1972-11-20,591,591,71,74
1972-11-21,464,464,464,464
1972-11-22,527,527,163,439
1972-11-23,936,936,936,936
1972-11-24,881,881,681,726
1972-11-25,2,303,2,50
1972-11-26,118,169,118,137
1972-11-27,71,936,71,227
1972-11-28,436,698,436,674
1972-11-29,793,889,399,492
1972-11-30,257,257,257,257
1972-12-01,105,363,105,135
1972-12-02,622,622,622,622
1972-12-03,50,363,50,351
1972-12-04,987,987,288,594
1972-12-05,906,906,46,842
1972-12-06,886,886,826,855
1972-12-07,471,983,259,388
1972-12-08,267,267,267,267
1972-12-09,239,834,239,545
1972-12-10,168,640,168,309
1972-12-11,684,684,359,538
1972-12-12,638,638,638,638
1972-12-13,211,849,211,649
1972-12-14,678,723,504,509
1972-12-15,708,708,708,708
1972-12-16,110,872,110,813
1972-12-17,240,393,240,271
1972-12-18,356,414,356,391
1972-12-19,138,161,138,157
1972-12-20,901,901,129,612
1972-12-21,314,314,314,314
1972-12-22,326,326,326,326
1972-12-23,624,624,43,478
1972-12-24,115,570,115,199
1972-12-25,190,466,190,331
1972-12-26,972,972,871,953
1972-12-27,81,564,11,481
1972-12-28,170,635,170,217
1972-12-29,234,279,234,279
1972-12-30,484,484,484,484
1972-12-31,640,640,640,640
1973-01-01,794,794,53,295
1973-01-02,366,821,142,787
1973-01-03,69,545,69,545
1973-01-04,524,524,339,354
1973-01-05,967,967,967,967
1973-01-06,224,502,124,163
1973-01-07,97,97,97,97
1973-01-08,871,871,389,609
1973-01-09,120,725,0,159
1973-01-10,110,599,110,413
1973-01-11,811,811,63,591
1973-01-12,581,581,565,569
1973-01-13,83,532,83,514
1973-01-14,709,709,709,709
1973-01-15,693,693,640,685
1973-01-16,345,908,345,574
1973-01-17,30,241,30,113
1973-01-18,763,970,520,941
1973-01-19,449,449,449,449
1973-01-20,17,490,17,424
1973-01-21,840,840,560,757
1973-01-22,249,249,82,167
1973-01-23,510,510,510,510
1973-01-24,478,580,110,403
1973-01-25,578,578,341,362
1973-01-26,882,882,22,189
1973-01-27,116,194,116,137
1973-01-28,775,933,692,864
1973-01-29,278,962,278,441
1973-01-30,490,490,490,490
1973-01-31,132,743,132,236
1973-02-01,856,856,26,63
1973-02-02,971,971,226,443
1973-02-03,770,770,221,661
1973-02-04,732,732,492,693
1973-02-05,124,673,124,134
1973-02-06,528,836,110,136
1973-02-07,510,510,510,510
1973-02-08,6,317,6,308
1973-02-09,319,319,319,319
1973-02-10,881,881,445,692
1973-02-11,868,868,868,868
1973-02-12,512,718,449,715
1973-02-13,588,588,349,523
1973-02-14,356,356,356,356
1973-02-15,207,594,207,284
1973-02-16,574,574,574,574
1973-02-17,989,989,418,522
1973-02-18,20,853,20,711
1973-02-19,753,753,532,651
1973-02-20,96,220,96,122
1973-02-21,555,555,555,555
1973-02-22,32,301,32,146
1973-02-23,101,527,101,250
1973-02-24,204,332,204,322
1973-02-25,965,965,928,929
1973-02-26,956,956,640,844
1973-02-27,953,953,734,942
1973-02-28,446,774,346,446
1973-03-01,682,682,682,682
1973-03-02,358,782,188,497
1973-03-03,9,32,9,29
1973-03-04,975,975,435,889
1973-03-05,144,267,144,266
1973-03-06,999,999,648,930
1973-03-07,233,233,233,233
1973-03-08,826,826,826,826
1973-03-09,137,170,137,151
1973-03-10,327,327,327,327
1973-03-11,73,73,73,73
1973-03-12,77,250,77,139
1973-03-13,140,156,140,152
1973-03-14,365,880,365,757
1973-03-15,400,400,141,371
1973-03-16,825,825,781,803
1973-03-17,473,649,342,509
1973-03-18,999,999,88,219
1973-03-19,291,335,167,167
1973-03-20,486,486,486,486
1973-03-21,144,682,144,630
1973-03-22,561,968,263,406
1973-03-23,142,889,142,756
1973-03-24,618,618,261,274
1973-03-25,870,870,77,426
1973-03-26,456,704,456,642
1973-03-27,22,625,22,62
1973-03-28,743,743,81,127
1973-03-29,320,320,166,268
1973-03-30,346,758,2,107
1973-03-31,201,874,166,855
1973-04-01,252,252,60,225
1973-04-02,72,604,72,263
1973-04-03,595,595,595,595
1973-04-04,731,825,108,688
1973-04-05,977,977,846,940
1973-04-06,2,443,2,251
1973-04-07,372,537,372,452
1973-04-08,182,779,182,264
1973-04-09,838,838,318,353
1973-04-10,958,958,132,378
1973-04-11,690,690,266,266
1973-04-12,464,464,212,214
1973-04-13,170,837,170,824
1973-04-14,351,557,34,336
1973-04-15,101,868,101,372
1973-04-16,594,891,275,336
1973-04-17,194,857,63,651
1973-04-18,657,747,657,661
1973-04-19,257,761,257,290
1973-04-20,905,905,95,294
1973-04-21,475,672,364,600
1973-04-22,23,410,23,343
1973-04-23,196,458,168,399
1973-04-24,844,844,552,740
1973-04-25,554,855,120,171
1973-04-26,834,970,273,391
1973-04-27,430,487,142,235
1973-04-28,992,992,814,943
1973-04-29,816,816,22,341
1973-04-30,366,950,337,444
1973-05-01,747,747,451,578
1973-05-02,962,962,868,947
1973-05-03,501,501,252,406
1973-05-04,938,938,642,843
1973-05-05,434,640,434,546
1973-05-06,496,547,465,527
1973-05-07,260,262,40,101
1973-05-08,389,398,389,397
1973-05-09,727,922,452,533
1973-05-10,699,699,50,390
1973-05-11,864,864,856,862
1973-05-12,268,627,192,322
1973-05-13,129,344,24,214
1973-05-14,780,780,229,587
1973-05-15,563,581,563,580
1973-05-16,219,341,104,217
1973-05-17,86,86,86,86
1973-05-18,440,810,440,656
1973-05-19,578,613,449,593
1973-05-20,707,952,707,816
1973-05-21,577,577,468,549
1973-05-22,761,761,761,761
1973-05-23,144,643,144,161
1973-05-24,790,790,37,161
1973-05-25,379,683,222,441
1973-05-26,812,812,812,812
1973-05-27,154,255,154,200
1973-05-28,23,836,23,383
1973-05-29,43,198,43,50
1973-05-30,619,619,619,619
1973-05-31,790,832,185,438
1973-06-01,850,850,538,808
1973-06-02,134,622,134,471
1973-06-03,312,544,312,515
1973-06-04,690,690,430,558
1973-06-05,165,175,165,171
1973-06-06,638,911,638,807
1973-06-07,43,810,43,327
1973-06-08,63,928,63,927
1973-06-09,641,957,112,835
1973-06-10,26,615,26,133
1973-06-11,229,780,229,715
1973-06-12,90,572,90,420
1973-06-13,947,947,163,625
1973-06-14,797,797,419,538
1973-06-15,743,824,152,231
1973-06-16,490,490,490,490
1973-06-17,896,896,48,451
1973-06-18,261,567,261,507
1973-06-19,979,979,880,970
1973-06-20,729,904,452,548
1973-06-21,32,781,32,459
1973-06-22,391,544,88,348
1973-06-23,800,800,553,581
1973-06-24,635,635,29,361
1973-06-25,950,950,792,868
1973-06-26,115,556,115,510
1973-06-27,131,552,131,159
1973-06-28,140,627,140,437
1973-06-29,409,580,319,377
1973-06-30,424,917,77,902
1973-07-01,600,600,492,555
1973-07-02,994,994,612,763
1973-07-03,101,666,101,172
1973-07-04,411,955,265,754
1973-07-05,103,305,103,213
1973-07-06,321,597,321,515
1973-07-07,558,558,347,491
1973-07-08,533,533,533,533
1973-07-09,476,476,476,476
1973-07-10,38,100,38,39
1973-07-11,600,600,372,472
1973-07-12,139,647,139,379
1973-07-13,322,333,322,324
1973-07-14,83,185,83,128
1973-07-15,376,985,376,686
1973-07-16,104,410,104,225
1973-07-17,528,734,23,86
1973-07-18,546,546,160,274
1973-07-19,11,683,6,298
1973-07-20,196,850,196,518
1973-07-21,528,528,528,528
1973-07-22,385,428,385,409
1973-07-23,40,666,40,637
1973-07-24,371,405,371,375
1973-07-25,936,936,869,909
1973-07-26,722,722,352,685
1973-07-27,929,929,620,668
1973-07-28,678,678,672,672
1973-07-29,693,693,426,426
1973-07-30,927,927,530,601
1973-07-31,751,751,652,749
1973-08-01,486,486,486,486
1973-08-02,454,463,34,231
1973-08-03,270,368,270,363
1973-08-04,364,500,364,392
1973-08-05,801,801,83,463
1973-08-06,988,988,960,970
1973-08-07,826,826,826,826
1973-08-08,980,980,526,885
1973-08-09,635,635,517,555
1973-08-10,729,729,607,645
1973-08-11,611,611,476,547
1973-08-12,467,635,467,524
1973-08-13,622,963,622,877
1973-08-14,553,553,408,545
1973-08-15,318,997,318,758
1973-08-16,549,682,549,677
1973-08-17,209,353,209,235
1973-08-18,57,57,57,57
1973-08-19,881,881,286,817
1973-08-20,337,594,337,587
1973-08-21,311,311,311,311
1973-08-22,410,410,163,265
1973-08-23,718,718,303,649
1973-08-24,798,989,73,690
1973-08-25,370,800,370,412
1973-08-26,562,562,562,562
1973-08-27,860,860,119,474
1973-08-28,681,870,370,678
1973-08-29,205,712,205,534
1973-08-30,34,674,34,367
1973-08-31,749,952,673,707
1973-09-01,475,820,295,662
1973-09-02,288,706,288,351
1973-09-03,921,921,545,912
1973-09-04,621,621,621,621
1973-09-05,286,631,148,227
1973-09-06,918,918,205,607
1973-09-07,545,630,401,435
1973-09-08,615,615,472,488
1973-09-09,846,846,94,354
1973-09-10,484,834,450,580
1973-09-11,537,767,235,539
1973-09-12,841,841,372,690
1973-09-13,346,955,128,413
1973-09-14,371,450,371,386
1973-09-15,413,413,367,411
1973-09-16,748,748,609,627
1973-09-17,704,704,704,704
1973-09-18,522,522,184,469
1973-09-19,166,517,166,314
1973-09-20,150,452,150,192
1973-09-21,948,948,836,930
1973-09-22,299,990,299,794
1973-09-23,373,682,373,564
1973-09-24,137,605,137,508
1973-09-25,209,392,209,338
1973-09-26,369,369,369,369
1973-09-27,294,294,294,294
1973-09-28,651,971,606,892
1973-09-29,207,687,207,286
1973-09-30,330,725,315,367
1973-10-01,987,987,259,735
1973-10-02,167,535,20,503
1973-10-03,967,967,154,823
1973-10-04,963,963,375,892
1973-10-05,349,374,349,369
1973-10-06,350,350,67,233
1973-10-07,816,816,442,558
1973-10-08,212,360,212,253
1973-10-09,636,636,636,636
1973-10-10,578,578,578,578
1973-10-11,984,984,383,396
1973-10-12,43,789,43,628
1973-10-13,349,349,250,331
1973-10-14,678,872,678,714
1973-10-15,274,326,274,314
1973-10-16,805,846,805,814
1973-10-17,470,470,470,470
1973-10-18,546,633,398,576
1973-10-19,963,963,659,924
1973-10-20,269,978,269,793
1973-10-21,898,898,355,392
1973-10-22,48,824,48,495
1973-10-23,756,756,753,753
1973-10-24,503,503,503,503
1973-10-25,459,459,69,141
1973-10-26,122,449,122,193
1973-10-27,363,363,165,308
1973-10-28,795,795,180,546
1973-10-29,188,188,141,177
1973-10-30,877,877,594,853
1973-10-31,141,485,72,407
1973-11-01,922,922,896,910
1973-11-02,389,797,389,548
1973-11-03,254,507,254,496
1973-11-04,509,509,509,509
1973-11-05,482,694,482,634
1973-11-06,159,201,128,182
1973-11-07,245,245,245,245
1973-11-08,137,883,137,736
1973-11-09,730,730,603,619
1973-11-10,407,407,76,289
1973-11-11,52,416,52,89
1973-11-12,270,797,270,539
1973-11-13,804,804,210,468
1973-11-14,669,983,135,621
1973-11-15,26,205,26,70
1973-11-16,189,825,179,207
1973-11-17,303,432,303,403
1973-11-18,154,593,154,472
1973-11-19,89,89,89,89
1973-11-20,896,933,896,929
1973-11-21,731,731,327,422
1973-11-22,338,338,338,338
1973-11-23,699,699,592,655
1973-11-24,874,874,865,873
1973-11-25,880,880,127,700
1973-11-26,574,999,574,994
1973-11-27,52,791,52,668
1973-11-28,272,338,272,303
1973-11-29,863,863,432,694
1973-11-30,737,737,737,737
1973-12-01,926,926,231,872
1973-12-02,395,395,268,342
1973-12-03,927,927,626,876
1973-12-04,696,696,182,206
1973-12-05,413,520,52,326
1973-12-06,766,766,398,745
1973-12-07,328,328,328,328
1973-12-08,584,584,584,584
1973-12-09,114,194,91,96
1973-12-10,219,364,90,232
1973-12-11,944,944,862,918
1973-12-12,613,613,71,303
1973-12-13,649,649,288,576
1973-12-14,32,511,32,227
1973-12-15,192,192,110,147
1973-12-16,2,332,2,82
1973-12-17,803,803,754,768
1973-12-18,909,909,844,904
1973-12-19,617,617,617,617
1973-12-20,234,949,5,740
1973-12-21,269,277,57,186
1973-12-22,517,517,232,396
1973-12-23,865,865,794,811
1973-12-24,175,175,175,175
1973-12-25,785,785,254,588
1973-12-26,303,689,303,510
1973-12-27,904,904,480,873
1973-12-28,376,376,340,340
1973-12-29,801,801,678,699
1973-12-30,844,844,328,379
1973-12-31,798,798,459,550
1974-01-01,906,939,96,287
1974-01-02,510,510,510,510
1974-01-03,292,673,115,264
1974-01-04,607,607,267,338
1974-01-05,476,476,194,421
1974-01-06,131,200,131,137
1974-01-07,522,803,522,785
1974-01-08,824,824,602,648
1974-01-09,70,231,70,142
1974-01-10,822,822,682,706
1974-01-11,320,905,240,548
1974-01-12,60,648,60,255
1974-01-13,374,895,374,394
1974-01-14,191,191,34,48
1974-01-15,8,950,8,602
1974-01-16,179,179,179,179
1974-01-17,906,906,34,264
1974-01-18,663,938,302,794
1974-01-19,187,187,96,177
1974-01-20,476,921,138,886
1974-01-21,238,604,238,466
1974-01-22,410,927,332,660
1974-01-23,637,637,637,637
1974-01-24,146,244,146,147
1974-01-25,201,201,201,201
1974-01-26,545,545,545,545
1974-01-27,759,759,464,509
1974-01-28,803,803,137,607
1974-01-29,47,154,47,116
1974-01-30,34,905,34,141
1974-01-31,154,154,154,154
1974-02-01,841,841,841,841
1974-02-02,701,701,701,701
1974-02-03,400,562,133,472
1974-02-04,587,587,401,471
1974-02-05,401,834,401,604
1974-02-06,279,484,279,446
1974-02-07,894,894,601,729
1974-02-08,567,999,567,660
1974-02-09,775,775,315,569
1974-02-10,698,698,698,698
1974-02-11,678,678,379,648
1974-02-12,594,724,263,448
1974-02-13,355,580,355,525
1974-02-14,434,434,434,434
1974-02-15,175,464,175,397
1974-02-16,532,532,268,523
1974-02-17,899,899,181,844
1974-02-18,313,818,313,810
1974-02-19,181,181,181,181
1974-02-20,911,911,261,425
1974-02-21,799,938,299,555
1974-02-22,870,870,870,870
1974-02-23,210,210,210,210
1974-02-24,597,930,305,575
1974-02-25,110,327,110,240
1974-02-26,836,836,602,608
1974-02-27,997,997,723,827
1974-02-28,695,695,695,695
1974-03-01,585,585,209,447
1974-03-02,743,998,743,895
1974-03-03,639,639,212,215
1974-03-04,123,123,123,123
1974-03-05,937,937,666,915
1974-03-06,126,966,126,776
1974-03-07,52,147,52,96
1974-03-08,724,724,383,586
1974-03-09,586,586,499,526
1974-03-10,757,757,757,757
1974-03-11,338,338,338,338
1974-03-12,206,478,206,430
1974-03-13,986,986,541,796
1974-03-14,452,452,452,452
1974-03-15,53,284,53,178
1974-03-16,940,940,940,940
1974-03-17,782,782,782,782
1974-03-18,231,526,231,400
1974-03-19,51,51,51,51
1974-03-20,618,618,618,618
1974-03-21,870,870,713,807
1974-03-22,974,974,66,717
1974-03-23,25,815,25,321
1974-03-24,704,704,356,381
1974-03-25,524,830,524,574
1974-03-26,161,970,161,595
1974-03-27,23,970,23,917
1974-03-28,441,441,441,441
1974-03-29,588,789,588,647
1974-03-30,893,893,806,855
1974-03-31,349,939,349,931
1974-04-01,347,429,347,348
1974-04-02,720,981,720,874
1974-04-03,77,783,77,122
1974-04-04,551,883,246,432
1974-04-05,242,724,40,196
1974-04-06,562,562,562,562
1974-04-07,200,644,200,497
1974-04-08,295,295,295,295
1974-04-09,513,607,513,601
1974-04-10,558,620,375,604
1974-04-11,103,209,103,162
1974-04-12,201,447,201,325
1974-04-13,790,790,284,519
1974-04-14,621,621,14,412
1974-04-15,733,922,591,845
1974-04-16,899,899,899,899
1974-04-17,861,993,861,936
1974-04-18,505,702,349,465
1974-04-19,207,322,20,183
1974-04-20,271,939,271,886
1974-04-21,316,564,316,425
1974-04-22,836,983,188,940
1974-04-23,124,250,0,0
1974-04-24,374,374,374,374
1974-04-25,466,466,466,466
1974-04-26,700,700,700,700
1974-04-27,51,455,51,98
1974-04-28,256,398,256,343
1974-04-29,573,573,20,162
1974-04-30,530,858,421,805
1974-05-01,829,829,162,596
1974-05-02,432,957,432,868
1974-05-03,770,770,38,687
1974-05-04,305,984,305,404
1974-05-05,33,444,33,262
1974-05-06,322,322,225,225
1974-05-07,370,455,148,171
1974-05-08,907,907,855,878
1974-05-09,733,733,492,608
1974-05-10,735,735,103,534
1974-05-11,236,759,236,629
1974-05-12,118,493,118,247
1974-05-13,477,477,477,477
1974-05-14,609,716,609,676
1974-05-15,75,979,75,180
1974-05-16,714,714,501,656
1974-05-17,733,773,733,740
1974-05-18,288,288,162,275
1974-05-19,458,675,458,627
1974-05-20,491,917,491,728
1974-05-21,164,470,164,320
1974-05-22,771,771,207,501
1974-05-23,852,852,350,809
1974-05-24,849,849,564,806
1974-05-25,126,782,126,643
1974-05-26,331,558,99,353
1974-05-27,724,808,586,762
1974-05-28,257,257,257,257
1974-05-29,630,630,140,618
1974-05-30,892,892,278,588
1974-05-31,961,961,771,771
1974-06-01,137,934,137,517
1974-06-02,749,749,141,428
1974-06-03,885,885,885,885
1974-06-04,13,84,13,74
1974-06-05,753,753,753,753
1974-06-06,528,610,528,549
1974-06-07,497,857,497,764
1974-06-08,197,689,197,345
1974-06-09,541,657,541,617
1974-06-10,749,749,294,655
1974-06-11,913,913,408,417
1974-06-12,300,300,300,300
1974-06-13,744,744,744,744
1974-06-14,565,565,317,336
1974-06-15,898,898,886,890
1974-06-16,179,179,179,179
1974-06-17,436,531,422,422
1974-06-18,135,812,135,323
1974-06-19,838,838,728,785
1974-06-20,665,665,598,642
1974-06-21,805,805,805,805
1974-06-22,612,725,612,629
1974-06-23,617,617,150,216
1974-06-24,304,304,304,304
1974-06-25,40,310,40,299
1974-06-26,948,948,926,933
1974-06-27,700,700,700,700
1974-06-28,830,830,722,827
1974-06-29,878,878,211,214
1974-06-30,685,685,486,635
1974-07-01,84,228,84,114
1974-07-02,960,960,391,445
1974-07-03,828,828,178,408
1974-07-04,373,373,373,373
1974-07-05,209,209,209,209
1974-07-06,266,439,266,272
1974-07-07,879,879,275,457
1974-07-08,8,194,8,138
1974-07-09,247,285,247,276
1974-07-10,29,961,29,172
1974-07-11,622,622,267,535
1974-07-12,23,787,23,500
1974-07-13,923,923,138,270
1974-07-14,837,837,721,774
1974-07-15,385,385,11,174
1974-07-16,194,395,194,224
1974-07-17,139,399,139,234
1974-07-18,962,962,181,738
1974-07-19,903,903,827,899
1974-07-20,738,738,34,211
1974-07-21,322,677,322,378
1974-07-22,847,847,700,744
1974-07-23,218,218,94,138
1974-07-24,822,822,15,188
1974-07-25,919,919,70,224
1974-07-26,64,495,64,234
1974-07-27,637,637,217,572
1974-07-28,663,989,92,861
1974-07-29,311,657,107,109
1974-07-30,141,685,141,517
1974-07-31,724,724,398,467
1974-08-01,537,537,226,519
1974-08-02,48,275,48,249
1974-08-03,874,874,80,560
1974-08-04,570,570,142,199
1974-08-05,263,263,263,263
1974-08-06,394,691,21,414
1974-08-07,306,306,305,306
1974-08-08,514,804,514,638
1974-08-09,448,448,83,155
1974-08-10,35,724,35,655
1974-08-11,989,989,611,705
1974-08-12,704,704,630,681
1974-08-13,58,454,58,290
1974-08-14,882,882,623,881
1974-08-15,850,850,47,493
1974-08-16,214,560,214,451
1974-08-17,691,691,691,691
1974-08-18,75,144,75,108
1974-08-19,68,561,68,237
1974-08-20,649,839,354,599
1974-08-21,644,644,155,250
1974-08-22,603,707,103,304
1974-08-23,167,765,167,706
1974-08-24,935,935,521,747
1974-08-25,975,975,547,905
1974-08-26,7,198,7,33
1974-08-27,380,404,380,396
1974-08-28,447,499,447,466
1974-08-29,142,814,142,662
1974-08-30,708,708,708,708
1974-08-31,394,764,394,533
1974-09-01,209,209,209,209
1974-09-02,104,205,104,107
1974-09-03,643,643,332,380
1974-09-04,853,853,622,649
1974-09-05,592,592,389,487
1974-09-06,609,609,609,609
1974-09-07,844,844,401,613
1974-09-08,676,676,84,204
1974-09-09,118,329,118,193
1974-09-10,196,196,196,196
1974-09-11,482,508,38,68
1974-09-12,617,617,617,617
1974-09-13,659,659,646,658
1974-09-14,964,964,79,520
1974-09-15,938,938,345,355
1974-09-16,803,803,242,377
1974-09-17,44,413,44,359
1974-09-18,703,729,615,634
1974-09-19,859,859,859,859
1974-09-20,690,690,569,588
1974-09-21,519,537,374,454
1974-09-22,593,593,567,571
1974-09-23,191,551,82,321
1974-09-24,991,991,282,551
1974-09-25,377,455,377,443
1974-09-26,86,931,86,893
1974-09-27,843,843,99,685
1974-09-28,809,842,173,303
1974-09-29,215,237,215,231
1974-09-30,602,979,602,630
1974-10-01,968,968,321,857
1974-10-02,183,432,183,366
1974-10-03,888,888,603,856
1974-10-04,961,961,956,957
1974-10-05,109,216,109,179
1974-10-06,646,646,139,340
1974-10-07,308,419,308,387
1974-10-08,420,420,420,420
1974-10-09,969,969,47,662
1974-10-10,49,745,49,352
1974-10-11,12,188,12,152
1974-10-12,731,731,555,682
1974-10-13,476,661,455,480
1974-10-14,919,919,354,425
1974-10-15,270,729,165,474
1974-10-16,48,795,48,636
1974-10-17,54,269,54,98
1974-10-18,367,727,367,613
1974-10-19,997,997,479,640
1974-10-20,722,722,206,606
1974-10-21,12,415,12,141
1974-10-22,951,951,798,834
1974-10-23,994,994,776,966
1974-10-24,706,944,690,916
1974-10-25,839,839,128,707
1974-10-26,173,321,173,321
1974-10-27,211,211,211,211
1974-10-28,919,919,16,784
1974-10-29,422,967,10,513
1974-10-30,952,952,526,597
1974-10-31,158,862,158,283
1974-11-01,65,427,65,248
1974-11-02,357,777,357,393
1974-11-03,555,830,555,566
1974-11-04,124,399,124,374
1974-11-05,970,970,50,515
1974-11-06,861,861,291,349
1974-11-07,448,448,367,413
1974-11-08,66,902,66,459
1974-11-09,701,701,375,597
1974-11-10,925,925,925,925
1974-11-11,504,631,504,546
1974-11-12,259,980,259,607
1974-11-13,326,947,142,328
1974-11-14,793,793,422,459
1974-11-15,996,996,759,921
1974-11-16,730,863,730,836
1974-11-17,218,852,218,493
1974-11-18,202,710,202,692
1974-11-19,32,586,32,389
1974-11-20,340,818,330,388
1974-11-21,844,844,322,342
1974-11-22,197,474,197,258
1974-11-23,947,947,418,454
1974-11-24,186,521,186,357
1974-11-25,253,650,253,468
1974-11-26,32,292,32,50
1974-11-27,606,855,208,806
1974-11-28,482,482,325,414
1974-11-29,423,423,324,375
1974-11-30,143,686,143,606
1974-12-01,426,731,426,551
1974-12-02,148,719,148,329
1974-12-03,183,614,183,240
1974-12-04,921,952,490,703
1974-12-05,956,956,896,901
1974-12-06,548,548,344,381
1974-12-07,137,632,137,368
1974-12-08,357,544,357,442
1974-12-09,37,404,37,321
1974-12-10,912,912,169,516
1974-12-11,782,782,274,274
1974-12-12,522,560,315,388
1974-12-13,933,933,407,861
1974-12-14,105,635,105,245
1974-12-15,268,268,268,268
1974-12-16,429,904,0,707
1974-12-17,324,324,324,324
1974-12-18,953,953,280,794
1974-12-19,58,228,58,219
1974-12-20,951,951,657,816
1974-12-21,327,327,327,327
1974-12-22,167,167,167,167
1974-12-23,862,862,70,223
1974-12-24,645,645,58,314
1974-12-25,243,243,243,243
1974-12-26,740,977,740,865
1974-12-27,420,775,420,665
1974-12-28,591,591,591,591
1974-12-29,220,220,220,220
1974-12-30,42,755,42,408
1974-12-31,654,654,237,625
1975-01-01,591,881,591,684
1975-01-02,209,268,209,226
1975-01-03,661,661,336,581
1975-01-04,104,104,104,104
1975-01-05,146,398,146,182
1975-01-06,178,178,178,178
1975-01-07,734,841,420,471
1975-01-08,346,390,346,346
1975-01-09,435,517,435,516
1975-01-10,862,862,20,223
1975-01-11,507,798,63,554
1975-01-12,580,580,438,487
1975-01-13,697,697,25,557
1975-01-14,941,941,834,939
1975-01-15,398,398,398,398
1975-01-16,56,829,56,820
1975-01-17,655,655,655,655
1975-01-18,346,346,346,346
1975-01-19,865,865,865,865
1975-01-20,597,597,506,526
1975-01-21,343,343,77,338
1975-01-22,17,443,17,379
1975-01-23,583,583,583,583
1975-01-24,531,531,30,156
1975-01-25,579,989,156,343
1975-01-26,557,870,557,833
1975-01-27,970,970,928,942
1975-01-28,74,142,74,103
1975-01-29,144,704,144,621
1975-01-30,212,212,212,212
1975-01-31,215,670,215,427
1975-02-01,546,964,80,92
1975-02-02,578,877,380,680
1975-02-03,466,466,466,466
1975-02-04,826,887,45,262
1975-02-05,721,721,721,721
1975-02-06,5,504,5,403
1975-02-07,303,524,272,391
1975-02-08,697,702,187,365
1975-02-09,45,951,45,90
1975-02-10,310,310,187,222
1975-02-11,96,894,96,731
1975-02-12,857,875,337,350
1975-02-13,909,909,543,624
1975-02-14,738,738,738,738
1975-02-15,777,777,409,579
1975-02-16,703,703,164,393
1975-02-17,112,833,112,120
1975-02-18,945,945,844,944
1975-02-19,800,800,184,233
1975-02-20,476,476,476,476
1975-02-21,206,255,206,215
1975-02-22,166,648,166,192
1975-02-23,363,375,363,363
1975-02-24,755,884,254,589
1975-02-25,96,790,96,730
1975-02-26,197,197,197,197
1975-02-27,406,406,370,379
1975-02-28,598,622,598,617
1975-03-01,425,870,425,716
1975-03-02,29,927,29,903
1975-03-03,439,439,21,107
1975-03-04,483,926,56,273
1975-03-05,320,327,320,323
1975-03-06,378,378,348,357
1975-03-07,310,310,144,252
1975-03-08,67,669,67,318
1975-03-09,893,893,847,852
1975-03-10,336,546,244,451
1975-03-11,388,683,63,202
1975-03-12,380,917,40,185
1975-03-13,152,748,152,594
1975-03-14,997,997,447,838
1975-03-15,405,675,180,559
1975-03-16,215,250,215,226
1975-03-17,619,619,478,510
1975-03-18,926,926,234,544
1975-03-19,20,602,20,344
1975-03-20,795,795,334,440
1975-03-21,489,489,489,489
1975-03-22,824,824,613,674
1975-03-23,561,591,1,322
1975-03-24,53,963,53,789
1975-03-25,310,400,39,165
1975-03-26,789,789,789,789
1975-03-27,247,724,247,404
1975-03-28,426,426,129,360
1975-03-29,584,584,584,584
1975-03-30,87,903,87,236
1975-03-31,52,574,52,112
1975-04-01,614,614,614,614
1975-04-02,915,915,782,819
1975-04-03,826,826,826,826
1975-04-04,190,539,190,236
1975-04-05,452,479,452,460
1975-04-06,660,660,603,633
1975-04-07,505,644,430,622
1975-04-08,69,913,69,198
1975-04-09,102,706,5,174
1975-04-10,109,766,100,670
1975-04-11,314,314,37,237
1975-04-12,464,464,237,396
1975-04-13,866,866,300,646
1975-04-14,436,436,436,436
1975-04-15,481,905,481,537
1975-04-16,586,586,586,586
1975-04-17,688,688,688,688
1975-04-18,203,665,203,251
1975-04-19,571,571,13,294
1975-04-20,836,836,583,596
1975-04-21,836,836,343,726
1975-04-22,481,481,481,481
1975-04-23,131,890,131,789
1975-04-24,480,480,430,435
1975-04-25,398,398,52,141
1975-04-26,893,893,804,890
1975-04-27,976,976,480,717
1975-04-28,518,810,78,688
1975-04-29,198,960,15,368
1975-04-30,733,939,733,934
1975-05-01,355,925,355,502
1975-05-02,479,479,479,479
1975-05-03,152,162,152,152
1975-05-04,253,829,253,528
1975-05-05,57,168,57,163
1975-05-06,426,426,426,426
1975-05-07,947,947,324,423
1975-05-08,214,214,214,214
1975-05-09,413,479,413,463
1975-05-10,476,834,228,283
1975-05-11,394,924,394,807
1975-05-12,182,701,182,465
1975-05-13,588,588,588,588
1975-05-14,561,735,364,735
1975-05-15,412,596,412,424
1975-05-16,198,198,198,198
1975-05-17,286,727,286,548
1975-05-18,903,903,856,902
1975-05-19,294,909,294,397
1975-05-20,935,935,503,617
1975-05-21,418,469,350,399
1975-05-22,865,865,221,423
1975-05-23,477,720,470,619
1975-05-24,626,700,547,593
1975-05-25,591,753,150,185
1975-05-26,505,505,270,364
1975-05-27,36,968,36,674
1975-05-28,408,983,408,677
1975-05-29,998,998,720,742
1975-05-30,630,630,630,630
1975-05-31,549,549,440,456
1975-06-01,864,864,864,864
1975-06-02,585,811,585,740
1975-06-03,306,306,306,306
1975-06-04,358,618,358,532
1975-06-05,329,329,229,237
1975-06-06,195,924,195,883
1975-06-07,557,557,261,438
1975-06-08,754,754,754,754
1975-06-09,851,851,237,298
1975-06-10,995,995,967,992
1975-06-11,202,595,202,513
1975-06-12,670,670,471,649
1975-06-13,410,782,410,475
1975-06-14,264,873,264,818
1975-06-15,129,921,129,536
1975-06-16,590,833,7,390
1975-06-17,885,885,71,275
1975-06-18,445,507,25,493
1975-06-19,647,647,647,647
1975-06-20,550,716,407,549
1975-06-21,318,318,318,318
1975-06-22,271,271,271,271
1975-06-23,956,956,216,616
1975-06-24,397,397,183,305
1975-06-25,991,991,120,297
1975-06-26,419,419,419,419
1975-06-27,373,914,373,651
1975-06-28,911,959,747,885
1975-06-29,628,628,161,250
1975-06-30,913,913,801,806
1975-07-01,619,795,92,307
1975-07-02,802,802,757,768
1975-07-03,315,714,25,621
1975-07-04,815,815,815,815
1975-07-05,235,894,235,331
1975-07-06,189,399,189,306
1975-07-07,697,697,697,697
1975-07-08,335,335,335,335
1975-07-09,716,716,293,681
1975-07-10,486,956,279,659
1975-07-11,631,631,541,624
1975-07-12,308,308,308,308
1975-07-13,531,531,155,461
1975-07-14,670,670,244,545
1975-07-15,548,629,522,534
1975-07-16,985,985,338,763
1975-07-17,367,614,303,555
1975-07-18,356,746,70,126
1975-07-19,624,664,101,540
1975-07-20,851,851,851,851
1975-07-21,274,274,144,258
1975-07-22,170,676,170,369
1975-07-23,18,678,18,632
1975-07-24,850,850,850,850
1975-07-25,929,929,804,897
1975-07-26,666,666,638,660
1975-07-27,326,800,326,569
1975-07-28,959,959,363,821
1975-07-29,397,837,397,487
1975-07-30,481,481,129,258
1975-07-31,26,846,26,522
1975-08-01,542,542,525,536
1975-08-02,75,324,75,298
1975-08-03,769,769,677,709
1975-08-04,592,592,592,592
1975-08-05,745,982,745,815
1975-08-06,899,899,899,899
1975-08-07,651,891,258,572
1975-08-08,594,969,594,801
1975-08-09,317,829,74,581
1975-08-10,186,745,186,358
1975-08-11,558,699,184,487
1975-08-12,787,787,554,676
1975-08-13,467,467,384,387
1975-08-14,853,853,524,551
1975-08-15,785,785,683,758
1975-08-16,627,627,418,426
1975-08-17,574,928,229,832
1975-08-18,566,566,566,566
1975-08-19,414,482,414,476
1975-08-20,157,980,157,429
1975-08-21,532,676,532,663
1975-08-22,789,789,254,782
1975-08-23,996,996,196,727
1975-08-24,604,604,604,604
1975-08-25,282,926,282,867
1975-08-26,879,879,191,789
1975-08-27,904,942,232,480
1975-08-28,286,979,286,944
1975-08-29,252,471,25,337
1975-08-30,446,653,58,501
1975-08-31,643,643,342,377
1975-09-01,814,814,752,800
1975-09-02,468,468,468,468
1975-09-03,840,962,113,545
1975-09-04,30,310,30,139
1975-09-05,207,364,207,324
1975-09-06,384,412,384,397
1975-09-07,912,912,857,868
1975-09-08,939,939,626,728
1975-09-09,56,597,56,63
1975-09-10,153,386,153,308
1975-09-11,236,564,203,522
1975-09-12,173,356,173,199
1975-09-13,937,937,397,530
1975-09-14,962,962,547,652
1975-09-15,326,531,326,351
1975-09-16,226,805,98,539
1975-09-17,100,119,100,106
1975-09-18,72,437,72,252
1975-09-19,9,731,9,696
1975-09-20,819,819,134,342
1975-09-21,284,729,268,569
1975-09-22,949,949,714,771
1975-09-23,374,770,374,727
1975-09-24,542,542,542,542
1975-09-25,590,590,590,590
1975-09-26,199,238,56,130
1975-09-27,45,815,45,80
1975-09-28,198,198,198,198
1975-09-29,886,886,227,751
1975-09-30,89,528,89,478
1975-10-01,654,800,654,703
1975-10-02,204,249,204,228
1975-10-03,100,917,70,546
1975-10-04,420,420,296,299
1975-10-05,400,643,29,629
1975-10-06,55,209,5,184
1975-10-07,948,948,227,570
1975-10-08,213,378,213,369
1975-10-09,158,587,158,276
1975-10-10,308,382,308,325
1975-10-11,861,861,772,772
1975-10-12,323,979,52,949
1975-10-13,639,639,299,304
1975-10-14,322,570,26,93
1975-10-15,909,909,480,896
1975-10-16,766,766,225,610
1975-10-17,984,984,59,442
1975-10-18,200,957,200,844
1975-10-19,556,556,556,556
1975-10-20,399,775,399,422
1975-10-21,916,916,111,562
1975-10-22,534,604,257,323
1975-10-23,651,651,651,651
1975-10-24,578,578,578,578
1975-10-25,810,876,361,835
1975-10-26,900,900,485,735
1975-10-27,836,836,548,769
1975-10-28,590,590,590,590
1975-10-29,265,299,265,274
1975-10-30,952,952,586,749
1975-10-31,952,952,720,850
1975-11-01,350,963,350,456
1975-11-02,615,615,25,548
1975-11-03,694,694,423,532
1975-11-04,48,988,15,419
1975-11-05,251,673,216,248
1975-11-06,2,47,2,36
1975-11-07,102,119,102,118
1975-11-08,876,876,518,758
1975-11-09,233,233,233,233
1975-11-10,135,705,135,199
1975-11-11,28,227,28,216
1975-11-12,662,662,139,594
1975-11-13,359,893,55,123
1975-11-14,926,926,631,650
1975-11-15,570,765,570,642
1975-11-16,129,827,129,790
1975-11-17,981,981,799,866
1975-11-18,493,980,493,933
1975-11-19,417,969,417,622
1975-11-20,298,393,250,337
1975-11-21,286,897,286,574
1975-11-22,269,754,269,709
1975-11-23,667,667,667,667
1975-11-24,981,981,958,976
1975-11-25,296,296,296,296
1975-11-26,47,630,47,467
1975-11-27,122,122,122,122
1975-11-28,188,188,188,188
1975-11-29,741,893,321,358
1975-11-30,755,755,433,517
1975-12-01,162,822,162,669
1975-12-02,152,152,152,152
1975-12-03,195,524,195,340
1975-12-04,668,668,620,625
1975-12-05,506,966,27,802
1975-12-06,617,617,617,617
1975-12-07,525,709,525,660
1975-12-08,866,866,814,848
1975-12-09,428,841,95,170
1975-12-10,331,331,331,331
1975-12-11,155,155,155,155
1975-12-12,285,420,285,330
1975-12-13,405,518,291,307
1975-12-14,152,843,152,425
1975-12-15,442,442,442,442
1975-12-16,713,713,230,648
1975-12-17,560,560,560,560
1975-12-18,214,920,93,494
1975-12-19,604,604,60,96
1975-12-20,241,603,241,455
1975-12-21,666,666,535,589
1975-12-22,550,923,550,820
1975-12-23,999,999,910,953
1975-12-24,752,752,752,752
1975-12-25,291,426,44,213
1975-12-26,447,511,7,128
1975-12-27,362,824,79,227
1975-12-28,511,511,337,404
1975-12-29,371,371,371,371
1975-12-30,593,881,530,875
1975-12-31,577,577,577,577
1976-01-01,500,974,335,672
1976-01-02,933,933,518,557
1976-01-03,958,958,820,835
1976-01-04,226,514,226,352
1976-01-05,108,327,108,272
1976-01-06,808,808,201,511
1976-01-07,507,970,345,925
1976-01-08,307,983,307,729
1976-01-09,805,899,787,848
1976-01-10,932,932,894,909
1976-01-11,617,617,538,541
1976-01-12,548,548,521,524
1976-01-13,264,739,264,479
1976-01-14,737,737,343,733
1976-01-15,117,472,117,331
1976-01-16,217,300,217,252
1976-01-17,303,904,303,590
1976-01-18,576,576,345,453
1976-01-19,701,701,486,489
1976-01-20,201,201,201,201
1976-01-21,399,624,399,408
1976-01-22,417,524,417,463
1976-01-23,997,997,623,630
1976-01-24,219,219,112,123
1976-01-25,819,819,159,215
1976-01-26,594,594,592,593
1976-01-27,756,756,756,756
1976-01-28,517,518,517,517
1976-01-29,121,944,121,680
1976-01-30,630,630,630,630
1976-01-31,527,596,527,549
1976-02-01,966,966,122,168
1976-02-02,890,890,439,698
1976-02-03,782,782,782,782
1976-02-04,591,591,395,508
1976-02-05,648,668,132,406
1976-02-06,709,869,709,748
1976-02-07,611,611,611,611
1976-02-08,970,970,847,935
1976-02-09,260,730,41,100
1976-02-10,890,890,451,543
1976-02-11,27,30,27,28
1976-02-12,713,713,272,386
1976-02-13,834,946,834,903
1976-02-14,119,313,119,179
1976-02-15,4,996,4,279
1976-02-16,461,461,461,461
1976-02-17,553,553,65,544
1976-02-18,583,583,583,583
1976-02-19,237,750,237,672
1976-02-20,708,807,405,722
1976-02-21,901,901,594,712
1976-02-22,705,705,702,702
1976-02-23,574,574,574,574
1976-02-24,592,900,592,782
1976-02-25,632,868,632,656
1976-02-26,685,858,399,779
1976-02-27,826,826,216,733
1976-02-28,431,665,431,639
1976-02-29,523,523,523,523
1976-03-01,390,390,390,390
1976-03-02,179,500,179,214
1976-03-03,889,889,229,699
1976-03-04,281,737,64,204
1976-03-05,330,658,330,392
1976-03-06,80,296,80,218
1976-03-07,480,688,81,254
1976-03-08,258,258,258,258
1976-03-09,492,821,15,613
1976-03-10,982,982,291,724
1976-03-11,456,456,183,309
1976-03-12,211,718,136,392
1976-03-13,803,803,461,770
1976-03-14,33,847,33,403
1976-03-15,897,897,713,882
1976-03-16,773,791,773,788
1976-03-17,175,175,175,175
1976-03-18,226,621,226,324
1976-03-19,142,972,142,537
1976-03-20,703,703,535,614
1976-03-21,603,603,367,530
1976-03-22,318,318,318,318
1976-03-23,151,708,151,529
1976-03-24,49,944,49,223
1976-03-25,611,611,611,611
1976-03-26,929,929,929,929
1976-03-27,812,812,175,566
1976-03-28,176,176,176,176
1976-03-29,566,843,295,611
1976-03-30,364,723,364,673
1976-03-31,240,837,240,372
1976-04-01,344,837,344,549
1976-04-02,85,713,60,82
1976-04-03,976,976,276,441
1976-04-04,808,844,366,698
1976-04-05,167,947,167,258
1976-04-06,188,453,188,403
1976-04-07,564,776,564,596
1976-04-08,369,709,369,459
1976-04-09,105,524,105,291
1976-04-10,3,23,3,21
1976-04-11,882,882,723,787
1976-04-12,940,940,702,747
1976-04-13,414,414,414,414
1976-04-14,607,693,607,617
1976-04-15,117,948,117,741
1976-04-16,641,744,269,489
1976-04-17,158,539,40,296
1976-04-18,200,200,200,200
1976-04-19,162,179,162,166
1976-04-20,173,247,173,194
1976-04-21,274,802,12,244
1976-04-22,341,639,341,365
1976-04-23,41,41,41,41
1976-04-24,733,733,733,733
1976-04-25,345,345,345,345
1976-04-26,217,410,217,313
1976-04-27,577,862,178,466
1976-04-28,859,859,538,630
1976-04-29,341,341,341,341
1976-04-30,245,854,85,820
1976-05-01,643,643,467,470
1976-05-02,388,388,255,363
1976-05-03,997,997,271,579
1976-05-04,876,988,416,495
1976-05-05,899,899,899,899
1976-05-06,252,252,252,252
1976-05-07,939,939,327,400
1976-05-08,36,508,36,505
1976-05-09,433,433,198,382
1976-05-10,365,365,365,365
1976-05-11,992,992,296,405
1976-05-12,689,689,632,640
1976-05-13,371,387,371,375
1976-05-14,269,965,144,304
1976-05-15,271,358,271,273
1976-05-16,409,880,409,634
1976-05-17,852,852,364,659
1976-05-18,301,593,301,400
1976-05-19,295,295,295,295
1976-05-20,510,585,510,527
1976-05-21,455,923,455,615
1976-05-22,823,823,777,817
1976-05-23,568,568,568,568
1976-05-24,649,649,275,444
1976-05-25,91,224,91,134
1976-05-26,996,996,10,146
1976-05-27,187,286,135,244
1976-05-28,73,229,73,206
1976-05-29,971,971,746,787
1976-05-30,537,655,251,543
1976-05-31,87,724,87,168
1976-06-01,681,868,681,772
1976-06-02,600,896,295,408
1976-06-03,473,894,473,506
1976-06-04,71,587,71,260
1976-06-05,274,274,169,255
1976-06-06,968,968,510,591
1976-06-07,734,734,734,734
1976-06-08,304,927,304,617
1976-06-09,153,799,153,515
1976-06-10,155,166,155,156
1976-06-11,578,578,578,578
1976-06-12,196,624,196,418
1976-06-13,320,543,320,493
1976-06-14,310,558,23,307
1976-06-15,917,917,252,427
1976-06-16,591,979,158,392
1976-06-17,275,453,275,370
1976-06-18,857,925,515,899
1976-06-19,724,724,673,682
1976-06-20,634,634,634,634
1976-06-21,998,998,120,377
1976-06-22,39,715,39,608
1976-06-23,377,608,377,533
1976-06-24,680,680,680,680
1976-06-25,391,632,391,608
1976-06-26,486,486,458,476
1976-06-27,853,853,178,396
1976-06-28,209,392,209,275
1976-06-29,612,612,605,609
1976-06-30,825,825,736,816
1976-07-01,922,922,869,869
1976-07-02,754,754,334,341
1976-07-03,277,435,170,383
1976-07-04,239,426,10,413
1976-07-05,625,955,625,876
1976-07-06,905,905,631,648
1976-07-07,798,954,798,890
1976-07-08,73,158,73,87
1976-07-09,690,736,440,717
1976-07-10,409,548,96,116
1976-07-11,679,679,340,399
1976-07-12,947,947,947,947
1976-07-13,654,836,311,326
1976-07-14,441,672,285,384
1976-07-15,402,402,93,327
1976-07-16,929,929,530,768
1976-07-17,14,849,14,752
1976-07-18,178,660,178,570
1976-07-19,111,793,75,744
1976-07-20,556,812,373,565
1976-07-21,449,789,414,471
1976-07-22,213,456,86,365
1976-07-23,214,610,214,560
1976-07-24,403,403,221,339
1976-07-25,80,513,72,253
1976-07-26,765,765,298,329
1976-07-27,252,992,252,522
1976-07-28,679,679,227,427
1976-07-29,538,538,538,538
1976-07-30,643,643,271,334
1976-07-31,267,267,267,267
1976-08-01,104,457,104,371
1976-08-02,506,506,440,457
1976-08-03,426,579,426,519
1976-08-04,159,159,159,159
1976-08-05,85,678,85,563
1976-08-06,839,839,100,371
1976-08-07,414,414,414,414
1976-08-08,894,894,422,756
1976-08-09,884,884,617,617
1976-08-10,862,862,623,747
1976-08-11,66,113,66,92
1976-08-12,914,914,37,700
1976-08-13,722,722,722,722
1976-08-14,200,877,200,811
1976-08-15,430,682,384,501
1976-08-16,192,933,192,539
1976-08-17,338,338,338,338
1976-08-18,81,962,81,648
1976-08-19,206,283,206,212
1976-08-20,882,882,456,685
1976-08-21,635,635,635,635
1976-08-22,689,793,689,776
1976-08-23,75,970,75,103
1976-08-24,156,719,156,228
1976-08-25,407,617,293,564
1976-08-26,346,346,346,346
1976-08-27,386,386,12,269
1976-08-28,215,266,215,221
1976-08-29,34,747,34,223
1976-08-30,968,968,452,538
1976-08-31,370,450,235,347
1976-09-01,862,862,575,582
1976-09-02,602,732,602,687
1976-09-03,880,947,451,656
1976-09-04,627,627,105,435
1976-09-05,923,923,367,495
1976-09-06,605,605,605,605
1976-09-07,301,502,301,421
1976-09-08,474,474,474,474
1976-09-09,233,702,233,585
1976-09-10,278,556,278,538
1976-09-11,390,917,390,445
1976-09-12,646,646,646,646
1976-09-13,864,936,864,876
1976-09-14,886,886,600,698
1976-09-15,33,33,33,33
1976-09-16,857,857,213,587
1976-09-17,315,315,315,315
1976-09-18,22,839,22,768
1976-09-19,378,378,378,378
1976-09-20,876,985,609,767
1976-09-21,837,837,198,257
1976-09-22,260,644,260,399
1976-09-23,748,918,93,878
1976-09-24,468,480,344,422
1976-09-25,895,895,443,773
1976-09-26,140,140,140,140
1976-09-27,511,978,321,518
1976-09-28,708,708,562,599
1976-09-29,562,668,301,487
1976-09-30,615,937,615,673
1976-10-01,458,458,458,458
1976-10-02,364,364,340,346
1976-10-03,755,755,682,716
1976-10-04,170,947,170,334
1976-10-05,174,174,174,174
1976-10-06,818,818,788,805
1976-10-07,610,792,610,738
1976-10-08,607,607,441,606
1976-10-09,754,889,754,823
1976-10-10,215,928,215,813
1976-10-11,607,607,607,607
1976-10-12,569,625,104,288
1976-10-13,621,621,425,440
1976-10-14,103,909,103,787
1976-10-15,461,461,461,461
1976-10-16,444,586,175,354
1976-10-17,738,738,228,538
1976-10-18,212,487,144,216
1976-10-19,605,845,605,635
1976-10-20,524,896,101,702
1976-10-21,395,395,395,395
1976-10-22,348,986,348,377
1976-10-23,333,333,159,298
1976-10-24,979,979,839,938
1976-10-25,54,54,54,54
1976-10-26,241,968,235,681
1976-10-27,283,283,283,283
1976-10-28,983,983,909,960
1976-10-29,541,541,70,397
1976-10-30,708,708,209,536
1976-10-31,406,433,342,363
1976-11-01,253,634,253,611
1976-11-02,736,736,736,736
1976-11-03,329,887,329,648
1976-11-04,747,914,747,759
1976-11-05,312,542,312,335
1976-11-06,640,924,478,835
1976-11-07,480,949,169,673
1976-11-08,453,566,387,520
1976-11-09,943,943,246,771
1976-11-10,236,379,236,329
1976-11-11,758,758,415,586
1976-11-12,444,549,444,468
1976-11-13,168,943,168,680
1976-11-14,141,326,141,168
1976-11-15,775,775,365,588
1976-11-16,464,755,464,730
1976-11-17,799,799,103,117
1976-11-18,887,890,562,749
1976-11-19,965,965,496,841
1976-11-20,856,856,570,607
1976-11-21,788,788,92,544
1976-11-22,205,734,205,463
1976-11-23,547,630,547,598
1976-11-24,368,899,368,455
1976-11-25,926,926,738,781
1976-11-26,258,591,258,452
1976-11-27,265,705,60,437
1976-11-28,565,565,196,529
1976-11-29,114,332,114,189
1976-11-30,468,649,9,384
1976-12-01,416,517,416,490
1976-12-02,407,716,407,510
1976-12-03,894,894,744,827
1976-12-04,118,144,118,129
1976-12-05,577,922,577,808
1976-12-06,241,479,241,470
1976-12-07,326,487,326,428
1976-12-08,862,862,572,675
1976-12-09,441,441,441,441
1976-12-10,954,954,497,579
1976-12-11,949,949,287,661
1976-12-12,607,607,94,218
1976-12-13,267,382,267,289
1976-12-14,579,925,579,605
1976-12-15,952,952,308,442
1976-12-16,391,443,391,437
1976-12-17,317,606,78,584
1976-12-18,393,622,393,403
1976-12-19,570,653,438,623
1976-12-20,903,903,214,455
1976-12-21,630,630,469,627
1976-12-22,599,928,599,641
1976-12-23,395,395,395,395
1976-12-24,430,430,430,430
1976-12-25,250,497,250,253
1976-12-26,434,903,75,130
1976-12-27,954,954,878,901
1976-12-28,342,342,342,342
1976-12-29,735,735,735,735
1976-12-30,633,846,52,175
1976-12-31,716,716,690,710
1977-01-01,167,430,167,182
1977-01-02,449,449,66,203
1977-01-03,359,987,267,580
1977-01-04,628,628,264,459
1977-01-05,157,890,157,230
1977-01-06,201,201,201,201
1977-01-07,204,401,204,253
1977-01-08,203,338,203,251
1977-01-09,804,804,421,607
1977-01-10,33,281,33,46
1977-01-11,937,937,326,502
1977-01-12,411,411,411,411
1977-01-13,171,171,171,171
1977-01-14,678,798,635,762
1977-01-15,382,382,382,382
1977-01-16,241,964,241,657
1977-01-17,386,882,386,839
1977-01-18,112,126,112,112
1977-01-19,17,659,17,444
1977-01-20,534,832,241,526
1977-01-21,148,443,148,333
1977-01-22,24,549,24,191
1977-01-23,708,954,616,939
1977-01-24,68,71,68,71
1977-01-25,33,650,33,188
1977-01-26,635,635,635,635
1977-01-27,530,530,530,530
1977-01-28,529,976,360,729
1977-01-29,237,559,237,519
1977-01-30,501,838,227,482
1977-01-31,877,877,175,618
1977-02-01,284,284,284,284
1977-02-02,150,150,40,133
1977-02-03,635,635,635,635
1977-02-04,2,265,2,187
1977-02-05,637,741,83,187
1977-02-06,500,500,200,316
1977-02-07,788,788,788,788
1977-02-08,378,474,134,171
1977-02-09,20,600,20,207
1977-02-10,470,840,283,610
1977-02-11,575,575,575,575
1977-02-12,0,688,0,205
1977-02-13,176,176,176,176
1977-02-14,380,380,380,380
1977-02-15,710,710,710,710
1977-02-16,902,919,241,297
1977-02-17,836,836,486,645
1977-02-18,873,873,140,619
1977-02-19,545,545,504,513
1977-02-20,74,83,74,74
1977-02-21,599,763,599,710
1977-02-22,289,449,289,318
1977-02-23,151,299,121,287
1977-02-24,389,389,85,128
1977-02-25,627,908,627,843
1977-02-26,618,631,612,618
1977-02-27,563,563,67,443
1977-02-28,263,263,263,263
1977-03-01,668,668,658,664
1977-03-02,133,807,41,662
1977-03-03,144,889,144,678
1977-03-04,592,966,592,918
1977-03-05,953,953,622,689
1977-03-06,328,795,72,780
1977-03-07,901,901,291,575
1977-03-08,688,688,37,39
1977-03-09,540,540,248,442
1977-03-10,839,839,168,757
1977-03-11,479,636,479,484
1977-03-12,968,968,792,877
1977-03-13,23,179,23,65
1977-03-14,785,785,785,785
1977-03-15,359,800,359,430
1977-03-16,414,414,211,395
1977-03-17,131,790,131,454
1977-03-18,377,661,377,626
1977-03-19,762,762,552,603
1977-03-20,902,902,422,578
1977-03-21,699,829,699,820
1977-03-22,167,681,167,198
1977-03-23,523,523,123,206
1977-03-24,582,582,333,356
1977-03-25,976,976,821,836
1977-03-26,404,655,404,650
1977-03-27,68,319,68,272
1977-03-28,733,733,207,307
1977-03-29,354,521,354,376
1977-03-30,102,454,102,327
1977-03-31,43,481,43,237
1977-04-01,905,905,523,690
1977-04-02,480,480,86,282
1977-04-03,796,936,661,697
1977-04-04,152,153,12,40
1977-04-05,871,871,157,695
1977-04-06,76,852,76,293
1977-04-07,866,888,473,762
1977-04-08,405,405,405,405
1977-04-09,729,729,729,729
1977-04-10,713,713,50,417
1977-04-11,918,918,320,367
1977-04-12,285,788,165,272
1977-04-13,341,341,341,341
1977-04-14,771,942,408,699
1977-04-15,662,807,24,447
1977-04-16,434,434,434,434
1977-04-17,407,407,407,407
1977-04-18,162,998,102,636
1977-04-19,195,254,195,252
1977-04-20,610,661,541,595
1977-04-21,601,738,59,124
1977-04-22,960,960,654,781
1977-04-23,215,910,215,593
1977-04-24,908,908,740,759
1977-04-25,204,633,204,226
1977-04-26,608,608,132,434
1977-04-27,821,821,821,821
1977-04-28,675,925,157,310
1977-04-29,957,957,893,910
1977-04-30,919,919,753,839
1977-05-01,894,894,504,605
1977-05-02,199,199,199,199
1977-05-03,390,995,390,798
1977-05-04,106,546,106,307
1977-05-05,386,386,386,386
1977-05-06,767,767,0,88
1977-05-07,755,755,755,755
1977-05-08,339,565,339,438
1977-05-09,920,934,6,883
1977-05-10,653,934,314,769
1977-05-11,653,653,653,653
1977-05-12,436,436,436,436
1977-05-13,764,764,764,764
1977-05-14,382,588,382,477
1977-05-15,305,305,305,305
1977-05-16,552,933,331,755
1977-05-17,837,837,619,802
1977-05-18,872,872,367,516
1977-05-19,687,818,668,724
1977-05-20,151,338,151,290
1977-05-21,500,593,145,410
1977-05-22,931,931,85,619
1977-05-23,990,990,949,966
1977-05-24,225,905,225,810
1977-05-25,721,961,721,765
1977-05-26,756,756,756,756
1977-05-27,566,798,471,639
1977-05-28,265,265,265,265
1977-05-29,901,901,721,726
1977-05-30,59,65,59,61
1977-05-31,51,458,51,370
1977-06-01,262,262,225,262
1977-06-02,864,973,509,547
1977-06-03,405,405,405,405
1977-06-04,33,846,33,825
1977-06-05,586,586,586,586
1977-06-06,900,900,563,575
1977-06-07,65,229,65,87
1977-06-08,170,489,170,346
1977-06-09,803,803,118,648
1977-06-10,486,486,243,455
1977-06-11,505,936,505,800
1977-06-12,882,882,86,236
1977-06-13,933,933,723,895
1977-06-14,11,165,11,69
1977-06-15,380,380,380,380
1977-06-16,109,935,109,494
1977-06-17,394,677,393,587
1977-06-18,632,632,173,537
1977-06-19,583,583,359,428
1977-06-20,339,339,339,339
1977-06-21,406,406,369,392
1977-06-22,764,764,416,687
1977-06-23,210,385,210,219
1977-06-24,146,504,146,343
1977-06-25,312,979,312,420
1977-06-26,29,332,29,165
1977-06-27,417,731,247,696
1977-06-28,752,752,553,598
1977-06-29,598,598,598,598
1977-06-30,801,801,476,762
1977-07-01,195,539,195,383
1977-07-02,725,912,294,731
1977-07-03,140,955,140,475
1977-07-04,972,972,771,934
1977-07-05,422,772,422,718
1977-07-06,48,161,48,89
1977-07-07,829,829,248,257
1977-07-08,174,821,174,256
1977-07-09,967,967,307,526
1977-07-10,850,999,292,759
1977-07-11,313,800,313,659
1977-07-12,716,716,509,514
1977-07-13,527,690,527,563
1977-07-14,827,879,192,386
1977-07-15,974,974,183,393
1977-07-16,567,947,567,730
1977-07-17,773,891,424,554
1977-07-18,797,797,586,598
1977-07-19,455,786,455,553
1977-07-20,769,769,252,755
1977-07-21,764,764,36,163
1977-07-22,633,633,295,397
1977-07-23,398,398,398,398
1977-07-24,105,715,105,259
1977-07-25,330,927,330,740
1977-07-26,397,397,397,397
1977-07-27,850,850,474,671
1977-07-28,376,454,163,205
1977-07-29,728,728,728,728
1977-07-30,906,906,292,364
1977-07-31,988,988,761,919
1977-08-01,26,468,26,388
1977-08-02,750,750,652,731
1977-08-03,297,297,297,297
1977-08-04,624,864,593,700
1977-08-05,843,843,113,708
1977-08-06,802,865,364,848
1977-08-07,886,886,886,886
1977-08-08,391,468,391,394
1977-08-09,566,566,566,566
1977-08-10,717,717,593,672
1977-08-11,265,755,265,646
1977-08-12,735,735,681,698
1977-08-13,439,606,439,596
1977-08-14,895,895,706,723
1977-08-15,824,833,39,286
1977-08-16,487,932,487,661
1977-08-17,266,283,14,78
1977-08-18,607,607,118,458
1977-08-19,702,877,265,864
1977-08-20,206,730,206,285
1977-08-21,112,252,112,114
1977-08-22,760,760,410,624
1977-08-23,857,857,472,767
1977-08-24,363,363,363,363
1977-08-25,953,953,714,847
1977-08-26,318,851,318,685
1977-08-27,68,791,68,149
1977-08-28,467,904,467,590
1977-08-29,266,266,266,266
1977-08-30,958,958,914,953
1977-08-31,193,262,146,247
1977-09-01,901,901,747,900
1977-09-02,822,822,302,713
1977-09-03,550,873,254,478
1977-09-04,89,791,89,120
1977-09-05,100,100,100,100
1977-09-06,840,957,75,889
1977-09-07,462,906,249,608
1977-09-08,496,763,496,624
1977-09-09,713,840,212,457
1977-09-10,532,532,532,532
1977-09-11,860,860,0,248
1977-09-12,938,938,441,635
1977-09-13,604,704,604,681
1977-09-14,324,643,324,335
1977-09-15,890,890,291,446
1977-09-16,701,893,495,774
1977-09-17,96,255,96,156
1977-09-18,295,804,295,636
1977-09-19,883,883,99,316
1977-09-20,318,966,318,920
1977-09-21,253,629,95,523
1977-09-22,777,831,300,436
1977-09-23,354,910,354,806
1977-09-24,367,883,80,361
1977-09-25,762,762,293,676
1977-09-26,291,973,290,433
1977-09-27,80,917,80,556
1977-09-28,244,839,244,387
1977-09-29,4,691,4,191
1977-09-30,230,474,230,450
1977-10-01,702,702,511,516
1977-10-02,995,995,666,755
1977-10-03,588,588,588,588
1977-10-04,848,848,256,386
1977-10-05,512,512,353,505
1977-10-06,96,523,59,162
1977-10-07,725,871,725,726
1977-10-08,470,984,470,847
1977-10-09,297,297,297,297
1977-10-10,789,789,214,573
1977-10-11,190,496,190,477
1977-10-12,119,879,119,292
1977-10-13,514,514,444,469
1977-10-14,340,340,46,284
1977-10-15,729,729,505,598
1977-10-16,945,945,39,125
1977-10-17,653,807,382,641
1977-10-18,214,474,214,245
1977-10-19,369,969,369,454
1977-10-20,637,717,637,717
1977-10-21,242,242,242,242
1977-10-22,745,745,180,409
1977-10-23,316,839,206,461
1977-10-24,899,899,740,764
1977-10-25,321,495,321,458
1977-10-26,737,737,533,614
1977-10-27,783,783,783,783
1977-10-28,738,738,730,732
1977-10-29,798,798,609,649
1977-10-30,795,795,567,610
1977-10-31,79,137,79,88
1977-11-01,356,819,356,531
1977-11-02,796,796,25,614
1977-11-03,981,981,588,628
1977-11-04,739,739,739,739
1977-11-05,200,734,200,436
1977-11-06,418,791,418,546
1977-11-07,895,964,743,881
1977-11-08,322,913,322,369
1977-11-09,520,892,520,775
1977-11-10,165,165,165,165
1977-11-11,313,340,25,309
1977-11-12,471,471,471,471
1977-11-13,180,867,180,318
1977-11-14,78,266,78,226
1977-11-15,370,626,208,263
1977-11-16,489,673,489,642
1977-11-17,604,776,540,597
1977-11-18,624,946,624,681
1977-11-19,768,768,228,656
1977-11-20,979,979,454,779
1977-11-21,471,471,471,471
1977-11-22,696,876,318,529
1977-11-23,493,493,140,278
1977-11-24,844,844,675,778
1977-11-25,876,876,850,872
1977-11-26,415,421,415,416
1977-11-27,166,654,166,636
1977-11-28,671,967,427,938
1977-11-29,650,650,650,650
1977-11-30,686,686,686,686
1977-12-01,798,798,224,392
1977-12-02,650,995,127,692
1977-12-03,527,755,300,618
1977-12-04,545,545,485,503
1977-12-05,430,430,430,430
1977-12-06,807,887,70,423
1977-12-07,590,590,210,440
1977-12-08,630,630,131,241
1977-12-09,769,769,769,769
1977-12-10,39,935,39,611
1977-12-11,823,823,117,773
1977-12-12,719,721,342,373
1977-12-13,545,545,407,440
1977-12-14,66,66,66,66
1977-12-15,318,835,41,285
1977-12-16,806,806,327,368
1977-12-17,49,90,49,82
1977-12-18,755,755,743,751
1977-12-19,219,219,219,219
1977-12-20,56,908,56,786
1977-12-21,505,505,505,505
1977-12-22,54,629,54,569
1977-12-23,262,442,262,427
1977-12-24,26,459,26,43
1977-12-25,718,842,718,842
1977-12-26,334,657,180,334
1977-12-27,116,610,116,167
1977-12-28,223,619,223,479
1977-12-29,140,367,140,179
1977-12-30,789,789,584,682
1977-12-31,451,451,451,451
1978-01-01,959,959,537,610
1978-01-02,8,359,8,70
1978-01-03,131,292,91,197
1978-01-04,960,960,34,402
1978-01-05,871,871,363,495
1978-01-06,240,285,240,274
1978-01-07,573,808,94,705
1978-01-08,634,634,154,350
1978-01-09,430,613,430,474
1978-01-10,929,929,26,51
1978-01-11,533,533,533,533
1978-01-12,563,563,117,513
1978-01-13,981,981,299,398
1978-01-14,1,762,1,59
1978-01-15,974,974,215,805
1978-01-16,604,604,594,596
1978-01-17,47,321,47,299
1978-01-18,505,959,276,861
1978-01-19,722,722,162,460
1978-01-20,680,680,354,663
1978-01-21,899,899,626,838
1978-01-22,735,735,310,611
1978-01-23,152,475,152,312
1978-01-24,913,913,438,511
1978-01-25,623,623,401,549
1978-01-26,520,520,273,450
1978-01-27,276,775,276,442
1978-01-28,569,569,569,569
1978-01-29,270,773,270,362
1978-01-30,996,996,51,660
1978-01-31,471,867,471,567
1978-02-01,568,568,211,509
1978-02-02,213,267,213,246
1978-02-03,998,998,991,996
1978-02-04,14,680,14,16
1978-02-05,850,850,835,843
1978-02-06,101,236,101,106
1978-02-07,168,386,168,256
1978-02-08,577,577,315,368
1978-02-09,751,751,509,698
1978-02-10,953,953,104,871
1978-02-11,321,790,254,744
1978-02-12,391,547,391,504
1978-02-13,365,365,365,365
1978-02-14,592,592,592,592
1978-02-15,309,780,272,471
1978-02-16,592,592,474,499
1978-02-17,188,769,188,466
1978-02-18,8,582,8,567
1978-02-19,393,739,393,497
1978-02-20,68,933,68,899
1978-02-21,675,675,486,532
1978-02-22,720,720,720,720
1978-02-23,743,952,467,587
1978-02-24,882,901,743,755
1978-02-25,539,650,386,626
1978-02-26,586,596,82,311
1978-02-27,526,526,219,491
1978-02-28,181,808,181,188
1978-03-01,884,884,884,884
1978-03-02,636,636,405,620
1978-03-03,851,851,802,803
1978-03-04,396,963,297,703
1978-03-05,745,992,302,874
1978-03-06,457,476,457,466
1978-03-07,550,550,69,494
1978-03-08,808,808,260,782
1978-03-09,0,154,0,2
1978-03-10,230,411,230,329
1978-03-11,631,724,631,685
1978-03-12,175,953,175,943
1978-03-13,599,599,501,552
1978-03-14,262,462,262,331
1978-03-15,832,832,419,450
1978-03-16,665,680,359,486
1978-03-17,218,231,218,218
1978-03-18,32,976,32,280
1978-03-19,646,937,365,818
1978-03-20,316,790,192,212
1978-03-21,551,551,551,551
1978-03-22,779,779,231,294
1978-03-23,40,543,40,131
1978-03-24,47,47,47,47
1978-03-25,65,795,65,675
1978-03-26,619,817,619,793
1978-03-27,457,457,457,457
1978-03-28,790,790,399,439
1978-03-29,914,914,384,886
1978-03-30,322,596,322,341
1978-03-31,982,982,367,938
1978-04-01,822,822,649,813
1978-04-02,407,851,407,614
1978-04-03,762,762,96,599
1978-04-04,543,543,543,543
1978-04-05,679,743,336,740
1978-04-06,554,857,202,373
1978-04-07,193,979,50,819
1978-04-08,620,751,572,590
1978-04-09,517,561,517,548
1978-04-10,990,990,62,172
1978-04-11,800,997,800,903
1978-04-12,658,658,6,562
1978-04-13,54,698,54,623
1978-04-14,785,785,147,272
1978-04-15,51,228,51,109
1978-04-16,991,991,676,788
1978-04-17,793,793,504,746
1978-04-18,639,639,67,523
1978-04-19,967,967,675,943
1978-04-20,602,602,602,602
1978-04-21,901,901,411,832
1978-04-22,890,890,418,861
1978-04-23,125,138,125,129
1978-04-24,988,988,140,412
1978-04-25,748,748,748,748
1978-04-26,288,426,288,304
1978-04-27,815,815,489,621
1978-04-28,8,73,8,51
1978-04-29,862,862,862,862
1978-04-30,616,616,348,461
1978-05-01,321,321,177,203
1978-05-02,307,586,307,443
1978-05-03,132,326,132,310
1978-05-04,455,455,455,455
1978-05-05,130,865,130,275
1978-05-06,404,456,404,420
1978-05-07,17,782,17,351
1978-05-08,220,910,187,570
1978-05-09,164,789,17,562
1978-05-10,127,952,127,598
1978-05-11,344,629,344,512
1978-05-12,521,719,521,689
1978-05-13,943,943,910,933
1978-05-14,5,919,5,520
1978-05-15,439,563,439,474
1978-05-16,687,862,371,646
1978-05-17,466,930,248,861
1978-05-18,237,580,237,475
1978-05-19,890,890,753,864
1978-05-20,985,985,68,377
1978-05-21,205,209,205,206
1978-05-22,190,871,7,519
1978-05-23,319,372,124,232
1978-05-24,281,281,79,248
1978-05-25,211,899,117,365
1978-05-26,395,534,395,419
1978-05-27,538,538,192,249
1978-05-28,748,748,748,748
1978-05-29,321,321,321,321
1978-05-30,752,752,370,558
1978-05-31,137,823,81,375
1978-06-01,249,249,249,249
1978-06-02,936,936,10,228
1978-06-03,54,877,54,199
1978-06-04,545,545,545,545
1978-06-05,974,974,551,843
1978-06-06,97,522,97,299
1978-06-07,768,768,257,682
1978-06-08,870,870,598,605
1978-06-09,209,209,60,77
1978-06-10,429,770,339,348
1978-06-11,123,842,123,197
1978-06-12,826,826,551,821
1978-06-13,983,983,164,622
1978-06-14,713,713,100,673
1978-06-15,534,625,534,624
1978-06-16,823,823,305,600
1978-06-17,252,799,252,583
1978-06-18,124,842,124,555
1978-06-19,169,169,169,169
1978-06-20,358,448,358,402
1978-06-21,474,474,474,474
1978-06-22,790,790,681,692
1978-06-23,576,962,99,637
1978-06-24,640,640,314,357
1978-06-25,558,558,168,171
1978-06-26,923,923,445,526
1978-06-27,761,761,567,655
1978-06-28,693,693,487,623
1978-06-29,99,288,99,211
1978-06-30,687,687,687,687
1978-07-01,685,855,295,838
1978-07-02,158,588,158,347
1978-07-03,694,694,694,694
1978-07-04,572,572,546,567
1978-07-05,79,656,79,232
1978-07-06,329,329,329,329
1978-07-07,308,308,115,239
1978-07-08,208,208,208,208
1978-07-09,396,396,384,394
1978-07-10,245,694,245,350
1978-07-11,116,528,116,524
1978-07-12,71,71,71,71
1978-07-13,230,230,230,230
1978-07-14,740,740,740,740
1978-07-15,848,848,700,745
1978-07-16,301,472,301,440
1978-07-17,398,398,398,398
1978-07-18,214,821,147,303
1978-07-19,239,239,133,182
1978-07-20,139,989,139,752
1978-07-21,834,834,678,824
1978-07-22,634,634,309,337
1978-07-23,983,983,977,977
1978-07-24,211,999,211,538
1978-07-25,878,878,261,515
1978-07-26,774,774,114,202
1978-07-27,546,546,546,546
1978-07-28,529,727,59,556
1978-07-29,610,610,267,562
1978-07-30,367,561,39,470
1978-07-31,326,326,326,326
1978-08-01,887,887,64,243
1978-08-02,343,506,343,383
1978-08-03,279,912,279,872
1978-08-04,945,945,263,726
1978-08-05,615,615,615,615
1978-08-06,725,774,255,492
1978-08-07,263,422,263,279
1978-08-08,286,591,286,483
1978-08-09,263,263,263,263
1978-08-10,215,215,215,215
1978-08-11,73,390,73,329
1978-08-12,16,724,16,671
1978-08-13,784,784,501,617
1978-08-14,261,524,261,345
1978-08-15,567,625,460,603
1978-08-16,623,817,623,788
1978-08-17,730,896,730,780
1978-08-18,438,767,438,606
1978-08-19,498,661,231,653
1978-08-20,264,264,54,212
1978-08-21,991,991,907,940
1978-08-22,331,559,331,518
1978-08-23,179,179,28,83
1978-08-24,436,967,175,588
1978-08-25,743,788,450,477
1978-08-26,28,28,28,28
1978-08-27,623,623,89,104
1978-08-28,918,918,223,273
1978-08-29,664,664,89,408
1978-08-30,431,431,183,410
1978-08-31,458,458,458,458
1978-09-01,102,102,102,102
1978-09-02,453,561,268,323
1978-09-03,502,502,502,502
1978-09-04,954,954,230,934
1978-09-05,916,916,916,916
1978-09-06,161,235,161,171
1978-09-07,169,658,169,467
1978-09-08,52,966,52,736
1978-09-09,593,593,385,517
1978-09-10,735,735,319,691
1978-09-11,268,268,268,268
1978-09-12,125,625,125,286
1978-09-13,876,876,220,568
1978-09-14,566,914,566,877
1978-09-15,801,801,474,762
1978-09-16,267,714,267,408
1978-09-17,927,927,310,554
1978-09-18,700,700,700,700
1978-09-19,462,462,249,412
1978-09-20,966,966,632,814
1978-09-21,925,925,799,816
1978-09-22,916,916,340,575
1978-09-23,603,603,220,363
1978-09-24,447,814,447,662
1978-09-25,881,881,152,516
1978-09-26,127,364,127,205
1978-09-27,720,720,25,266
1978-09-28,867,867,775,808
1978-09-29,302,431,58,267
1978-09-30,293,798,293,415
1978-10-01,210,745,210,511
1978-10-02,51,760,51,556
1978-10-03,200,860,200,806
1978-10-04,158,253,158,211
1978-10-05,709,709,709,709
1978-10-06,414,875,126,229
1978-10-07,88,88,88,88
1978-10-08,430,472,152,355
1978-10-09,274,311,274,304
1978-10-10,262,570,245,451
1978-10-11,251,840,251,300
1978-10-12,37,461,37,207
1978-10-13,582,970,513,630
1978-10-14,653,653,653,653
1978-10-15,375,489,375,418
1978-10-16,360,360,360,360
1978-10-17,731,731,232,685
1978-10-18,570,879,90,725
1978-10-19,328,328,241,298
1978-10-20,465,465,465,465
1978-10-21,25,907,25,116
1978-10-22,743,743,743,743
1978-10-23,831,831,141,576
1978-10-24,620,620,410,451
1978-10-25,416,416,416,416
1978-10-26,810,810,323,516
1978-10-27,759,982,305,868
1978-10-28,132,449,132,435
1978-10-29,818,956,472,649
1978-10-30,77,957,77,81
1978-10-31,468,545,468,496
1978-11-01,169,625,169,597
1978-11-02,12,191,12,104
1978-11-03,222,738,222,441
1978-11-04,395,637,395,439
1978-11-05,64,64,64,64
1978-11-06,31,233,31,62
1978-11-07,771,771,42,701
1978-11-08,704,831,302,406
1978-11-09,832,911,832,896
1978-11-10,947,947,887,927
1978-11-11,120,939,120,791
1978-11-12,156,156,156,156
1978-11-13,990,990,191,736
1978-11-14,345,537,345,362
1978-11-15,812,812,736,741
1978-11-16,252,252,94,121
1978-11-17,523,617,523,603
1978-11-18,741,741,171,693
1978-11-19,264,953,107,427
1978-11-20,513,652,377,491
1978-11-21,156,210,156,205
1978-11-22,357,357,357,357
1978-11-23,995,995,500,845
1978-11-24,149,689,149,396
1978-11-25,325,638,325,422
1978-11-26,396,737,396,532
1978-11-27,68,575,68,501
1978-11-28,313,623,313,442
1978-11-29,541,674,65,436
1978-11-30,447,447,81,189
1978-12-01,788,922,743,841
1978-12-02,850,850,791,830
1978-12-03,854,854,582,694
1978-12-04,694,694,607,626
1978-12-05,284,629,284,316
1978-12-06,670,670,647,662
1978-12-07,612,612,612,612
1978-12-08,541,541,541,541
1978-12-09,58,616,58,431
1978-12-10,401,401,370,395
1978-12-11,937,937,151,252
1978-12-12,88,700,88,206
1978-12-13,558,732,235,515
1978-12-14,82,166,82,104
1978-12-15,203,761,2,648
1978-12-16,339,557,159,179
1978-12-17,834,886,504,616
1978-12-18,786,786,124,751
1978-12-19,891,957,399,665
1978-12-20,715,715,98,558
1978-12-21,249,863,249,552
1978-12-22,737,739,260,681
1978-12-23,400,968,400,901
1978-12-24,314,694,314,347
1978-12-25,666,861,236,579
1978-12-26,861,861,848,858
1978-12-27,83,347,83,245
1978-12-28,302,682,302,599
1978-12-29,136,136,136,136
1978-12-30,17,718,17,109
1978-12-31,405,926,405,754
1979-01-01,811,811,811,811
1979-01-02,314,880,314,635
1979-01-03,196,366,196,327
1979-01-04,236,538,236,472
1979-01-05,534,534,278,350
1979-01-06,510,510,510,510
1979-01-07,124,603,17,390
1979-01-08,954,954,295,887
1979-01-09,786,786,614,667
1979-01-10,160,227,160,220
1979-01-11,90,489,90,320
1979-01-12,450,725,178,393
1979-01-13,682,682,609,618
1979-01-14,775,973,775,969
1979-01-15,726,726,231,615
1979-01-16,819,819,679,797
1979-01-17,560,560,173,211
1979-01-18,758,758,207,673
1979-01-19,734,734,243,565
1979-01-20,913,913,222,278
1979-01-21,963,963,418,539
1979-01-22,864,930,38,620
1979-01-23,419,419,316,407
1979-01-24,595,595,595,595
1979-01-25,764,764,764,764
1979-01-26,647,925,246,866
1979-01-27,58,886,58,365
1979-01-28,119,425,119,219
1979-01-29,675,828,674,820
1979-01-30,852,852,631,642
1979-01-31,59,847,59,627
1979-02-01,805,805,785,796
1979-02-02,372,398,372,390
1979-02-03,473,473,473,473
1979-02-04,502,502,3,267
1979-02-05,139,139,139,139
1979-02-06,863,863,421,839
1979-02-07,415,823,415,656
1979-02-08,148,207,12,31
1979-02-09,808,808,251,722
1979-02-10,426,656,426,617
1979-02-11,698,698,113,616
1979-02-12,55,671,55,604
1979-02-13,600,795,600,702
1979-02-14,373,557,373,402
1979-02-15,517,852,72,334
1979-02-16,688,757,590,756
1979-02-17,43,43,43,43
1979-02-18,254,254,101,200
1979-02-19,653,987,653,835
1979-02-20,271,271,0,162
1979-02-21,52,526,52,484
1979-02-22,289,966,289,593
1979-02-23,33,433,33,69
1979-02-24,920,920,450,557
1979-02-25,445,980,445,726
1979-02-26,62,875,62,771
1979-02-27,724,724,249,660
1979-02-28,631,870,455,545
1979-03-01,445,445,445,445
1979-03-02,353,564,353,481
1979-03-03,475,998,475,636
1979-03-04,364,862,364,416
1979-03-05,543,543,195,527
1979-03-06,333,964,333,934
1979-03-07,380,380,107,130
1979-03-08,701,897,243,275
1979-03-09,687,687,572,601
1979-03-10,986,986,333,943
1979-03-11,365,491,365,478
1979-03-12,65,922,65,553
1979-03-13,348,348,313,316
1979-03-14,493,493,229,294
1979-03-15,522,522,95,255
1979-03-16,92,554,92,264
1979-03-17,738,738,586,725
1979-03-18,64,768,64,330
1979-03-19,706,903,265,764
1979-03-20,635,635,306,579
1979-03-21,794,794,794,794
1979-03-22,281,714,281,538
1979-03-23,431,431,155,186
1979-03-24,43,128,43,119
1979-03-25,540,948,339,434
1979-03-26,98,525,5,193
1979-03-27,311,311,99,235
1979-03-28,675,675,343,380
1979-03-29,198,200,130,169
1979-03-30,943,943,539,597
1979-03-31,601,734,12,284
1979-04-01,131,272,131,133
1979-04-02,329,380,329,359
1979-04-03,190,969,190,227
1979-04-04,861,861,136,798
1979-04-05,561,561,501,549
1979-04-06,764,764,318,645
1979-04-07,542,542,359,526
1979-04-08,20,29,20,21
1979-04-09,54,975,54,390
1979-04-10,724,795,724,765
1979-04-11,63,781,63,428
1979-04-12,784,784,633,701
1979-04-13,144,144,144,144
1979-04-14,530,530,219,505
1979-04-15,265,265,265,265
1979-04-16,284,782,284,707
1979-04-17,903,903,442,552
1979-04-18,124,682,124,200
1979-04-19,84,666,84,493
1979-04-20,231,281,231,277
1979-04-21,989,989,164,229
1979-04-22,424,618,424,435
1979-04-23,672,672,672,672
1979-04-24,200,901,180,407
1979-04-25,461,955,461,654
1979-04-26,115,453,115,423
1979-04-27,337,337,210,227
1979-04-28,599,693,553,661
1979-04-29,174,261,174,237
1979-04-30,511,726,511,534
1979-05-01,28,736,28,674
1979-05-02,615,615,615,615
1979-05-03,466,466,466,466
1979-05-04,893,893,204,858
1979-05-05,26,898,26,323
1979-05-06,637,637,637,637
1979-05-07,532,532,63,283
1979-05-08,939,939,219,332
1979-05-09,608,608,50,374
1979-05-10,123,123,123,123
1979-05-11,857,857,496,642
1979-05-12,236,790,236,392
1979-05-13,192,820,192,247
1979-05-14,779,779,364,535
1979-05-15,79,599,79,189
1979-05-16,230,819,91,586
1979-05-17,373,484,373,448
1979-05-18,201,566,201,204
1979-05-19,527,872,486,611
1979-05-20,596,596,378,419
1979-05-21,880,880,521,868
1979-05-22,691,691,362,649
1979-05-23,832,832,317,663
1979-05-24,835,835,316,757
1979-05-25,641,641,406,633
1979-05-26,175,714,175,617
1979-05-27,278,889,278,703
1979-05-28,831,831,622,829
1979-05-29,989,989,932,934
1979-05-30,45,592,45,261
1979-05-31,273,273,273,273
1979-06-01,37,968,37,461
1979-06-02,989,989,951,966
1979-06-03,541,541,541,541
1979-06-04,967,967,676,739
1979-06-05,273,594,273,333
1979-06-06,414,713,281,337
1979-06-07,172,406,172,397
1979-06-08,997,997,310,988
1979-06-09,701,899,414,817
1979-06-10,443,443,436,437
1979-06-11,300,300,300,300
1979-06-12,120,840,27,749
1979-06-13,721,841,721,748
1979-06-14,852,852,142,395
1979-06-15,375,865,114,337
1979-06-16,764,764,47,234
1979-06-17,323,460,323,332
1979-06-18,794,794,794,794
1979-06-19,129,487,129,364
1979-06-20,267,267,267,267
1979-06-21,645,645,7,556
1979-06-22,552,810,383,395
1979-06-23,287,580,287,346
1979-06-24,601,601,321,522
1979-06-25,187,691,187,204
1979-06-26,807,807,788,790
1979-06-27,879,879,53,376
1979-06-28,35,482,35,481
1979-06-29,881,881,382,671
1979-06-30,654,654,654,654
1979-07-01,111,515,111,463
1979-07-02,974,974,740,911
1979-07-03,944,998,836,949
1979-07-04,669,669,36,363
1979-07-05,887,887,541,810
1979-07-06,906,976,906,966
1979-07-07,405,473,141,257
1979-07-08,436,564,197,462
1979-07-09,574,574,279,518
1979-07-10,6,863,6,351
1979-07-11,866,982,275,934
1979-07-12,369,369,369,369
1979-07-13,239,793,239,350
1979-07-14,277,388,15,385
1979-07-15,259,407,259,394
1979-07-16,975,975,165,187
1979-07-17,713,713,62,416
1979-07-18,184,435,184,268
1979-07-19,871,943,493,507
1979-07-20,359,359,359,359
1979-07-21,747,747,186,325
1979-07-22,871,871,200,343
1979-07-23,216,409,216,364
1979-07-24,309,309,309,309
1979-07-25,125,876,125,155
1979-07-26,42,412,42,62
1979-07-27,223,928,223,572
1979-07-28,876,876,636,686
1979-07-29,745,854,459,574
1979-07-30,742,742,383,594
1979-07-31,239,743,239,653
1979-08-01,228,228,228,228
1979-08-02,430,935,430,625
1979-08-03,915,915,484,664
1979-08-04,435,435,155,396
1979-08-05,156,636,156,619
1979-08-06,80,627,80,290
1979-08-07,61,409,61,396
1979-08-08,721,721,708,715
1979-08-09,280,306,280,288
1979-08-10,902,902,212,878
1979-08-11,844,967,359,481
1979-08-12,125,457,125,178
1979-08-13,296,909,296,710
1979-08-14,0,257,0,138
1979-08-15,727,727,727,727
1979-08-16,63,942,6,334
1979-08-17,0,365,0,306
1979-08-18,91,506,91,204
1979-08-19,174,522,174,426
1979-08-20,794,794,636,786
1979-08-21,470,868,470,479
1979-08-22,359,609,284,425
1979-08-23,587,587,587,587
1979-08-24,418,418,229,405
1979-08-25,156,648,156,210
1979-08-26,153,557,153,450
1979-08-27,394,660,178,283
1979-08-28,879,879,250,310
1979-08-29,938,938,18,59
1979-08-30,245,659,245,435
1979-08-31,942,942,712,731
1979-09-01,339,561,41,67
1979-09-02,830,830,830,830
1979-09-03,78,412,55,161
1979-09-04,651,651,613,632
1979-09-05,260,334,260,326
1979-09-06,399,996,27,359
1979-09-07,303,367,303,311
1979-09-08,748,748,649,710
1979-09-09,826,826,650,655
1979-09-10,157,314,121,236
1979-09-11,397,397,397,397
1979-09-12,690,763,690,700
1979-09-13,445,445,312,362
1979-09-14,216,379,216,341
1979-09-15,249,274,237,252
1979-09-16,125,309,119,232
1979-09-17,182,741,182,726
1979-09-18,581,995,426,788
1979-09-19,580,880,580,740
1979-09-20,308,308,181,286
1979-09-21,573,789,1,132
1979-09-22,893,893,6,228
1979-09-23,671,671,671,671
1979-09-24,51,140,51,101
1979-09-25,776,776,325,719
1979-09-26,914,914,814,852
1979-09-27,918,918,874,876
1979-09-28,949,949,809,904
1979-09-29,693,968,21,645
1979-09-30,462,462,279,312
1979-10-01,744,744,744,744
1979-10-02,404,404,81,296
1979-10-03,864,864,864,864
1979-10-04,92,898,92,110
1979-10-05,614,756,614,740
1979-10-06,787,787,440,592
1979-10-07,113,973,113,905
1979-10-08,607,982,607,728
1979-10-09,818,818,70,411
1979-10-10,922,922,508,656
1979-10-11,479,727,479,493
1979-10-12,175,766,175,514
1979-10-13,138,637,138,256
1979-10-14,621,621,165,229
1979-10-15,293,293,293,293
1979-10-16,346,888,346,784
1979-10-17,141,922,141,650
1979-10-18,379,736,295,598
1979-10-19,282,673,282,469
1979-10-20,69,143,69,137
1979-10-21,719,827,719,761
1979-10-22,683,683,683,683
1979-10-23,609,999,609,639
1979-10-24,587,587,397,462
1979-10-25,45,625,45,509
1979-10-26,703,748,703,742
1979-10-27,298,373,156,346
1979-10-28,590,590,481,552
1979-10-29,951,951,88,357
1979-10-30,163,740,163,265
1979-10-31,913,913,264,908
1979-11-01,624,624,624,624
1979-11-02,631,688,167,446
1979-11-03,761,761,398,452
1979-11-04,496,893,496,578
1979-11-05,890,890,761,873
1979-11-06,119,144,119,136
1979-11-07,809,809,12,526
1979-11-08,75,336,75,282
1979-11-09,59,540,59,183
1979-11-10,558,690,558,654
1979-11-11,151,858,151,771
1979-11-12,955,955,624,695
1979-11-13,840,840,78,452
1979-11-14,270,270,270,270
1979-11-15,885,897,235,802
1979-11-16,209,938,209,634
1979-11-17,509,571,364,427
1979-11-18,20,508,20,363
1979-11-19,265,585,265,469
1979-11-20,700,700,502,591
1979-11-21,302,621,302,307
1979-11-22,187,187,7,38
1979-11-23,62,243,62,196
1979-11-24,148,516,148,384
1979-11-25,179,365,179,342
1979-11-26,802,802,455,581
1979-11-27,792,792,111,310
1979-11-28,208,208,208,208
1979-11-29,310,310,310,310
1979-11-30,321,390,321,377
1979-12-01,593,593,593,593
1979-12-02,604,755,604,660
1979-12-03,801,801,801,801
1979-12-04,619,619,619,619
1979-12-05,536,536,536,536
1979-12-06,779,779,325,684
1979-12-07,870,870,726,869
1979-12-08,878,878,541,771
1979-12-09,312,312,312,312
1979-12-10,400,622,217,575
1979-12-11,83,83,83,83
1979-12-12,647,647,647,647
1979-12-13,336,405,336,378
1979-12-14,555,995,555,805
1979-12-15,645,645,333,395
1979-12-16,809,809,809,809
1979-12-17,526,793,526,643
1979-12-18,861,861,16,222
1979-12-19,390,643,11,67
1979-12-20,535,564,535,537
1979-12-21,436,436,231,266
1979-12-22,255,255,255,255
1979-12-23,350,858,350,518
1979-12-24,161,256,161,238
1979-12-25,328,794,328,616
1979-12-26,250,901,250,588
1979-12-27,628,628,557,594
1979-12-28,658,658,190,570
1979-12-29,208,796,208,393
1979-12-30,343,761,281,690
1979-12-31,753,753,607,752
1980-01-01,638,930,217,595
1980-01-02,257,701,257,494
1980-01-03,571,571,571,571
1980-01-04,34,710,34,674
1980-01-05,463,938,463,780
1980-01-06,559,860,34,181
1980-01-07,959,959,145,626
1980-01-08,642,642,642,642
1980-01-09,472,977,472,855
1980-01-10,722,722,678,688
1980-01-11,350,350,350,350
1980-01-12,391,391,13,286
1980-01-13,132,177,34,122
1980-01-14,42,128,42,49
1980-01-15,267,873,47,453
1980-01-16,723,723,618,697
1980-01-17,523,523,523,523
1980-01-18,130,130,130,130
1980-01-19,804,804,804,804
1980-01-20,938,938,203,496
1980-01-21,287,287,101,210
1980-01-22,429,812,429,447
1980-01-23,631,631,28,409
1980-01-24,72,283,72,123
1980-01-25,943,943,453,826
1980-01-26,147,147,147,147
1980-01-27,971,971,330,438
1980-01-28,203,955,28,861
1980-01-29,389,581,389,396
1980-01-30,833,833,89,284
1980-01-31,160,160,160,160
1980-02-01,446,446,5,263
1980-02-02,926,926,226,359
1980-02-03,920,920,492,538
1980-02-04,780,780,57,278
1980-02-05,283,367,283,323
1980-02-06,968,968,801,942
1980-02-07,491,873,167,242
1980-02-08,868,868,232,416
1980-02-09,571,580,34,239
1980-02-10,875,875,44,823
1980-02-11,945,945,299,508
1980-02-12,684,979,609,756
1980-02-13,875,955,448,610
1980-02-14,755,755,701,746
1980-02-15,472,866,472,757
1980-02-16,863,863,17,278
1980-02-17,476,476,476,476
1980-02-18,423,423,386,387
1980-02-19,642,642,181,359
1980-02-20,987,987,939,959
1980-02-21,357,357,357,357
1980-02-22,193,504,193,236
1980-02-23,527,527,527,527
1980-02-24,168,168,29,30
1980-02-25,931,931,630,885
1980-02-26,134,619,134,218
1980-02-27,779,841,670,789
1980-02-28,307,307,307,307
1980-02-29,937,937,656,903
1980-03-01,398,581,398,446
1980-03-02,436,658,436,446
1980-03-03,46,899,46,647
1980-03-04,267,707,267,345
1980-03-05,599,599,587,599
1980-03-06,687,687,445,511
1980-03-07,786,786,620,637
1980-03-08,499,499,499,499
1980-03-09,239,639,239,517
1980-03-10,453,764,453,554
1980-03-11,564,694,513,646
1980-03-12,800,800,423,609
1980-03-13,121,362,121,231
1980-03-14,826,826,91,704
1980-03-15,285,577,204,232
1980-03-16,923,923,841,856
1980-03-17,174,669,174,231
1980-03-18,71,954,71,365
1980-03-19,841,841,748,824
1980-03-20,6,210,6,188
1980-03-21,830,830,138,762
1980-03-22,817,817,485,663
1980-03-23,397,710,397,403
1980-03-24,837,837,234,428
1980-03-25,758,758,396,663
1980-03-26,4,759,4,256
1980-03-27,357,357,98,253
1980-03-28,886,886,773,877
1980-03-29,703,745,703,740
1980-03-30,195,718,195,686
1980-03-31,745,996,139,695
1980-04-01,477,477,159,388
1980-04-02,805,805,697,774
1980-04-03,702,702,702,702
1980-04-04,377,377,143,325
1980-04-05,862,898,81,337
1980-04-06,629,902,481,482
1980-04-07,657,657,265,436
1980-04-08,28,580,28,545
1980-04-09,92,482,92,418
1980-04-10,888,888,500,801
1980-04-11,14,267,14,52
1980-04-12,518,518,74,152
1980-04-13,551,784,202,457
1980-04-14,440,440,440,440
1980-04-15,694,694,454,495
1980-04-16,998,998,745,862
1980-04-17,221,920,221,769
1980-04-18,379,857,379,685
1980-04-19,293,616,293,606
1980-04-20,154,202,154,193
1980-04-21,567,634,488,540
1980-04-22,717,717,199,444
1980-04-23,585,950,396,843
1980-04-24,427,427,427,427
1980-04-25,709,709,85,402
1980-04-26,873,873,486,769
1980-04-27,270,852,270,696
1980-04-28,383,383,383,383
1980-04-29,137,281,137,249
1980-04-30,402,947,305,610
1980-05-01,249,249,249,249
1980-05-02,750,750,34,151
1980-05-03,849,849,268,522
1980-05-04,128,430,128,320
1980-05-05,54,569,54,357
1980-05-06,116,989,116,872
1980-05-07,35,217,35,200
1980-05-08,999,999,980,988
1980-05-09,700,700,700,700
1980-05-10,801,801,764,789
1980-05-11,838,838,432,725
1980-05-12,998,998,55,818
1980-05-13,253,301,253,264
1980-05-14,875,875,68,320
1980-05-15,534,534,150,200
1980-05-16,353,353,353,353
1980-05-17,507,994,507,831
1980-05-18,687,687,687,687
1980-05-19,533,649,271,328
1980-05-20,971,971,587,886
1980-05-21,295,449,295,423
1980-05-22,573,573,573,573
1980-05-23,973,973,727,792
1980-05-24,81,588,81,258
1980-05-25,543,684,543,586
1980-05-26,836,836,719,723
1980-05-27,873,873,454,785
1980-05-28,89,92,89,89
1980-05-29,643,938,317,671
1980-05-30,142,144,142,143
1980-05-31,371,596,371,462
1980-06-01,54,515,54,376
1980-06-02,776,776,776,776
1980-06-03,963,963,98,101
1980-06-04,961,961,427,829
1980-06-05,777,803,2,638
1980-06-06,31,902,31,140
1980-06-07,688,688,294,579
1980-06-08,492,492,217,445
1980-06-09,382,596,382,581
1980-06-10,850,850,453,746
1980-06-11,792,792,745,771
1980-06-12,957,957,752,797
1980-06-13,921,921,24,824
1980-06-14,327,705,327,436
1980-06-15,427,427,427,427
1980-06-16,244,744,244,435
1980-06-17,699,822,196,293
1980-06-18,411,580,411,522
1980-06-19,334,334,286,330
1980-06-20,128,128,119,122
1980-06-21,70,278,70,208
1980-06-22,56,56,56,56
1980-06-23,448,718,448,521
1980-06-24,342,413,293,409
1980-06-25,999,999,222,462
1980-06-26,740,740,740,740
1980-06-27,473,914,281,499
1980-06-28,444,970,0,764
1980-06-29,421,455,421,422
1980-06-30,556,556,556,556
1980-07-01,990,990,14,541
1980-07-02,848,848,49,611
1980-07-03,579,579,475,496
1980-07-04,483,549,392,492
1980-07-05,282,985,202,616
1980-07-06,73,73,73,73
1980-07-07,835,835,269,454
1980-07-08,313,513,168,261
1980-07-09,768,768,288,713
1980-07-10,620,620,47,176
1980-07-11,307,577,307,474
1980-07-12,26,777,26,576
1980-07-13,824,824,334,810
1980-07-14,635,635,635,635
1980-07-15,43,228,43,116
1980-07-16,705,705,211,472
1980-07-17,783,783,783,783
1980-07-18,248,248,248,248
1980-07-19,345,693,345,566
1980-07-20,798,798,798,798
1980-07-21,734,734,375,685
1980-07-22,471,568,173,454
1980-07-23,566,746,566,719
1980-07-24,895,895,223,520
1980-07-25,709,709,633,698
1980-07-26,863,863,775,827
1980-07-27,672,740,186,460
1980-07-28,934,934,934,934
1980-07-29,197,290,197,223
1980-07-30,776,776,776,776
1980-07-31,597,597,173,183
1980-08-01,673,964,648,952
1980-08-02,804,804,169,327
1980-08-03,980,980,738,783
1980-08-04,89,496,89,281
1980-08-05,947,947,181,450
1980-08-06,591,591,591,591
1980-08-07,151,531,151,464
1980-08-08,93,938,93,369
1980-08-09,909,909,162,272
1980-08-10,196,279,65,182
1980-08-11,189,538,189,201
1980-08-12,86,334,86,125
1980-08-13,436,809,436,575
1980-08-14,930,930,531,768
1980-08-15,195,919,195,606
1980-08-16,218,598,218,567
1980-08-17,680,933,360,797
1980-08-18,417,417,417,417
1980-08-19,385,837,385,661
1980-08-20,722,859,249,573
1980-08-21,483,919,483,546
1980-08-22,810,810,436,496
1980-08-23,881,916,803,907
1980-08-24,803,803,529,659
1980-08-25,236,236,236,236
1980-08-26,621,634,621,632
1980-08-27,987,987,635,866
1980-08-28,589,830,589,652
1980-08-29,410,918,333,488
1980-08-30,451,451,451,451
1980-08-31,23,81,23,74
1980-09-01,194,194,27,146
1980-09-02,109,239,109,132
1980-09-03,365,923,122,426
1980-09-04,207,207,80,118
1980-09-05,593,830,593,795
1980-09-06,41,346,41,299
1980-09-07,59,149,59,116
1980-09-08,935,971,213,390
1980-09-09,436,801,90,267
1980-09-10,858,858,858,858
1980-09-11,365,365,356,357
1980-09-12,853,853,156,836
1980-09-13,329,434,329,349
1980-09-14,230,241,230,231
1980-09-15,91,660,91,315
1980-09-16,405,660,405,599
1980-09-17,387,894,387,720
1980-09-18,620,848,620,636
1980-09-19,365,960,365,798
1980-09-20,822,919,173,519
1980-09-21,395,395,395,395
1980-09-22,81,902,19,890
1980-09-23,950,950,781,858
1980-09-24,839,839,347,456
1980-09-25,619,619,619,619
1980-09-26,72,599,72,558
1980-09-27,84,584,84,297
1980-09-28,504,987,445,543
1980-09-29,150,579,94,475
1980-09-30,652,652,424,534
1980-10-01,941,941,301,546
1980-10-02,885,885,641,835
1980-10-03,133,829,133,167
1980-10-04,867,867,92,273
1980-10-05,758,758,255,427
1980-10-06,452,452,452,452
1980-10-07,970,970,115,796
1980-10-08,543,604,33,251
1980-10-09,171,191,171,176
1980-10-10,671,671,671,671
1980-10-11,159,686,159,410
1980-10-12,470,470,152,285
1980-10-13,649,649,649,649
1980-10-14,398,788,398,761
1980-10-15,328,328,328,328
1980-10-16,811,811,42,56
1980-10-17,972,990,489,963
1980-10-18,743,743,284,743
1980-10-19,984,984,544,642
1980-10-20,194,194,122,149
1980-10-21,196,424,196,263
1980-10-22,911,911,630,824
1980-10-23,749,911,749,841
1980-10-24,508,798,508,736
1980-10-25,502,502,502,502
1980-10-26,54,481,54,443
1980-10-27,698,698,698,698
1980-10-28,765,765,765,765
1980-10-29,997,997,957,997
1980-10-30,896,896,410,544
1980-10-31,140,315,140,260
1980-11-01,96,505,96,193
1980-11-02,871,962,665,916
1980-11-03,191,675,191,271
1980-11-04,989,989,724,857
1980-11-05,438,780,438,686
1980-11-06,628,742,628,665
1980-11-07,826,826,704,821
1980-11-08,514,514,514,514
1980-11-09,544,544,544,544
1980-11-10,697,697,241,486
1980-11-11,492,863,342,778
1980-11-12,515,939,515,915
1980-11-13,462,862,462,847
1980-11-14,210,210,210,210
1980-11-15,828,828,828,828
1980-11-16,551,729,551,573
1980-11-17,735,908,735,874
1980-11-18,748,748,646,721
1980-11-19,112,743,112,136
1980-11-20,230,230,230,230
1980-11-21,523,523,523,523
1980-11-22,313,520,313,401
1980-11-23,630,630,186,576
1980-11-24,686,686,686,686
1980-11-25,575,955,464,639
1980-11-26,489,723,274,700
1980-11-27,541,541,541,541
1980-11-28,399,399,2,354
1980-11-29,141,562,141,352
1980-11-30,327,566,327,392
1980-12-01,854,973,854,914
1980-12-02,187,420,187,294
1980-12-03,870,870,308,335
1980-12-04,923,923,36,892
1980-12-05,22,263,22,55
1980-12-06,105,422,105,191
1980-12-07,255,876,255,302
1980-12-08,893,893,727,797
1980-12-09,89,212,89,195
1980-12-10,866,866,492,856
1980-12-11,145,650,145,462
1980-12-12,818,818,128,152
1980-12-13,526,722,526,592
1980-12-14,682,682,371,585
1980-12-15,526,938,526,729
1980-12-16,542,798,378,722
1980-12-17,504,504,504,504
1980-12-18,281,958,281,331
1980-12-19,861,861,703,813
1980-12-20,672,672,59,170
1980-12-21,694,981,694,956
1980-12-22,70,181,32,154
1980-12-23,720,720,720,720
1980-12-24,477,477,477,477
1980-12-25,169,182,169,182
1980-12-26,872,872,844,861
1980-12-27,313,313,273,276
1980-12-28,129,749,129,239
1980-12-29,311,822,311,508
1980-12-30,267,352,267,294
1980-12-31,860,860,689,723
1981-01-01,321,381,321,331
1981-01-02,654,906,654,813
1981-01-03,466,947,359,480
1981-01-04,198,198,142,143
1981-01-05,897,897,839,871
1981-01-06,423,835,228,503
1981-01-07,244,323,244,257
1981-01-08,801,801,473,575
1981-01-09,31,830,31,686
1981-01-10,770,770,407,699
1981-01-11,27,785,27,642
1981-01-12,222,436,222,371
1981-01-13,994,994,600,899
1981-01-14,741,836,266,786
1981-01-15,106,171,106,116
1981-01-16,181,924,181,190
1981-01-17,581,581,234,336
1981-01-18,888,888,799,853
1981-01-19,554,554,520,543
1981-01-20,162,715,162,316
1981-01-21,365,573,365,555
1981-01-22,292,328,7,308
1981-01-23,464,464,464,464
1981-01-24,477,477,477,477
1981-01-25,144,215,144,200
1981-01-26,258,380,258,298
1981-01-27,304,949,304,737
1981-01-28,175,176,175,175
1981-01-29,809,809,262,599
1981-01-30,259,259,259,259
1981-01-31,623,754,563,727
1981-02-01,926,926,331,662
1981-02-02,140,698,140,337
1981-02-03,234,234,132,219
1981-02-04,741,741,22,562
1981-02-05,489,692,471,563
1981-02-06,34,676,34,475
1981-02-07,409,662,409,597
1981-02-08,107,952,107,781
1981-02-09,599,599,392,501
1981-02-10,791,791,535,709
1981-02-11,206,420,206,375
1981-02-12,600,600,50,51
1981-02-13,720,720,585,696
1981-02-14,529,529,393,431
1981-02-15,290,726,227,604
1981-02-16,587,884,557,623
1981-02-17,454,872,454,474
1981-02-18,178,321,178,178
1981-02-19,923,923,814,918
1981-02-20,462,462,462,462
1981-02-21,306,981,306,891
1981-02-22,237,340,237,247
1981-02-23,535,535,535,535
1981-02-24,166,744,166,472
1981-02-25,337,411,61,151
1981-02-26,19,767,19,212
1981-02-27,818,818,589,738
1981-02-28,82,82,82,82
1981-03-01,355,525,355,404
1981-03-02,552,771,51,451
1981-03-03,378,735,378,594
1981-03-04,697,697,675,696
1981-03-05,118,118,118,118
1981-03-06,283,884,230,353
1981-03-07,110,174,110,143
1981-03-08,633,871,4,707
1981-03-09,828,828,212,266
1981-03-10,723,959,130,209
1981-03-11,298,493,298,364
1981-03-12,987,987,35,194
1981-03-13,317,672,317,390
1981-03-14,55,606,55,580
1981-03-15,313,651,313,606
1981-03-16,686,686,511,618
1981-03-17,592,620,592,601
1981-03-18,330,330,330,330
1981-03-19,117,941,63,155
1981-03-20,929,929,306,443
1981-03-21,402,577,236,447
1981-03-22,369,687,181,594
1981-03-23,708,708,708,708
1981-03-24,287,287,287,287
1981-03-25,452,618,452,543
1981-03-26,552,973,482,768
1981-03-27,878,878,508,848
1981-03-28,290,720,290,399
1981-03-29,898,898,359,799
1981-03-30,184,607,122,494
1981-03-31,17,663,17,326
1981-04-01,773,773,644,683
1981-04-02,498,498,8,436
1981-04-03,534,983,514,713
1981-04-04,404,416,404,415
1981-04-05,97,360,97,344
1981-04-06,954,954,369,449
1981-04-07,362,655,362,408
1981-04-08,372,698,172,376
1981-04-09,754,754,754,754
1981-04-10,792,792,392,634
1981-04-11,193,786,193,291
1981-04-12,826,826,826,826
1981-04-13,693,775,693,714
1981-04-14,242,456,242,382
1981-04-15,643,643,643,643
1981-04-16,148,568,148,269
1981-04-17,402,802,402,709
1981-04-18,684,684,401,641
1981-04-19,597,597,305,566
1981-04-20,462,462,462,462
1981-04-21,835,835,212,714
1981-04-22,666,997,480,746
1981-04-23,356,356,356,356
1981-04-24,613,613,26,587
1981-04-25,346,346,52,60
1981-04-26,119,857,119,493
1981-04-27,675,675,675,675
1981-04-28,233,722,233,324
1981-04-29,529,529,404,517
1981-04-30,464,464,464,464
1981-05-01,679,907,199,509
1981-05-02,407,579,407,446
1981-05-03,718,718,718,718
1981-05-04,462,462,462,462
1981-05-05,382,382,382,382
1981-05-06,560,560,560,560
1981-05-07,774,826,217,335
1981-05-08,188,360,29,151
1981-05-09,869,869,243,809
1981-05-10,507,507,507,507
1981-05-11,144,144,144,144
1981-05-12,930,930,684,917
1981-05-13,316,316,316,316
1981-05-14,449,449,449,449
1981-05-15,635,891,200,765
1981-05-16,385,385,385,385
1981-05-17,301,713,301,579
1981-05-18,80,360,80,293
1981-05-19,860,860,236,678
1981-05-20,936,936,545,893
1981-05-21,105,552,105,449
1981-05-22,210,935,210,777
1981-05-23,263,958,263,312
1981-05-24,210,326,210,306
1981-05-25,34,318,34,273
1981-05-26,144,535,144,191
1981-05-27,191,342,191,296
1981-05-28,961,961,855,941
1981-05-29,319,780,319,593
1981-05-30,779,779,568,691
1981-05-31,42,382,42,372
1981-06-01,893,893,893,893
1981-06-02,85,85,85,85
1981-06-03,396,893,396,560
1981-06-04,230,230,230,230
1981-06-05,757,917,757,883
1981-06-06,340,340,340,340
1981-06-07,626,626,331,495
1981-06-08,792,792,98,213
1981-06-09,866,866,599,841
1981-06-10,387,387,387,387
1981-06-11,699,820,699,748
1981-06-12,690,690,690,690
1981-06-13,208,668,92,603
1981-06-14,222,770,96,306
1981-06-15,24,893,24,622
1981-06-16,165,184,165,184
1981-06-17,797,797,797,797
1981-06-18,777,988,324,560
1981-06-19,696,906,259,748
1981-06-20,212,550,212,398
1981-06-21,988,988,12,587
1981-06-22,496,843,126,362
1981-06-23,19,847,19,803
1981-06-24,265,817,265,658
1981-06-25,298,546,298,379
1981-06-26,18,808,18,675
1981-06-27,217,217,217,217
1981-06-28,136,380,60,372
1981-06-29,808,808,636,687
1981-06-30,843,843,478,541
1981-07-01,202,250,202,237
1981-07-02,417,747,132,438
1981-07-03,901,901,901,901
1981-07-04,535,535,535,535
1981-07-05,781,781,781,781
1981-07-06,555,639,555,621
1981-07-07,771,771,504,548
1981-07-08,962,962,278,789
1981-07-09,731,731,193,221
1981-07-10,984,984,67,290
1981-07-11,645,807,325,475
1981-07-12,845,845,298,413
1981-07-13,209,260,209,216
1981-07-14,584,650,165,279
1981-07-15,133,542,133,436
1981-07-16,53,714,38,41
1981-07-17,114,837,114,190
1981-07-18,378,617,378,418
1981-07-19,995,995,493,965
1981-07-20,702,702,392,577
1981-07-21,421,802,421,479
1981-07-22,286,458,286,311
1981-07-23,561,939,123,763
1981-07-24,622,622,622,622
1981-07-25,685,685,685,685
1981-07-26,923,923,267,914
1981-07-27,519,519,414,495
1981-07-28,51,91,51,55
1981-07-29,868,911,767,809
1981-07-30,9,56,9,37
1981-07-31,788,788,776,788
1981-08-01,536,536,536,536
1981-08-02,845,845,68,139
1981-08-03,16,694,16,399
1981-08-04,83,225,83,182
1981-08-05,540,861,20,434
1981-08-06,420,420,157,199
1981-08-07,224,377,224,242
1981-08-08,930,930,774,861
1981-08-09,155,798,155,404
1981-08-10,364,364,364,364
1981-08-11,148,540,73,118
1981-08-12,766,892,766,808
1981-08-13,483,733,286,501
1981-08-14,473,770,473,498
1981-08-15,978,978,767,967
1981-08-16,821,821,65,603
1981-08-17,721,938,523,605
1981-08-18,619,619,405,413
1981-08-19,942,942,942,942
1981-08-20,371,951,371,889
1981-08-21,937,937,442,537
1981-08-22,630,630,630,630
1981-08-23,892,892,736,762
1981-08-24,94,157,94,104
1981-08-25,759,759,130,757
1981-08-26,443,562,56,100
1981-08-27,219,730,219,707
1981-08-28,456,534,456,503
1981-08-29,524,652,524,583
1981-08-30,52,419,52,205
1981-08-31,311,311,311,311
1981-09-01,149,149,9,13
1981-09-02,63,381,63,185
1981-09-03,421,897,250,616
1981-09-04,860,860,608,833
1981-09-05,306,653,306,338
1981-09-06,198,485,198,398
1981-09-07,250,599,250,532
1981-09-08,118,430,118,367
1981-09-09,43,796,43,277
1981-09-10,128,963,128,173
1981-09-11,948,948,71,635
1981-09-12,997,997,353,793
1981-09-13,249,469,249,350
1981-09-14,546,546,546,546
1981-09-15,325,918,306,386
1981-09-16,98,186,82,140
1981-09-17,813,813,813,813
1981-09-18,690,875,690,743
1981-09-19,569,647,569,607
1981-09-20,85,132,85,125
1981-09-21,956,999,949,989
1981-09-22,531,531,395,469
1981-09-23,494,494,494,494
1981-09-24,168,668,168,281
1981-09-25,500,500,238,444
1981-09-26,526,526,526,526
1981-09-27,882,882,454,776
1981-09-28,7,483,7,198
1981-09-29,964,964,426,543
1981-09-30,191,858,191,646
1981-10-01,565,865,565,639
1981-10-02,808,808,394,483
1981-10-03,72,928,72,654
1981-10-04,868,868,868,868
1981-10-05,173,179,173,173
1981-10-06,390,431,390,422
1981-10-07,93,93,93,93
1981-10-08,336,336,336,336
1981-10-09,995,995,315,924
1981-10-10,845,845,516,644
1981-10-11,397,641,68,578
1981-10-12,846,846,305,359
1981-10-13,397,397,397,397
1981-10-14,426,761,407,666
1981-10-15,240,998,240,867
1981-10-16,644,644,313,341
1981-10-17,302,311,302,305
1981-10-18,127,575,127,222
1981-10-19,164,252,164,164
1981-10-20,559,593,457,557
1981-10-21,555,970,216,261
1981-10-22,358,358,358,358
1981-10-23,445,976,445,897
1981-10-24,979,979,243,821
1981-10-25,739,849,539,555
1981-10-26,316,320,91,317
1981-10-27,982,982,211,972
1981-10-28,134,761,134,581
1981-10-29,93,177,93,158
1981-10-30,62,312,62,182
1981-10-31,374,714,62,598
1981-11-01,306,306,132,266
1981-11-02,713,713,291,372
1981-11-03,559,969,557,632
1981-11-04,381,438,381,403
1981-11-05,753,753,304,351
1981-11-06,179,179,179,179
1981-11-07,993,993,635,962
1981-11-08,828,828,97,492
1981-11-09,205,205,205,205
1981-11-10,159,159,159,159
1981-11-11,436,436,246,383
1981-11-12,145,333,145,194
1981-11-13,974,974,370,435
1981-11-14,815,815,613,617
1981-11-15,422,923,422,856
1981-11-16,272,738,272,406
1981-11-17,844,844,723,826
1981-11-18,279,628,279,531
1981-11-19,501,501,305,325
1981-11-20,216,682,216,395
1981-11-21,868,868,224,573
1981-11-22,44,730,44,586
1981-11-23,9,106,9,32
1981-11-24,248,248,248,248
1981-11-25,150,150,150,150
1981-11-26,903,903,734,871
1981-11-27,673,673,673,673
1981-11-28,798,798,179,365
1981-11-29,279,279,279,279
1981-11-30,987,987,693,935
1981-12-01,24,988,24,45
1981-12-02,305,804,305,692
1981-12-03,60,446,60,312
1981-12-04,613,613,613,613
1981-12-05,125,189,125,179
1981-12-06,731,731,474,584
1981-12-07,933,933,448,790
1981-12-08,124,407,124,182
1981-12-09,95,652,95,336
1981-12-10,319,319,62,264
1981-12-11,656,939,283,520
1981-12-12,555,555,429,540
1981-12-13,975,975,612,865
1981-12-14,599,599,599,599
1981-12-15,266,767,266,470
1981-12-16,343,916,292,478
1981-12-17,217,399,217,303
1981-12-18,646,646,646,646
1981-12-19,176,615,176,375
1981-12-20,63,320,63,145
1981-12-21,967,967,400,605
1981-12-22,162,776,162,334
1981-12-23,100,451,100,263
1981-12-24,969,969,44,328
1981-12-25,373,373,373,373
1981-12-26,846,846,846,846
1981-12-27,534,534,534,534
1981-12-28,149,360,149,243
1981-12-29,638,687,638,644
1981-12-30,261,261,143,173
1981-12-31,653,656,377,522
1982-01-01,699,810,579,584
1982-01-02,291,291,89,245
1982-01-03,221,841,221,523
1982-01-04,43,757,41,100
1982-01-05,824,824,478,700
1982-01-06,552,552,500,550
1982-01-07,525,756,384,656
1982-01-08,310,641,310,539
1982-01-09,516,516,272,321
1982-01-10,913,927,109,888
1982-01-11,13,599,13,274
1982-01-12,132,847,132,317
1982-01-13,457,718,457,578
1982-01-14,726,726,726,726
1982-01-15,132,781,132,615
1982-01-16,246,480,246,297
1982-01-17,944,944,445,692
1982-01-18,455,455,52,257
1982-01-19,693,693,380,533
1982-01-20,776,776,631,689
1982-01-21,875,875,713,717
1982-01-22,8,276,8,23
1982-01-23,721,721,721,721
1982-01-24,540,540,91,293
1982-01-25,905,905,797,861
1982-01-26,125,398,125,207
1982-01-27,145,145,145,145
1982-01-28,504,991,504,818
1982-01-29,24,469,24,51
1982-01-30,94,464,94,435
1982-01-31,766,843,331,613
1982-02-01,985,985,288,771
1982-02-02,186,186,85,100
1982-02-03,680,984,608,825
1982-02-04,673,673,673,673
1982-02-05,633,843,622,741
1982-02-06,191,609,191,539
1982-02-07,711,711,484,541
1982-02-08,653,653,653,653
1982-02-09,131,664,131,233
1982-02-10,193,485,193,359
1982-02-11,613,613,157,212
1982-02-12,149,648,149,475
1982-02-13,97,576,97,164
1982-02-14,621,785,621,778
1982-02-15,275,852,275,691
1982-02-16,929,929,651,736
1982-02-17,575,891,246,491
1982-02-18,709,709,528,656
1982-02-19,86,94,86,87
1982-02-20,983,983,90,126
1982-02-21,91,321,91,284
1982-02-22,609,609,604,605
1982-02-23,844,949,844,947
1982-02-24,797,797,425,790
1982-02-25,362,921,362,613
1982-02-26,151,585,151,206
1982-02-27,238,238,238,238
1982-02-28,179,196,179,184
1982-03-01,266,883,266,723
1982-03-02,786,854,786,840
1982-03-03,198,540,198,395
1982-03-04,249,249,132,165
1982-03-05,939,939,726,901
1982-03-06,870,870,57,554
1982-03-07,766,766,283,493
1982-03-08,817,918,197,466
1982-03-09,539,539,539,539
1982-03-10,690,690,459,518
1982-03-11,363,363,363,363
1982-03-12,732,732,549,683
1982-03-13,46,963,46,230
1982-03-14,576,857,512,558
1982-03-15,599,599,90,90
1982-03-16,428,428,24,243
1982-03-17,824,824,452,470
1982-03-18,113,469,41,60
1982-03-19,991,991,498,849
1982-03-20,447,747,164,727
1982-03-21,495,495,495,495
1982-03-22,815,815,36,256
1982-03-23,503,638,99,407
1982-03-24,516,516,516,516
1982-03-25,695,695,695,695
1982-03-26,627,795,113,113
1982-03-27,73,689,73,564
1982-03-28,957,957,520,897
1982-03-29,455,881,455,863
1982-03-30,128,913,128,323
1982-03-31,103,792,103,262
1982-04-01,798,798,798,798
1982-04-02,857,857,857,857
1982-04-03,73,653,73,117
1982-04-04,461,461,461,461
1982-04-05,284,284,284,284
1982-04-06,828,828,40,627
1982-04-07,194,874,65,179
1982-04-08,855,855,706,789
1982-04-09,985,985,416,915
1982-04-10,485,864,312,677
1982-04-11,320,444,320,362
1982-04-12,554,554,454,455
1982-04-13,737,848,737,743
1982-04-14,495,495,217,351
1982-04-15,302,335,302,327
1982-04-16,403,677,328,463
1982-04-17,591,591,591,591
1982-04-18,609,718,609,713
1982-04-19,268,656,268,321
1982-04-20,135,531,135,398
1982-04-21,659,659,453,574
1982-04-22,391,659,257,547
1982-04-23,523,595,523,536
1982-04-24,828,828,610,750
1982-04-25,140,438,140,360
1982-04-26,546,546,358,394
1982-04-27,798,983,708,983
1982-04-28,557,914,395,852
1982-04-29,403,663,361,648
1982-04-30,458,458,458,458
1982-05-01,529,691,176,589
1982-05-02,187,890,187,735
1982-05-03,657,911,308,357
1982-05-04,172,785,172,664
1982-05-05,113,931,113,153
1982-05-06,702,702,389,698
1982-05-07,229,533,229,474
1982-05-08,602,899,599,738
1982-05-09,759,759,759,759
1982-05-10,584,646,492,521
1982-05-11,244,981,71,858
1982-05-12,416,416,416,416
1982-05-13,447,447,331,413
1982-05-14,51,74,49,72
1982-05-15,982,982,40,192
1982-05-16,713,713,108,316
1982-05-17,888,888,266,269
1982-05-18,174,379,174,232
1982-05-19,949,949,80,312
1982-05-20,701,701,419,580
1982-05-21,232,377,232,281
1982-05-22,382,914,382,774
1982-05-23,615,746,215,525
1982-05-24,852,956,98,304
1982-05-25,462,528,212,296
1982-05-26,851,964,342,379
1982-05-27,363,364,363,363
1982-05-28,149,149,149,149
1982-05-29,679,679,164,593
1982-05-30,776,776,648,743
1982-05-31,271,441,271,375
1982-06-01,426,426,426,426
1982-06-02,204,583,204,387
1982-06-03,276,790,276,435
1982-06-04,913,913,811,844
1982-06-05,720,720,589,618
1982-06-06,894,894,341,629
1982-06-07,225,267,92,125
1982-06-08,545,545,481,535
1982-06-09,512,512,512,512
1982-06-10,884,884,54,783
1982-06-11,450,530,450,471
1982-06-12,404,404,244,306
1982-06-13,325,942,325,689
1982-06-14,123,365,123,204
1982-06-15,533,820,18,198
1982-06-16,411,411,270,382
1982-06-17,560,752,560,701
1982-06-18,919,987,919,980
1982-06-19,429,978,108,357
1982-06-20,401,401,260,355
1982-06-21,711,711,224,395
1982-06-22,973,973,646,890
1982-06-23,94,423,94,251
1982-06-24,330,330,330,330
1982-06-25,661,735,227,354
1982-06-26,61,856,61,259
1982-06-27,63,931,11,628
1982-06-28,45,918,45,593
1982-06-29,394,394,394,394
1982-06-30,562,562,562,562
1982-07-01,609,609,383,573
1982-07-02,364,402,364,386
1982-07-03,3,940,3,264
1982-07-04,411,667,411,661
1982-07-05,225,833,225,369
1982-07-06,729,729,501,631
1982-07-07,796,796,796,796
1982-07-08,406,906,406,855
1982-07-09,459,459,459,459
1982-07-10,243,338,243,287
1982-07-11,968,968,433,721
1982-07-12,393,393,294,343
1982-07-13,969,969,625,912
1982-07-14,169,770,169,349
1982-07-15,143,530,8,51
1982-07-16,743,743,482,569
1982-07-17,476,516,476,485
1982-07-18,756,756,626,731
1982-07-19,78,137,78,112
1982-07-20,153,221,153,194
1982-07-21,177,935,146,753
1982-07-22,911,911,404,642
1982-07-23,803,806,714,770
1982-07-24,572,664,572,661
1982-07-25,407,407,234,360
1982-07-26,686,731,686,703
1982-07-27,373,373,313,365
1982-07-28,751,751,60,722
1982-07-29,737,788,737,750
1982-07-30,906,906,86,473
1982-07-31,183,183,169,174
1982-08-01,619,619,402,596
1982-08-02,927,927,292,839
1982-08-03,961,961,282,779
1982-08-04,128,791,128,190
1982-08-05,49,546,49,399
1982-08-06,458,458,458,458
1982-08-07,236,560,236,441
1982-08-08,263,263,263,263
1982-08-09,267,525,267,385
1982-08-10,40,40,40,40
1982-08-11,800,800,800,800
1982-08-12,543,568,326,493
1982-08-13,814,969,378,815
1982-08-14,818,818,818,818
1982-08-15,589,589,589,589
1982-08-16,946,946,43,245
1982-08-17,857,857,857,857
1982-08-18,267,267,267,267
1982-08-19,289,962,289,386
1982-08-20,771,771,347,743
1982-08-21,679,734,546,605
1982-08-22,782,811,549,756
1982-08-23,711,711,570,573
1982-08-24,841,841,378,816
1982-08-25,116,248,116,163
1982-08-26,623,844,623,782
1982-08-27,232,232,232,232
1982-08-28,216,584,93,240
1982-08-29,808,808,250,490
1982-08-30,142,872,142,334
1982-08-31,661,972,154,303
1982-09-01,760,760,760,760
1982-09-02,547,547,13,118
1982-09-03,181,616,181,521
1982-09-04,83,995,83,155
1982-09-05,174,180,174,176
1982-09-06,305,305,305,305
1982-09-07,893,893,594,780
1982-09-08,50,257,50,139
1982-09-09,352,909,352,674
1982-09-10,588,588,588,588
1982-09-11,366,366,104,288
1982-09-12,42,42,42,42
1982-09-13,57,757,57,698
1982-09-14,655,823,275,664
1982-09-15,90,290,90,204
1982-09-16,108,404,21,128
1982-09-17,324,833,324,827
1982-09-18,363,363,146,307
1982-09-19,366,920,287,341
1982-09-20,294,299,294,299
1982-09-21,998,998,501,710
1982-09-22,768,768,349,518
1982-09-23,94,937,94,588
1982-09-24,828,828,766,782
1982-09-25,317,403,317,360
1982-09-26,308,382,18,91
1982-09-27,412,565,412,445
1982-09-28,692,776,692,692
1982-09-29,477,916,398,909
1982-09-30,927,968,919,957
1982-10-01,570,570,137,342
1982-10-02,552,552,42,299
1982-10-03,49,461,49,296
1982-10-04,640,640,0,456
1982-10-05,154,412,154,157
1982-10-06,722,722,207,324
1982-10-07,991,996,233,952
1982-10-08,320,971,320,798
1982-10-09,773,773,389,395
1982-10-10,13,261,13,152
1982-10-11,654,654,581,630
1982-10-12,843,843,843,843
1982-10-13,768,768,768,768
1982-10-14,863,863,80,284
1982-10-15,20,757,20,288
1982-10-16,149,380,149,321
1982-10-17,272,272,217,272
1982-10-18,60,60,13,20
1982-10-19,351,351,351,351
1982-10-20,917,917,917,917
1982-10-21,364,449,131,236
1982-10-22,777,777,109,138
1982-10-23,325,364,192,270
1982-10-24,41,756,41,342
1982-10-25,322,541,322,469
1982-10-26,111,143,111,113
1982-10-27,512,717,512,607
1982-10-28,509,847,353,551
1982-10-29,428,428,428,428
1982-10-30,607,984,61,900
1982-10-31,680,699,553,695
1982-11-01,928,928,609,679
1982-11-02,972,972,457,572
1982-11-03,87,952,87,155
1982-11-04,812,812,671,683
1982-11-05,104,133,104,133
1982-11-06,721,721,721,721
1982-11-07,181,436,181,322
1982-11-08,435,435,435,435
1982-11-09,554,554,554,554
1982-11-10,88,88,88,88
1982-11-11,89,370,89,102
1982-11-12,436,585,436,472
1982-11-13,608,608,608,608
1982-11-14,720,720,33,295
1982-11-15,29,299,29,135
1982-11-16,781,781,663,678
1982-11-17,552,797,159,331
1982-11-18,238,656,105,105
1982-11-19,792,792,612,723
1982-11-20,505,883,505,876
1982-11-21,9,492,9,487
1982-11-22,107,591,61,470
1982-11-23,802,802,67,399
1982-11-24,974,974,957,958
1982-11-25,88,588,88,397
1982-11-26,558,751,558,725
1982-11-27,337,337,125,145
1982-11-28,889,889,681,824
1982-11-29,75,75,75,75
1982-11-30,525,802,525,571
1982-12-01,724,874,703,746
1982-12-02,794,794,16,194
1982-12-03,140,610,140,191
1982-12-04,618,618,266,354
1982-12-05,779,934,779,852
1982-12-06,664,920,79,181
1982-12-07,490,490,195,237
1982-12-08,839,839,839,839
1982-12-09,671,671,671,671
1982-12-10,444,444,307,422
1982-12-11,30,792,5,465
1982-12-12,171,998,5,215
1982-12-13,369,838,369,594
1982-12-14,567,726,567,571
1982-12-15,149,633,149,211
1982-12-16,113,113,113,113
1982-12-17,718,897,515,766
1982-12-18,334,830,334,361
1982-12-19,800,800,33,548
1982-12-20,963,963,576,885
1982-12-21,208,646,208,599
1982-12-22,819,819,819,819
1982-12-23,107,165,39,144
1982-12-24,989,989,646,880
1982-12-25,411,411,411,411
1982-12-26,770,770,347,463
1982-12-27,4,160,4,86
1982-12-28,194,239,194,218
1982-12-29,267,758,267,390
1982-12-30,604,604,543,593
1982-12-31,667,667,170,462
1983-01-01,302,559,302,421
1983-01-02,225,225,225,225
1983-01-03,570,570,365,464
1983-01-04,686,855,481,606
1983-01-05,241,241,95,141
1983-01-06,8,393,8,359
1983-01-07,406,406,191,346
1983-01-08,942,942,942,942
1983-01-09,342,342,0,187
1983-01-10,661,661,27,193
1983-01-11,283,436,180,397
1983-01-12,938,938,691,874
1983-01-13,757,757,84,576
1983-01-14,755,755,638,717
1983-01-15,788,788,788,788
1983-01-16,836,836,23,650
1983-01-17,559,559,559,559
1983-01-18,522,932,522,572
1983-01-19,590,590,590,590
1983-01-20,13,908,13,257
1983-01-21,807,807,473,504
1983-01-22,870,870,89,486
1983-01-23,416,416,335,410
1983-01-24,717,775,404,716
1983-01-25,560,837,560,748
1983-01-26,384,384,306,381
1983-01-27,515,826,33,243
1983-01-28,376,899,376,795
1983-01-29,592,592,486,574
1983-01-30,961,961,345,890
1983-01-31,135,555,135,497
1983-02-01,3,828,3,303
1983-02-02,390,390,390,390
1983-02-03,416,454,371,421
1983-02-04,625,625,336,357
1983-02-05,36,857,36,249
1983-02-06,528,528,197,229
1983-02-07,701,798,289,774
1983-02-08,675,713,417,426
1983-02-09,609,609,195,228
1983-02-10,156,295,156,287
1983-02-11,536,536,28,241
1983-02-12,66,753,66,274
1983-02-13,637,719,517,693
1983-02-14,551,551,551,551
1983-02-15,459,466,459,462
1983-02-16,593,593,327,431
1983-02-17,618,797,307,497
1983-02-18,870,870,670,714
1983-02-19,954,954,521,927
1983-02-20,454,501,454,465
1983-02-21,439,526,132,320
1983-02-22,818,958,672,772
1983-02-23,467,735,467,578
1983-02-24,86,912,86,678
1983-02-25,40,681,40,44
1983-02-26,605,636,301,590
1983-02-27,732,732,124,263
1983-02-28,746,746,746,746
1983-03-01,607,607,148,488
1983-03-02,797,797,117,210
1983-03-03,495,688,495,534
1983-03-04,589,589,511,561
1983-03-05,804,808,584,708
1983-03-06,884,884,3,115
1983-03-07,942,942,879,925
1983-03-08,400,400,400,400
1983-03-09,50,316,50,274
1983-03-10,613,613,613,613
1983-03-11,543,642,543,586
1983-03-12,710,710,216,605
1983-03-13,688,688,688,688
1983-03-14,622,622,361,519
1983-03-15,798,798,798,798
1983-03-16,351,555,351,507
1983-03-17,513,928,513,633
1983-03-18,85,113,85,87
1983-03-19,187,685,187,440
1983-03-20,684,684,422,490
1983-03-21,198,919,198,840
1983-03-22,892,892,500,639
1983-03-23,201,418,201,238
1983-03-24,796,814,796,803
1983-03-25,820,925,820,851
1983-03-26,523,776,137,755
1983-03-27,921,921,766,877
1983-03-28,403,468,403,425
1983-03-29,656,656,526,604
1983-03-30,298,298,218,219
1983-03-31,172,915,77,761
1983-04-01,318,318,318,318
1983-04-02,486,500,486,488
1983-04-03,975,975,499,680
1983-04-04,831,831,459,750
1983-04-05,665,665,665,665
1983-04-06,772,772,464,488
1983-04-07,736,933,335,673
1983-04-08,978,978,878,898
1983-04-09,81,257,81,208
1983-04-10,934,934,185,394
1983-04-11,530,530,530,530
1983-04-12,9,896,9,380
1983-04-13,769,797,274,647
1983-04-14,233,495,233,314
1983-04-15,981,981,315,431
1983-04-16,657,657,657,657
1983-04-17,789,789,304,561
1983-04-18,120,442,120,219
1983-04-19,382,382,382,382
1983-04-20,3,664,3,115
1983-04-21,329,772,329,440
1983-04-22,617,617,66,499
1983-04-23,451,451,349,432
1983-04-24,499,499,88,234
1983-04-25,557,557,557,557
1983-04-26,169,930,169,884
1983-04-27,534,787,534,577
1983-04-28,347,901,347,485
1983-04-29,168,397,168,237
1983-04-30,132,435,132,199
1983-05-01,72,538,72,496
1983-05-02,364,364,19,101
1983-05-03,316,316,316,316
1983-05-04,551,551,110,376
1983-05-05,376,808,376,597
1983-05-06,921,921,165,540
1983-05-07,811,811,10,267
1983-05-08,636,636,636,636
1983-05-09,594,901,557,613
1983-05-10,788,971,78,759
1983-05-11,999,999,617,775
1983-05-12,288,288,24,74
1983-05-13,499,499,499,499
1983-05-14,451,500,451,495
1983-05-15,142,796,142,706
1983-05-16,408,408,408,408
1983-05-17,520,880,313,723
1983-05-18,510,510,510,510
1983-05-19,648,648,600,642
1983-05-20,195,204,195,196
1983-05-21,247,391,247,266
1983-05-22,307,307,307,307
1983-05-23,244,863,244,505
1983-05-24,732,732,54,353
1983-05-25,71,71,71,71
1983-05-26,255,255,255,255
1983-05-27,923,923,645,698
1983-05-28,575,575,430,451
1983-05-29,695,695,695,695
1983-05-30,473,963,473,577
1983-05-31,131,632,131,261
1983-06-01,290,558,279,521
1983-06-02,82,804,82,457
1983-06-03,501,886,295,710
1983-06-04,378,378,378,378
1983-06-05,340,340,340,340
1983-06-06,902,902,434,441
1983-06-07,510,510,510,510
1983-06-08,414,846,414,589
1983-06-09,653,653,560,574
1983-06-10,772,772,772,772
1983-06-11,740,740,740,740
1983-06-12,31,126,31,53
1983-06-13,215,218,215,217
1983-06-14,735,735,189,580
1983-06-15,418,796,418,534
1983-06-16,456,456,456,456
1983-06-17,915,915,521,700
1983-06-18,25,175,25,113
1983-06-19,371,494,371,409
1983-06-20,452,524,256,375
1983-06-21,129,294,129,260
1983-06-22,219,219,205,217
1983-06-23,118,292,118,255
1983-06-24,98,933,98,265
1983-06-25,152,710,152,322
1983-06-26,122,122,122,122
1983-06-27,944,944,944,944
1983-06-28,498,498,206,225
1983-06-29,441,877,237,491
1983-06-30,820,820,276,284
1983-07-01,36,445,36,127
1983-07-02,869,869,314,761
1983-07-03,580,580,386,386
1983-07-04,114,131,114,124
1983-07-05,455,455,256,426
1983-07-06,451,555,318,478
1983-07-07,986,986,561,971
1983-07-08,917,917,82,878
1983-07-09,261,261,261,261
1983-07-10,315,838,282,497
1983-07-11,935,935,935,935
1983-07-12,893,893,254,484
1983-07-13,415,732,36,718
1983-07-14,718,718,531,622
1983-07-15,82,408,82,246
1983-07-16,114,159,114,157
1983-07-17,312,579,260,576
1983-07-18,747,831,735,742
1983-07-19,298,890,131,161
1983-07-20,468,610,468,529
1983-07-21,629,629,430,482
1983-07-22,105,105,105,105
1983-07-23,591,769,114,649
1983-07-24,187,345,187,293
1983-07-25,622,622,308,311
1983-07-26,847,847,801,825
1983-07-27,347,509,347,415
1983-07-28,785,785,785,785
1983-07-29,938,938,366,779
1983-07-30,170,170,130,152
1983-07-31,66,550,66,383
1983-08-01,324,324,324,324
1983-08-02,749,749,749,749
1983-08-03,766,766,213,511
1983-08-04,219,997,219,725
1983-08-05,519,519,519,519
1983-08-06,388,662,388,593
1983-08-07,627,844,627,691
1983-08-08,57,959,57,850
1983-08-09,474,503,474,496
1983-08-10,97,97,97,97
1983-08-11,465,616,465,502
1983-08-12,81,101,81,94
1983-08-13,452,817,236,455
1983-08-14,129,129,129,129
1983-08-15,570,570,570,570
1983-08-16,667,667,35,187
1983-08-17,517,625,517,541
1983-08-18,127,434,127,135
1983-08-19,237,733,237,465
1983-08-20,511,511,511,511
1983-08-21,254,583,254,267
1983-08-22,202,516,202,373
1983-08-23,58,321,58,85
1983-08-24,309,309,309,309
1983-08-25,476,476,354,420
1983-08-26,320,320,320,320
1983-08-27,161,724,161,439
1983-08-28,864,864,864,864
1983-08-29,836,986,163,710
1983-08-30,722,970,669,827
1983-08-31,824,824,8,785
1983-09-01,420,420,420,420
1983-09-02,706,925,406,695
1983-09-03,906,906,92,760
1983-09-04,886,886,489,662
1983-09-05,919,919,477,660
1983-09-06,296,867,77,726
1983-09-07,378,719,71,163
1983-09-08,913,913,782,895
1983-09-09,657,676,332,423
1983-09-10,260,941,260,486
1983-09-11,236,901,113,343
1983-09-12,824,824,405,815
1983-09-13,175,687,175,462
1983-09-14,327,451,327,375
1983-09-15,136,893,136,671
1983-09-16,977,977,927,967
1983-09-17,531,866,43,803
1983-09-18,733,733,228,489
1983-09-19,363,363,363,363
1983-09-20,743,743,560,681
1983-09-21,54,997,54,503
1983-09-22,822,822,641,790
1983-09-23,253,253,253,253
1983-09-24,69,69,69,69
1983-09-25,99,621,99,554
1983-09-26,953,953,601,873
1983-09-27,20,830,20,289
1983-09-28,570,570,570,570
1983-09-29,415,499,216,328
1983-09-30,732,732,491,680
1983-10-01,127,896,17,665
1983-10-02,531,531,531,531
1983-10-03,933,933,627,764
1983-10-04,102,995,102,764
1983-10-05,938,938,885,935
1983-10-06,95,560,95,347
1983-10-07,672,783,607,732
1983-10-08,510,510,220,341
1983-10-09,751,751,751,751
1983-10-10,221,802,221,523
1983-10-11,358,358,224,309
1983-10-12,581,680,263,614
1983-10-13,876,876,119,575
1983-10-14,736,736,285,702
1983-10-15,527,527,468,523
1983-10-16,273,469,273,303
1983-10-17,821,821,697,789
1983-10-18,368,665,368,588
1983-10-19,791,857,409,704
1983-10-20,600,600,338,419
1983-10-21,347,557,333,426
1983-10-22,849,849,605,679
1983-10-23,503,940,17,806
1983-10-24,846,977,135,627
1983-10-25,519,519,519,519
1983-10-26,794,794,87,365
1983-10-27,606,606,241,351
1983-10-28,485,485,0,12
1983-10-29,604,604,604,604
1983-10-30,17,154,17,96
1983-10-31,222,934,96,423
1983-11-01,830,830,186,414
1983-11-02,873,873,842,844
1983-11-03,160,341,160,207
1983-11-04,44,568,44,431
1983-11-05,502,502,431,491
1983-11-06,186,186,186,186
1983-11-07,363,737,211,718
1983-11-08,898,898,232,671
1983-11-09,612,612,503,566
1983-11-10,14,973,14,193
1983-11-11,376,402,77,210
1983-11-12,782,782,392,742
1983-11-13,729,729,302,473
1983-11-14,798,798,692,740
1983-11-15,201,691,201,542
1983-11-16,648,687,614,649
1983-11-17,418,890,195,304
1983-11-18,44,157,44,81
1983-11-19,776,854,263,587
1983-11-20,996,996,605,994
1983-11-21,516,516,192,192
1983-11-22,978,978,716,858
1983-11-23,410,817,410,761
1983-11-24,110,139,110,139
1983-11-25,607,607,607,607
1983-11-26,629,629,335,554
1983-11-27,3,302,3,60
1983-11-28,122,316,122,169
1983-11-29,767,833,643,828
1983-11-30,195,863,195,331
1983-12-01,392,622,392,417
1983-12-02,309,517,309,365
1983-12-03,338,868,259,392
1983-12-04,840,840,827,835
1983-12-05,543,543,543,543
1983-12-06,384,694,253,450
1983-12-07,58,913,58,597
1983-12-08,783,783,694,752
1983-12-09,625,625,625,625
1983-12-10,2,688,2,541
1983-12-11,749,749,132,597
1983-12-12,220,220,220,220
1983-12-13,183,842,183,652
1983-12-14,527,858,527,742
1983-12-15,690,690,690,690
1983-12-16,610,982,610,831
1983-12-17,703,944,592,654
1983-12-18,741,741,350,606
1983-12-19,63,176,63,136
1983-12-20,592,899,520,692
1983-12-21,145,703,145,638
1983-12-22,290,290,290,290
1983-12-23,299,655,119,338
1983-12-24,454,454,454,454
1983-12-25,61,89,61,61
1983-12-26,863,863,153,191
1983-12-27,140,140,140,140
1983-12-28,955,955,405,482
1983-12-29,3,129,3,47
1983-12-30,466,466,466,466
1983-12-31,324,324,145,149
1984-01-01,308,420,198,282
1984-01-02,382,980,382,633
1984-01-03,693,693,380,453
1984-01-04,952,952,291,606
1984-01-05,164,164,164,164
1984-01-06,239,820,57,445
1984-01-07,149,334,91,243
1984-01-08,310,511,310,361
1984-01-09,635,954,635,891
1984-01-10,214,454,214,340
1984-01-11,891,891,876,879
1984-01-12,836,913,321,711
1984-01-13,390,390,279,365
1984-01-14,653,716,69,243
1984-01-15,889,889,889,889
1984-01-16,895,895,623,731
1984-01-17,930,930,418,779
1984-01-18,756,923,641,734
1984-01-19,790,790,790,790
1984-01-20,502,502,502,502
1984-01-21,438,487,438,468
1984-01-22,756,780,756,756
1984-01-23,573,573,267,537
1984-01-24,432,828,432,740
1984-01-25,944,944,741,764
1984-01-26,259,775,259,631
1984-01-27,31,972,31,595
1984-01-28,362,972,97,302
1984-01-29,366,366,366,366
1984-01-30,911,911,538,867
1984-01-31,842,842,513,795
1984-02-01,152,582,152,571
1984-02-02,460,460,460,460
1984-02-03,392,450,392,405
1984-02-04,953,953,953,953
1984-02-05,337,710,125,529
1984-02-06,943,943,224,400
1984-02-07,239,687,239,463
1984-02-08,606,986,215,869
1984-02-09,446,446,446,446
1984-02-10,101,433,101,265
1984-02-11,501,815,501,581
1984-02-12,38,38,38,38
1984-02-13,209,257,209,254
1984-02-14,515,640,515,598
1984-02-15,496,496,156,308
1984-02-16,55,108,55,91
1984-02-17,227,227,87,189
1984-02-18,388,388,388,388
1984-02-19,804,804,306,757
1984-02-20,545,545,103,251
1984-02-21,633,633,204,594
1984-02-22,704,704,704,704
1984-02-23,682,682,259,440
1984-02-24,201,696,201,577
1984-02-25,70,296,70,243
1984-02-26,476,476,362,396
1984-02-27,480,636,424,572
1984-02-28,128,128,128,128
1984-02-29,80,565,80,364
1984-03-01,975,975,758,795
1984-03-02,730,730,284,518
1984-03-03,724,724,617,623
1984-03-04,744,744,725,736
1984-03-05,836,836,327,459
1984-03-06,89,420,89,281
1984-03-07,824,824,628,790
1984-03-08,602,602,602,602
1984-03-09,872,872,846,852
1984-03-10,374,847,374,840
1984-03-11,596,620,177,552
1984-03-12,950,950,38,306
1984-03-13,729,729,289,457
1984-03-14,631,730,369,497
1984-03-15,946,946,751,804
1984-03-16,724,724,458,718
1984-03-17,359,359,359,359
1984-03-18,626,699,626,643
1984-03-19,757,757,569,574
1984-03-20,386,575,386,417
1984-03-21,238,971,92,644
1984-03-22,731,731,731,731
1984-03-23,283,333,283,332
1984-03-24,193,331,193,306
1984-03-25,175,535,175,313
1984-03-26,695,797,654,718
1984-03-27,180,679,180,192
1984-03-28,47,431,47,172
1984-03-29,873,873,432,733
1984-03-30,891,891,445,602
1984-03-31,626,626,419,467
1984-04-01,780,780,23,77
1984-04-02,584,584,301,479
1984-04-03,432,531,432,527
1984-04-04,834,834,480,785
1984-04-05,406,406,406,406
1984-04-06,311,806,311,806
1984-04-07,767,767,208,219
1984-04-08,750,750,679,702
1984-04-09,1,629,1,495
1984-04-10,834,927,322,628
1984-04-11,599,811,219,454
1984-04-12,751,751,627,633
1984-04-13,169,281,169,280
1984-04-14,365,644,365,460
1984-04-15,292,292,292,292
1984-04-16,309,309,309,309
1984-04-17,871,871,824,824
1984-04-18,171,192,171,180
1984-04-19,364,386,160,292
1984-04-20,488,488,222,294
1984-04-21,987,987,53,136
1984-04-22,642,642,184,495
1984-04-23,993,993,661,740
1984-04-24,734,734,694,699
1984-04-25,879,879,704,856
1984-04-26,927,927,816,869
1984-04-27,511,930,181,443
1984-04-28,703,735,9,574
1984-04-29,703,991,83,262
1984-04-30,565,823,152,674
1984-05-01,611,782,556,700
1984-05-02,675,675,393,505
1984-05-03,98,668,95,393
1984-05-04,533,740,122,123
1984-05-05,783,961,445,808
1984-05-06,156,156,156,156
1984-05-07,57,237,57,88
1984-05-08,786,965,762,874
1984-05-09,755,755,735,750
1984-05-10,995,995,521,655
1984-05-11,960,960,403,556
1984-05-12,12,80,12,31
1984-05-13,550,780,216,249
1984-05-14,141,276,141,208
1984-05-15,97,629,93,109
1984-05-16,427,439,427,437
1984-05-17,942,942,62,891
1984-05-18,935,935,39,503
1984-05-19,62,606,62,563
1984-05-20,730,730,295,374
1984-05-21,301,301,301,301
1984-05-22,807,807,335,578
1984-05-23,675,675,357,499
1984-05-24,500,538,500,522
1984-05-25,871,871,710,859
1984-05-26,963,963,128,288
1984-05-27,659,708,659,699
1984-05-28,496,496,219,274
1984-05-29,487,713,31,301
1984-05-30,121,589,121,530
1984-05-31,82,490,40,257
1984-06-01,419,419,316,405
1984-06-02,858,858,549,723
1984-06-03,217,666,217,234
1984-06-04,104,972,104,279
1984-06-05,215,215,192,209
1984-06-06,664,664,105,241
1984-06-07,957,957,94,315
1984-06-08,79,275,79,269
1984-06-09,329,335,329,330
1984-06-10,654,715,575,710
1984-06-11,2,772,2,488
1984-06-12,916,916,734,767
1984-06-13,592,592,556,587
1984-06-14,745,782,639,741
1984-06-15,202,265,202,256
1984-06-16,555,655,555,631
1984-06-17,320,331,320,331
1984-06-18,791,943,76,727
1984-06-19,150,595,150,316
1984-06-20,0,47,0,19
1984-06-21,159,271,36,263
1984-06-22,927,927,508,588
1984-06-23,746,746,570,631
1984-06-24,74,579,74,502
1984-06-25,230,710,229,679
1984-06-26,668,668,668,668
1984-06-27,203,867,203,520
1984-06-28,251,933,251,364
1984-06-29,122,196,122,172
1984-06-30,607,607,134,356
1984-07-01,537,853,223,295
1984-07-02,630,648,266,351
1984-07-03,727,858,541,830
1984-07-04,428,428,428,428
1984-07-05,922,922,707,867
1984-07-06,760,760,361,392
1984-07-07,584,584,45,397
1984-07-08,9,270,9,127
1984-07-09,943,943,430,589
1984-07-10,741,741,741,741
1984-07-11,8,863,8,59
1984-07-12,821,821,263,467
1984-07-13,326,326,326,326
1984-07-14,131,662,131,656
1984-07-15,141,270,141,239
1984-07-16,41,273,41,186
1984-07-17,67,838,67,782
1984-07-18,855,855,855,855
1984-07-19,541,629,541,551
1984-07-20,835,835,754,835
1984-07-21,216,216,216,216
1984-07-22,935,935,206,715
1984-07-23,780,780,780,780
1984-07-24,799,799,239,499
1984-07-25,759,803,615,746
1984-07-26,434,434,434,434
1984-07-27,311,311,311,311
1984-07-28,502,502,292,344
1984-07-29,992,992,525,878
1984-07-30,956,956,438,791
1984-07-31,173,811,173,784
1984-08-01,638,638,3,385
1984-08-02,136,136,136,136
1984-08-03,12,629,12,546
1984-08-04,843,843,214,406
1984-08-05,653,653,461,547
1984-08-06,767,962,511,740
1984-08-07,312,988,312,931
1984-08-08,707,707,619,690
1984-08-09,313,313,313,313
1984-08-10,358,943,358,463
1984-08-11,955,955,193,669
1984-08-12,227,370,227,302
1984-08-13,143,395,143,361
1984-08-14,86,577,86,550
1984-08-15,340,340,340,340
1984-08-16,981,981,500,661
1984-08-17,435,586,435,576
1984-08-18,82,571,82,506
1984-08-19,439,585,439,444
1984-08-20,158,158,146,154
1984-08-21,16,85,16,59
1984-08-22,405,502,26,149
1984-08-23,160,371,160,194
1984-08-24,537,537,304,507
1984-08-25,280,355,280,287
1984-08-26,997,997,721,873
1984-08-27,96,846,96,156
1984-08-28,28,861,28,494
1984-08-29,570,744,21,737
1984-08-30,985,985,431,570
1984-08-31,543,716,287,645
1984-09-01,475,864,199,794
1984-09-02,555,555,86,167
1984-09-03,853,853,677,702
1984-09-04,535,873,208,311
1984-09-05,343,343,343,343
1984-09-06,923,923,354,573
1984-09-07,611,742,611,690
1984-09-08,952,952,883,901
1984-09-09,707,973,284,441
1984-09-10,21,581,21,371
1984-09-11,135,212,135,209
1984-09-12,819,819,773,808
1984-09-13,370,370,370,370
1984-09-14,532,532,126,321
1984-09-15,528,528,528,528
1984-09-16,754,824,14,695
1984-09-17,148,758,148,550
1984-09-18,443,443,246,264
1984-09-19,235,931,235,713
1984-09-20,178,649,178,196
1984-09-21,47,374,47,243
1984-09-22,186,790,186,399
1984-09-23,122,532,122,180
1984-09-24,809,812,4,295
1984-09-25,803,820,803,818
1984-09-26,372,372,259,268
1984-09-27,829,829,634,760
1984-09-28,93,836,93,594
1984-09-29,555,773,531,532
1984-09-30,509,887,64,82
1984-10-01,116,538,116,509
1984-10-02,261,781,261,781
1984-10-03,872,872,688,861
1984-10-04,804,804,554,726
1984-10-05,491,491,251,284
1984-10-06,576,900,576,836
1984-10-07,669,669,669,669
1984-10-08,876,951,174,289
1984-10-09,730,730,730,730
1984-10-10,498,498,498,498
1984-10-11,632,632,413,500
1984-10-12,141,810,141,791
1984-10-13,375,467,375,413
1984-10-14,128,548,128,545
1984-10-15,308,365,308,308
1984-10-16,570,570,570,570
1984-10-17,829,859,674,781
1984-10-18,28,180,28,93
1984-10-19,389,389,311,324
1984-10-20,641,728,267,295
1984-10-21,706,706,496,581
1984-10-22,272,272,272,272
1984-10-23,105,105,87,89
1984-10-24,310,310,123,272
1984-10-25,27,153,27,105
1984-10-26,625,803,24,92
1984-10-27,99,99,99,99
1984-10-28,723,893,639,737
1984-10-29,783,783,783,783
1984-10-30,589,589,589,589
1984-10-31,601,601,227,416
1984-11-01,843,843,737,813
1984-11-02,125,125,125,125
1984-11-03,672,907,2,491
1984-11-04,741,741,671,717
1984-11-05,304,743,304,691
1984-11-06,318,318,318,318
1984-11-07,122,850,122,161
1984-11-08,790,931,426,721
1984-11-09,518,884,424,813
1984-11-10,882,900,173,665
1984-11-11,653,653,167,254
1984-11-12,138,205,138,204
1984-11-13,275,275,55,94
1984-11-14,699,987,319,386
1984-11-15,94,992,94,427
1984-11-16,850,850,316,360
1984-11-17,760,760,732,738
1984-11-18,762,762,762,762
1984-11-19,42,779,42,311
1984-11-20,396,519,396,515
1984-11-21,691,691,162,260
1984-11-22,7,163,7,109
1984-11-23,121,841,121,646
1984-11-24,965,965,889,957
1984-11-25,245,570,245,546
1984-11-26,286,476,286,336
1984-11-27,311,598,311,403
1984-11-28,904,904,774,817
1984-11-29,644,644,644,644
1984-11-30,341,341,341,341
1984-12-01,264,289,264,272
1984-12-02,656,656,317,363
1984-12-03,368,368,368,368
1984-12-04,657,657,446,595
1984-12-05,175,920,162,445
1984-12-06,129,129,129,129
1984-12-07,758,758,710,738
1984-12-08,338,974,338,923
1984-12-09,630,630,592,596
1984-12-10,614,614,311,572
1984-12-11,783,783,326,775
1984-12-12,906,906,646,750
1984-12-13,882,882,718,796
1984-12-14,83,572,83,93
1984-12-15,974,974,771,862
1984-12-16,54,691,54,185
1984-12-17,769,769,114,467
1984-12-18,74,943,74,294
1984-12-19,82,663,82,242
1984-12-20,622,622,287,580
1984-12-21,171,171,171,171
1984-12-22,723,967,723,741
1984-12-23,216,490,216,416
1984-12-24,552,850,552,817
1984-12-25,388,622,388,561
1984-12-26,609,609,609,609
1984-12-27,741,741,721,737
1984-12-28,813,813,326,794
1984-12-29,423,751,423,683
1984-12-30,926,926,231,628
1984-12-31,584,777,490,562
1985-01-01,377,899,225,842
1985-01-02,335,898,335,871
1985-01-03,299,358,299,354
1985-01-04,289,289,289,289
1985-01-05,787,787,291,375
1985-01-06,221,221,221,221
1985-01-07,53,482,53,357
1985-01-08,162,377,162,335
1985-01-09,490,872,295,787
1985-01-10,907,907,350,493
1985-01-11,530,882,530,815
1985-01-12,392,467,36,331
1985-01-13,189,528,111,485
1985-01-14,823,823,823,823
1985-01-15,343,934,343,769
1985-01-16,697,891,697,877
1985-01-17,802,802,802,802
1985-01-18,453,453,453,453
1985-01-19,251,251,251,251
1985-01-20,152,829,152,616
1985-01-21,561,579,144,521
1985-01-22,12,200,12,77
1985-01-23,148,216,109,190
1985-01-24,934,934,662,915
1985-01-25,936,936,43,683
1985-01-26,619,619,418,606
1985-01-27,91,250,91,202
1985-01-28,437,437,437,437
1985-01-29,144,460,144,171
1985-01-30,543,543,64,273
1985-01-31,778,778,604,655
1985-02-01,110,788,107,366
1985-02-02,867,878,388,421
1985-02-03,445,841,445,568
1985-02-04,909,998,909,960
1985-02-05,353,856,353,729
1985-02-06,230,230,2,151
1985-02-07,949,949,189,305
1985-02-08,83,806,83,500
1985-02-09,171,538,171,414
1985-02-10,413,987,369,699
1985-02-11,426,454,426,449
1985-02-12,557,944,557,601
1985-02-13,405,405,297,393
1985-02-14,3,459,3,274
1985-02-15,688,873,425,584
1985-02-16,377,377,377,377
1985-02-17,944,944,383,565
1985-02-18,70,394,70,94
1985-02-19,662,832,662,783
1985-02-20,179,502,179,312
1985-02-21,734,831,618,676
1985-02-22,863,863,359,836
1985-02-23,77,346,77,285
1985-02-24,382,589,382,401
1985-02-25,110,130,110,111
1985-02-26,387,987,387,415
1985-02-27,862,862,121,176
1985-02-28,42,313,42,280
1985-03-01,298,298,298,298
1985-03-02,9,173,9,30
1985-03-03,145,927,12,331
1985-03-04,202,202,202,202
1985-03-05,739,859,161,658
1985-03-06,214,805,214,460
1985-03-07,872,872,872,872
1985-03-08,984,984,414,712
1985-03-09,582,582,36,359
1985-03-10,390,556,390,420
1985-03-11,260,514,257,502
1985-03-12,240,390,239,281
1985-03-13,482,482,31,481
1985-03-14,134,191,134,189
1985-03-15,704,704,248,385
1985-03-16,918,918,874,889
1985-03-17,914,914,442,489
1985-03-18,186,513,186,196
1985-03-19,518,545,206,271
1985-03-20,415,428,415,420
1985-03-21,934,934,663,761
1985-03-22,365,850,124,561
1985-03-23,750,750,317,393
1985-03-24,735,772,312,391
1985-03-25,307,500,307,493
1985-03-26,416,759,332,484
1985-03-27,885,885,112,772
1985-03-28,943,943,207,861
1985-03-29,492,881,492,746
1985-03-30,529,529,529,529
1985-03-31,384,384,384,384
1985-04-01,313,863,313,377
1985-04-02,526,526,526,526
1985-04-03,492,492,492,492
1985-04-04,215,497,215,293
1985-04-05,518,518,518,518
1985-04-06,414,414,414,414
1985-04-07,189,189,189,189
1985-04-08,223,295,223,228
1985-04-09,747,996,228,623
1985-04-10,17,349,17,194
1985-04-11,874,874,528,653
1985-04-12,788,789,788,789
1985-04-13,360,360,317,317
1985-04-14,669,669,669,669
1985-04-15,342,898,342,368
1985-04-16,454,658,454,550
1985-04-17,427,554,427,542
1985-04-18,7,194,7,102
1985-04-19,361,728,361,621
1985-04-20,697,697,697,697
1985-04-21,976,976,624,968
1985-04-22,542,542,146,147
1985-04-23,482,709,482,668
1985-04-24,874,874,874,874
1985-04-25,526,526,380,475
1985-04-26,13,851,13,227
1985-04-27,594,594,177,253
1985-04-28,905,905,41,845
1985-04-29,376,410,376,403
1985-04-30,511,823,450,773
1985-05-01,984,984,556,819
1985-05-02,338,867,230,295
1985-05-03,870,870,870,870
1985-05-04,133,239,133,220
1985-05-05,846,846,635,766
1985-05-06,562,562,549,560
1985-05-07,511,511,200,509
1985-05-08,694,694,671,689
1985-05-09,388,388,388,388
1985-05-10,78,872,78,99
1985-05-11,564,564,43,94
1985-05-12,492,492,484,491
1985-05-13,584,666,584,600
1985-05-14,951,951,593,818
1985-05-15,439,439,280,306
1985-05-16,529,529,268,360
1985-05-17,663,663,287,433
1985-05-18,838,838,341,750
1985-05-19,206,977,206,901
1985-05-20,326,804,326,508
1985-05-21,348,348,348,348
1985-05-22,380,569,380,385
1985-05-23,850,850,331,364
1985-05-24,253,463,253,356
1985-05-25,927,927,894,904
1985-05-26,166,709,166,681
1985-05-27,886,886,733,748
1985-05-28,529,529,529,529
1985-05-29,418,593,418,474
1985-05-30,522,522,522,522
1985-05-31,518,518,509,514
1985-06-01,925,934,90,579
1985-06-02,848,848,46,317
1985-06-03,826,826,824,826
1985-06-04,985,985,39,398
1985-06-05,747,747,387,590
1985-06-06,100,458,14,92
1985-06-07,783,783,17,403
1985-06-08,580,580,580,580
1985-06-09,315,315,315,315
1985-06-10,274,534,274,344
1985-06-11,539,539,348,534
1985-06-12,30,94,30,33
1985-06-13,773,773,718,731
1985-06-14,743,888,743,788
1985-06-15,35,509,35,310
1985-06-16,973,973,604,940
1985-06-17,990,990,662,845
1985-06-18,773,910,227,667
1985-06-19,446,958,446,658
1985-06-20,76,482,45,309
1985-06-21,641,641,291,504
1985-06-22,896,896,229,861
1985-06-23,845,845,764,768
1985-06-24,314,314,177,239
1985-06-25,950,950,199,388
1985-06-26,181,462,146,454
1985-06-27,266,703,266,335
1985-06-28,750,750,593,635
1985-06-29,114,432,114,342
1985-06-30,513,513,379,487
1985-07-01,819,819,609,699
1985-07-02,496,638,448,565
1985-07-03,834,834,834,834
1985-07-04,577,577,577,577
1985-07-05,132,593,132,208
1985-07-06,756,808,442,557
1985-07-07,917,917,204,907
1985-07-08,395,974,209,651
1985-07-09,619,629,619,626
1985-07-10,766,766,766,766
1985-07-11,736,736,736,736
1985-07-12,87,730,87,319
1985-07-13,92,407,92,154
1985-07-14,282,378,282,329
1985-07-15,305,783,76,77
1985-07-16,130,455,130,378
1985-07-17,118,215,79,193
1985-07-18,995,995,883,990
1985-07-19,447,454,416,440
1985-07-20,154,572,154,517
1985-07-21,425,697,140,176
1985-07-22,804,804,13,355
1985-07-23,338,338,338,338
1985-07-24,978,978,907,956
1985-07-25,423,423,380,403
1985-07-26,974,974,278,575
1985-07-27,17,705,17,285
1985-07-28,744,744,709,728
1985-07-29,252,467,252,383
1985-07-30,604,888,604,753
1985-07-31,194,503,46,379
1985-08-01,355,947,85,256
1985-08-02,29,491,29,192
1985-08-03,18,893,18,885
1985-08-04,301,307,301,306
1985-08-05,983,983,567,595
1985-08-06,441,523,441,496
1985-08-07,129,591,129,272
1985-08-08,76,785,76,706
1985-08-09,446,650,110,649
1985-08-10,941,941,441,903
1985-08-11,294,457,294,451
1985-08-12,577,944,96,523
1985-08-13,965,965,801,808
1985-08-14,690,690,342,623
1985-08-15,234,234,234,234
1985-08-16,341,432,341,432
1985-08-17,659,937,659,817
1985-08-18,810,810,627,764
1985-08-19,762,762,127,561
1985-08-20,589,589,589,589
1985-08-21,807,925,231,912
1985-08-22,954,954,182,840
1985-08-23,847,847,847,847
1985-08-24,119,119,119,119
1985-08-25,935,935,275,400
1985-08-26,792,792,11,591
1985-08-27,228,347,228,325
1985-08-28,126,570,126,226
1985-08-29,801,870,801,852
1985-08-30,825,825,150,296
1985-08-31,768,768,196,677
1985-09-01,61,882,61,99
1985-09-02,822,822,698,821
1985-09-03,848,848,848,848
1985-09-04,148,926,148,534
1985-09-05,822,822,449,734
1985-09-06,518,518,211,342
1985-09-07,252,252,252,252
1985-09-08,88,920,88,458
1985-09-09,830,830,344,696
1985-09-10,779,779,221,470
1985-09-11,222,722,222,555
1985-09-12,213,620,213,462
1985-09-13,521,883,410,781
1985-09-14,98,384,98,327
1985-09-15,426,426,260,304
1985-09-16,787,787,701,733
1985-09-17,135,238,135,210
1985-09-18,563,565,146,404
1985-09-19,719,719,93,287
1985-09-20,645,645,176,440
1985-09-21,798,905,206,755
1985-09-22,627,627,286,455
1985-09-23,610,776,610,757
1985-09-24,794,794,241,672
1985-09-25,84,782,84,432
1985-09-26,497,497,497,497
1985-09-27,787,787,199,563
1985-09-28,890,890,789,828
1985-09-29,872,872,421,838
1985-09-30,425,953,425,504
1985-10-01,277,277,277,277
1985-10-02,671,747,461,475
1985-10-03,894,894,515,609
1985-10-04,342,834,188,815
1985-10-05,159,574,159,197
1985-10-06,702,714,626,638
1985-10-07,147,569,147,391
1985-10-08,944,944,680,751
1985-10-09,133,617,133,504
1985-10-10,261,654,261,392
1985-10-11,698,833,408,562
1985-10-12,688,688,389,514
1985-10-13,176,886,176,546
1985-10-14,237,451,104,357
1985-10-15,216,524,216,367
1985-10-16,818,818,411,674
1985-10-17,281,976,189,577
1985-10-18,259,641,259,487
1985-10-19,5,839,5,212
1985-10-20,789,789,525,661
1985-10-21,873,873,327,784
1985-10-22,267,311,106,206
1985-10-23,396,396,323,339
1985-10-24,408,581,408,573
1985-10-25,146,146,146,146
1985-10-26,564,564,564,564
1985-10-27,245,776,107,461
1985-10-28,882,991,882,890
1985-10-29,441,441,441,441
1985-10-30,791,791,791,791
1985-10-31,713,713,297,684
1985-11-01,268,702,268,284
1985-11-02,653,727,653,697
1985-11-03,228,239,228,239
1985-11-04,593,718,590,709
1985-11-05,780,915,607,910
1985-11-06,881,881,828,862
1985-11-07,570,570,570,570
1985-11-08,144,144,144,144
1985-11-09,38,38,38,38
1985-11-10,339,748,339,444
1985-11-11,892,892,79,632
1985-11-12,424,894,424,823
1985-11-13,419,842,122,829
1985-11-14,521,521,193,511
1985-11-15,59,646,59,71
1985-11-16,998,998,491,991
1985-11-17,312,613,312,370
1985-11-18,447,447,198,282
1985-11-19,804,879,532,615
1985-11-20,213,213,213,213
1985-11-21,196,582,196,450
1985-11-22,74,958,74,753
1985-11-23,446,868,212,795
1985-11-24,466,913,466,495
1985-11-25,689,721,689,696
1985-11-26,320,420,320,329
1985-11-27,473,798,473,561
1985-11-28,38,771,38,389
1985-11-29,699,754,642,694
1985-11-30,780,780,481,673
1985-12-01,336,815,84,777
1985-12-02,345,750,211,710
1985-12-03,787,787,562,706
1985-12-04,423,423,423,423
1985-12-05,46,366,46,118
1985-12-06,314,767,236,509
1985-12-07,207,999,129,598
1985-12-08,383,383,383,383
1985-12-09,7,487,7,124
1985-12-10,864,864,379,673
1985-12-11,655,816,655,756
1985-12-12,487,593,487,585
1985-12-13,101,101,9,90
1985-12-14,598,598,598,598
1985-12-15,649,720,459,555
1985-12-16,847,847,436,838
1985-12-17,124,568,124,433
1985-12-18,697,697,479,693
1985-12-19,600,600,600,600
1985-12-20,205,870,194,848
1985-12-21,698,765,698,728
1985-12-22,256,256,256,256
1985-12-23,35,861,35,459
1985-12-24,55,580,55,511
1985-12-25,486,486,486,486
1985-12-26,683,683,645,658
1985-12-27,80,80,38,51
1985-12-28,354,354,193,265
1985-12-29,541,541,541,541
1985-12-30,989,989,368,455
1985-12-31,493,908,465,805
1986-01-01,726,726,172,253
1986-01-02,237,786,237,511
1986-01-03,137,802,137,208
1986-01-04,102,351,102,285
1986-01-05,589,589,589,589
1986-01-06,206,402,206,256
1986-01-07,561,852,561,659
1986-01-08,252,873,252,701
1986-01-09,105,730,105,126
1986-01-10,106,923,106,780
1986-01-11,448,736,448,509
1986-01-12,906,906,906,906
1986-01-13,550,550,23,335
1986-01-14,451,451,265,343
1986-01-15,877,877,877,877
1986-01-16,450,724,85,144
1986-01-17,657,657,12,496
1986-01-18,444,963,444,647
1986-01-19,679,679,670,673
1986-01-20,913,913,355,704
1986-01-21,967,967,330,611
1986-01-22,145,674,61,118
1986-01-23,473,501,327,343
1986-01-24,58,190,58,88
1986-01-25,598,598,199,319
1986-01-26,803,803,544,563
1986-01-27,777,981,197,822
1986-01-28,113,558,113,113
1986-01-29,590,590,307,336
1986-01-30,910,910,140,292
1986-01-31,467,467,406,446
1986-02-01,326,361,281,348
1986-02-02,788,788,546,775
1986-02-03,507,507,500,500
1986-02-04,378,492,178,407
1986-02-05,781,781,543,753
1986-02-06,899,899,2,375
1986-02-07,818,818,588,813
1986-02-08,401,744,401,421
1986-02-09,363,397,363,389
1986-02-10,411,978,137,717
1986-02-11,198,306,198,233
1986-02-12,683,683,683,683
1986-02-13,168,445,27,133
1986-02-14,881,881,518,808
1986-02-15,557,557,557,557
1986-02-16,581,847,565,658
1986-02-17,770,770,770,770
1986-02-18,61,696,61,108
1986-02-19,114,709,114,118
1986-02-20,863,863,863,863
1986-02-21,932,932,233,627
1986-02-22,953,953,405,928
1986-02-23,605,672,373,429
1986-02-24,725,725,725,725
1986-02-25,978,978,814,818
1986-02-26,385,561,163,355
1986-02-27,586,586,568,570
1986-02-28,61,948,61,827
1986-03-01,261,971,123,315
1986-03-02,222,808,222,565
1986-03-03,236,644,236,241
1986-03-04,779,779,500,605
1986-03-05,954,954,98,222
1986-03-06,982,982,674,834
1986-03-07,99,674,99,540
1986-03-08,134,219,134,134
1986-03-09,443,443,120,248
1986-03-10,117,869,117,140
1986-03-11,127,670,127,411
1986-03-12,371,371,371,371
1986-03-13,734,734,506,669
1986-03-14,32,680,32,76
1986-03-15,581,581,151,480
1986-03-16,953,953,376,562
1986-03-17,969,969,684,774
1986-03-18,554,554,554,554
1986-03-19,874,874,874,874
1986-03-20,782,782,702,714
1986-03-21,338,433,26,225
1986-03-22,309,309,271,282
1986-03-23,698,698,154,200
1986-03-24,480,480,480,480
1986-03-25,988,988,593,988
1986-03-26,283,283,232,237
1986-03-27,37,133,37,46
1986-03-28,862,862,437,437
1986-03-29,82,493,82,182
1986-03-30,88,956,42,704
1986-03-31,215,215,215,215
1986-04-01,658,758,274,720
1986-04-02,83,477,1,247
1986-04-03,925,925,666,729
1986-04-04,741,741,21,349
1986-04-05,489,489,489,489
1986-04-06,296,788,296,591
1986-04-07,535,838,52,518
1986-04-08,927,927,850,925
1986-04-09,711,711,437,683
1986-04-10,968,968,916,952
1986-04-11,386,386,23,196
1986-04-12,955,955,360,863
1986-04-13,591,591,591,591
1986-04-14,347,659,81,486
1986-04-15,77,288,77,220
1986-04-16,764,764,345,635
1986-04-17,869,869,402,660
1986-04-18,893,994,32,115
1986-04-19,947,947,853,876
1986-04-20,534,627,243,615
1986-04-21,545,545,545,545
1986-04-22,655,724,635,695
1986-04-23,49,725,49,184
1986-04-24,110,951,110,182
1986-04-25,317,374,317,369
1986-04-26,444,913,444,697
1986-04-27,794,794,794,794
1986-04-28,837,837,264,591
1986-04-29,506,506,173,305
1986-04-30,981,981,881,925
1986-05-01,579,850,217,326
1986-05-02,697,697,252,649
1986-05-03,446,446,201,278
1986-05-04,850,850,245,794
1986-05-05,251,251,114,234
1986-05-06,559,559,173,303
1986-05-07,827,827,680,799
1986-05-08,844,844,844,844
1986-05-09,959,959,721,886
1986-05-10,652,652,652,652
1986-05-11,710,710,114,153
1986-05-12,768,788,675,714
1986-05-13,990,990,723,823
1986-05-14,767,767,484,511
1986-05-15,702,702,71,609
1986-05-16,43,141,43,57
1986-05-17,340,340,340,340
1986-05-18,34,587,34,175
1986-05-19,514,514,114,133
1986-05-20,97,297,97,166
1986-05-21,765,765,765,765
1986-05-22,28,179,28,139
1986-05-23,547,964,530,883
1986-05-24,911,911,579,683
1986-05-25,347,538,288,370
1986-05-26,416,896,369,670
1986-05-27,78,78,78,78
1986-05-28,808,808,573,593
1986-05-29,462,616,462,536
1986-05-30,9,655,9,415
1986-05-31,6,883,6,96
1986-06-01,710,763,643,678
1986-06-02,510,580,189,522
1986-06-03,13,39,13,39
1986-06-04,20,265,20,208
1986-06-05,986,986,586,870
1986-06-06,498,960,498,508
1986-06-07,868,868,79,507
1986-06-08,945,945,660,782
1986-06-09,536,536,536,536
1986-06-10,557,557,557,557
1986-06-11,20,67,20,34
1986-06-12,90,90,90,90
1986-06-13,231,231,231,231
1986-06-14,695,695,591,665
1986-06-15,567,863,567,858
1986-06-16,564,564,309,367
1986-06-17,253,900,253,783
1986-06-18,492,791,97,202
1986-06-19,223,246,223,225
1986-06-20,197,767,136,160
1986-06-21,926,926,635,848
1986-06-22,895,895,895,895
1986-06-23,958,958,899,926
1986-06-24,611,611,428,599
1986-06-25,590,590,260,408
1986-06-26,276,324,276,289
1986-06-27,386,575,386,461
1986-06-28,211,706,211,507
1986-06-29,985,985,241,338
1986-06-30,887,990,792,894
1986-07-01,323,323,64,270
1986-07-02,264,264,264,264
1986-07-03,386,446,386,441
1986-07-04,840,840,833,835
1986-07-05,390,390,390,390
1986-07-06,785,785,317,467
1986-07-07,177,177,177,177
1986-07-08,120,176,120,149
1986-07-09,474,474,474,474
1986-07-10,678,878,565,728
1986-07-11,58,201,58,142
1986-07-12,465,465,104,214
1986-07-13,430,559,373,517
1986-07-14,592,592,592,592
1986-07-15,539,539,539,539
1986-07-16,932,932,162,704
1986-07-17,648,648,648,648
1986-07-18,29,478,29,137
1986-07-19,323,953,323,800
1986-07-20,429,429,319,323
1986-07-21,774,774,774,774
1986-07-22,278,763,278,335
1986-07-23,333,437,333,354
1986-07-24,300,994,300,475
1986-07-25,19,507,19,490
1986-07-26,943,943,840,861
1986-07-27,953,953,106,129
1986-07-28,251,367,251,287
1986-07-29,946,946,62,775
1986-07-30,839,839,366,474
1986-07-31,162,467,9,407
1986-08-01,564,918,564,596
1986-08-02,380,471,45,54
1986-08-03,765,765,254,287
1986-08-04,732,732,584,673
1986-08-05,921,921,562,579
1986-08-06,911,911,724,755
1986-08-07,377,377,377,377
1986-08-08,400,458,216,369
1986-08-09,621,621,621,621
1986-08-10,83,862,83,613
1986-08-11,242,597,150,563
1986-08-12,331,722,35,539
1986-08-13,60,591,60,486
1986-08-14,287,501,287,339
1986-08-15,572,572,410,483
1986-08-16,676,676,98,429
1986-08-17,440,845,199,208
1986-08-18,46,395,46,257
1986-08-19,150,779,150,561
1986-08-20,535,535,498,514
1986-08-21,909,909,472,632
1986-08-22,430,620,430,584
1986-08-23,298,434,298,316
1986-08-24,45,700,34,176
1986-08-25,982,982,408,520
1986-08-26,757,814,757,776
1986-08-27,924,924,831,881
1986-08-28,1,546,1,538
1986-08-29,834,904,149,865
1986-08-30,224,813,224,719
1986-08-31,583,583,583,583
1986-09-01,212,212,212,212
1986-09-02,740,740,157,199
1986-09-03,661,661,661,661
1986-09-04,956,956,398,567
1986-09-05,69,781,69,452
1986-09-06,327,726,51,347
1986-09-07,854,854,854,854
1986-09-08,770,770,770,770
1986-09-09,734,864,734,777
1986-09-10,971,971,593,697
1986-09-11,775,775,1,413
1986-09-12,782,782,622,769
1986-09-13,596,596,440,542
1986-09-14,364,364,364,364
1986-09-15,452,452,452,452
1986-09-16,683,885,53,221
1986-09-17,621,621,57,131
1986-09-18,678,678,678,678
1986-09-19,984,984,981,981
1986-09-20,744,744,256,386
1986-09-21,766,766,270,273
1986-09-22,485,805,456,536
1986-09-23,574,774,325,328
1986-09-24,113,607,17,86
1986-09-25,335,721,278,545
1986-09-26,495,495,495,495
1986-09-27,42,330,42,256
1986-09-28,120,705,120,489
1986-09-29,226,226,226,226
1986-09-30,453,473,453,463
1986-10-01,258,416,79,301
1986-10-02,497,885,497,817
1986-10-03,155,218,155,199
1986-10-04,951,951,577,888
1986-10-05,617,617,72,617
1986-10-06,861,994,861,902
1986-10-07,534,967,236,283
1986-10-08,91,845,91,714
1986-10-09,515,889,484,599
1986-10-10,244,882,31,513
1986-10-11,749,749,749,749
1986-10-12,700,892,700,849
1986-10-13,188,628,188,457
1986-10-14,932,932,229,356
1986-10-15,376,829,376,685
1986-10-16,7,796,7,34
1986-10-17,162,341,96,148
1986-10-18,703,823,430,464
1986-10-19,357,720,357,561
1986-10-20,98,98,98,98
1986-10-21,849,849,849,849
1986-10-22,591,632,591,602
1986-10-23,914,914,911,914
1986-10-24,588,984,588,835
1986-10-25,622,885,622,859
1986-10-26,459,466,459,463
1986-10-27,375,639,375,579
1986-10-28,619,619,619,619
1986-10-29,722,722,722,722
1986-10-30,710,710,535,624
1986-10-31,632,756,82,307
1986-11-01,104,111,104,104
1986-11-02,779,779,80,477
1986-11-03,130,130,130,130
1986-11-04,578,608,578,594
1986-11-05,745,745,745,745
1986-11-06,984,984,837,844
1986-11-07,144,989,144,165
1986-11-08,428,719,262,560
1986-11-09,91,363,91,173
1986-11-10,440,772,440,632
1986-11-11,165,592,165,196
1986-11-12,150,687,58,454
1986-11-13,424,482,210,443
1986-11-14,598,949,598,935
1986-11-15,482,482,482,482
1986-11-16,470,470,223,312
1986-11-17,774,774,774,774
1986-11-18,594,594,109,471
1986-11-19,72,787,72,317
1986-11-20,209,209,0,191
1986-11-21,235,235,235,235
1986-11-22,190,381,190,261
1986-11-23,292,292,292,292
1986-11-24,326,326,326,326
1986-11-25,105,828,105,774
1986-11-26,590,840,268,687
1986-11-27,964,964,456,597
1986-11-28,65,551,65,483
1986-11-29,123,172,123,159
1986-11-30,486,747,13,345
1986-12-01,277,277,277,277
1986-12-02,650,650,126,427
1986-12-03,655,662,363,578
1986-12-04,304,836,304,608
1986-12-05,22,370,22,252
1986-12-06,16,871,16,575
1986-12-07,771,771,230,486
1986-12-08,19,755,19,221
1986-12-09,944,944,929,932
1986-12-10,833,833,610,649
1986-12-11,359,670,359,404
1986-12-12,871,871,284,782
1986-12-13,384,785,266,480
1986-12-14,589,589,589,589
1986-12-15,147,331,147,190
1986-12-16,104,701,104,572
1986-12-17,556,988,533,862
1986-12-18,431,431,268,417
1986-12-19,138,185,138,145
1986-12-20,38,71,38,49
1986-12-21,461,715,461,655
1986-12-22,707,877,48,124
1986-12-23,684,684,74,108
1986-12-24,974,974,459,737
1986-12-25,738,738,738,738
1986-12-26,434,434,434,434
1986-12-27,626,803,508,689
1986-12-28,698,698,408,616
1986-12-29,397,978,397,644
1986-12-30,109,671,109,211
1986-12-31,256,551,256,354
1987-01-01,61,621,61,407
1987-01-02,137,957,137,860
1987-01-03,914,914,796,855
1987-01-04,955,955,477,783
1987-01-05,280,749,280,744
1987-01-06,397,477,397,401
1987-01-07,108,835,108,200
1987-01-08,826,964,826,885
1987-01-09,438,804,150,171
1987-01-10,26,510,26,61
1987-01-11,888,888,516,621
1987-01-12,926,926,926,926
1987-01-13,715,715,204,321
1987-01-14,230,583,230,300
1987-01-15,841,841,841,841
1987-01-16,714,714,52,239
1987-01-17,963,963,963,963
1987-01-18,37,848,37,605
1987-01-19,118,682,118,333
1987-01-20,464,464,464,464
1987-01-21,605,605,292,582
1987-01-22,344,829,344,766
1987-01-23,572,633,572,633
1987-01-24,820,820,225,355
1987-01-25,680,680,680,680
1987-01-26,782,782,437,706
1987-01-27,297,616,297,544
1987-01-28,565,778,224,656
1987-01-29,640,993,640,761
1987-01-30,17,495,17,93
1987-01-31,293,791,17,403
1987-02-01,760,760,760,760
1987-02-02,729,729,676,681
1987-02-03,624,769,622,678
1987-02-04,207,507,207,404
1987-02-05,838,838,251,762
1987-02-06,526,906,526,887
1987-02-07,144,779,144,269
1987-02-08,144,567,144,428
1987-02-09,503,903,503,837
1987-02-10,229,705,229,595
1987-02-11,428,440,428,437
1987-02-12,655,655,655,655
1987-02-13,704,704,704,704
1987-02-14,779,779,779,779
1987-02-15,194,198,194,194
1987-02-16,491,910,491,728
1987-02-17,544,739,280,702
1987-02-18,520,520,277,380
1987-02-19,314,729,314,583
1987-02-20,441,902,441,467
1987-02-21,479,935,479,709
1987-02-22,224,671,224,485
1987-02-23,81,586,81,81
1987-02-24,935,935,935,935
1987-02-25,6,237,6,134
1987-02-26,207,506,207,313
1987-02-27,170,373,170,224
1987-02-28,437,710,284,294
1987-03-01,56,575,56,174
1987-03-02,443,575,51,374
1987-03-03,563,563,161,393
1987-03-04,407,429,407,427
1987-03-05,980,980,14,959
1987-03-06,511,991,511,637
1987-03-07,221,626,221,486
1987-03-08,639,639,639,639
1987-03-09,762,762,762,762
1987-03-10,285,795,285,664
1987-03-11,542,542,210,306
1987-03-12,425,425,58,211
1987-03-13,641,641,618,639
1987-03-14,309,746,309,684
1987-03-15,847,847,818,827
1987-03-16,593,593,342,530
1987-03-17,59,808,59,684
1987-03-18,232,851,232,297
1987-03-19,455,587,442,565
1987-03-20,18,709,18,101
1987-03-21,558,835,164,446
1987-03-22,896,896,82,437
1987-03-23,114,862,114,196
1987-03-24,438,438,438,438
1987-03-25,642,933,150,255
1987-03-26,606,757,606,723
1987-03-27,929,929,114,781
1987-03-28,91,810,91,113
1987-03-29,835,835,835,835
1987-03-30,974,974,754,884
1987-03-31,671,894,387,635
1987-04-01,719,719,657,699
1987-04-02,855,855,228,286
1987-04-03,427,427,280,423
1987-04-04,800,957,800,834
1987-04-05,241,637,241,255
1987-04-06,542,542,542,542
1987-04-07,488,560,472,537
1987-04-08,855,855,855,855
1987-04-09,222,820,195,246
1987-04-10,475,475,221,299
1987-04-11,245,506,245,320
1987-04-12,933,933,534,828
1987-04-13,274,300,274,290
1987-04-14,994,994,369,802
1987-04-15,916,916,579,666
1987-04-16,9,100,9,42
1987-04-17,926,926,926,926
1987-04-18,882,882,326,580
1987-04-19,516,516,516,516
1987-04-20,556,556,447,484
1987-04-21,450,450,450,450
1987-04-22,434,434,434,434
1987-04-23,844,844,242,546
1987-04-24,383,383,30,269
1987-04-25,99,199,99,156
1987-04-26,978,978,864,947
1987-04-27,85,965,85,879
1987-04-28,922,922,147,319
1987-04-29,327,685,327,453
1987-04-30,489,489,30,267
1987-05-01,385,385,385,385
1987-05-02,832,832,536,621
1987-05-03,540,640,540,582
1987-05-04,990,990,28,894
1987-05-05,95,95,95,95
1987-05-06,430,430,395,428
1987-05-07,664,664,664,664
1987-05-08,868,868,868,868
1987-05-09,892,892,488,805
1987-05-10,622,767,68,83
1987-05-11,273,916,273,817
1987-05-12,239,358,239,242
1987-05-13,738,738,738,738
1987-05-14,367,743,367,634
1987-05-15,181,564,181,563
1987-05-16,62,101,62,76
1987-05-17,472,472,307,377
1987-05-18,571,571,12,49
1987-05-19,822,822,287,607
1987-05-20,471,571,471,527
1987-05-21,667,667,416,619
1987-05-22,612,612,142,464
1987-05-23,915,915,36,361
1987-05-24,184,184,184,184
1987-05-25,601,601,601,601
1987-05-26,559,559,559,559
1987-05-27,395,885,395,515
1987-05-28,551,551,551,551
1987-05-29,185,597,58,134
1987-05-30,107,107,107,107
1987-05-31,290,290,290,290
1987-06-01,953,953,603,951
1987-06-02,382,760,382,702
1987-06-03,955,955,294,879
1987-06-04,679,679,44,221
1987-06-05,752,752,752,752
1987-06-06,705,857,705,799
1987-06-07,223,312,223,245
1987-06-08,249,963,154,519
1987-06-09,338,338,338,338
1987-06-10,144,337,144,232
1987-06-11,144,393,124,140
1987-06-12,385,849,385,585
1987-06-13,398,498,398,430
1987-06-14,188,188,188,188
1987-06-15,151,307,151,245
1987-06-16,898,898,631,829
1987-06-17,734,734,578,706
1987-06-18,537,537,537,537
1987-06-19,831,848,831,836
1987-06-20,211,396,211,360
1987-06-21,496,668,496,498
1987-06-22,693,849,693,753
1987-06-23,202,360,202,345
1987-06-24,661,663,22,333
1987-06-25,425,425,425,425
1987-06-26,357,357,357,357
1987-06-27,345,782,345,728
1987-06-28,237,830,237,787
1987-06-29,226,234,226,229
1987-06-30,325,419,148,220
1987-07-01,979,979,228,737
1987-07-02,158,306,78,160
1987-07-03,936,936,858,911
1987-07-04,1,770,1,304
1987-07-05,781,781,781,781
1987-07-06,365,365,365,365
1987-07-07,171,171,171,171
1987-07-08,80,359,80,335
1987-07-09,92,159,92,146
1987-07-10,107,231,107,198
1987-07-11,316,847,260,420
1987-07-12,490,593,490,581
1987-07-13,726,726,566,717
1987-07-14,156,163,156,158
1987-07-15,982,982,634,747
1987-07-16,953,953,475,883
1987-07-17,158,627,158,574
1987-07-18,840,854,252,804
1987-07-19,796,796,796,796
1987-07-20,150,511,150,336
1987-07-21,244,244,244,244
1987-07-22,82,813,82,348
1987-07-23,509,509,470,494
1987-07-24,826,826,826,826
1987-07-25,982,982,844,900
1987-07-26,792,792,717,743
1987-07-27,881,881,848,868
1987-07-28,336,336,257,296
1987-07-29,258,821,75,270
1987-07-30,47,674,47,255
1987-07-31,436,436,358,368
1987-08-01,208,720,208,558
1987-08-02,635,635,635,635
1987-08-03,503,665,397,458
1987-08-04,948,948,261,304
1987-08-05,139,139,43,135
1987-08-06,568,568,483,568
1987-08-07,798,798,65,779
1987-08-08,792,792,443,714
1987-08-09,901,961,357,611
1987-08-10,601,601,601,601
1987-08-11,492,895,492,847
1987-08-12,868,868,468,500
1987-08-13,203,203,203,203
1987-08-14,307,422,307,414
1987-08-15,392,688,392,448
1987-08-16,267,267,247,267
1987-08-17,874,874,874,874
1987-08-18,446,446,446,446
1987-08-19,97,451,97,153
1987-08-20,481,973,481,492
1987-08-21,922,922,922,922
1987-08-22,918,918,659,764
1987-08-23,900,900,544,591
1987-08-24,237,977,237,287
1987-08-25,343,343,236,267
1987-08-26,293,293,293,293
1987-08-27,70,191,70,138
1987-08-28,904,904,296,749
1987-08-29,802,997,507,579
1987-08-30,600,600,361,408
1987-08-31,755,955,531,660
1987-09-01,335,335,228,252
1987-09-02,44,264,44,232
1987-09-03,813,813,813,813
1987-09-04,72,106,72,104
1987-09-05,675,952,167,933
1987-09-06,816,816,816,816
1987-09-07,377,434,377,423
1987-09-08,289,402,289,330
1987-09-09,342,828,342,631
1987-09-10,14,16,14,16
1987-09-11,573,573,69,289
1987-09-12,241,241,241,241
1987-09-13,998,998,228,704
1987-09-14,848,848,324,774
1987-09-15,508,936,51,912
1987-09-16,119,797,119,777
1987-09-17,472,472,217,410
1987-09-18,152,555,10,260
1987-09-19,136,926,136,560
1987-09-20,711,711,360,523
1987-09-21,902,902,227,360
1987-09-22,447,981,447,594
1987-09-23,539,539,374,476
1987-09-24,310,310,232,236
1987-09-25,383,540,383,474
1987-09-26,773,773,30,647
1987-09-27,62,655,62,377
1987-09-28,770,770,669,684
1987-09-29,673,673,541,599
1987-09-30,275,931,31,799
1987-10-01,837,837,756,798
1987-10-02,376,992,376,623
1987-10-03,372,950,372,778
1987-10-04,80,646,80,554
1987-10-05,565,607,423,445
1987-10-06,307,776,307,652
1987-10-07,522,743,522,578
1987-10-08,885,885,441,806
1987-10-09,804,804,627,713
1987-10-10,811,811,14,565
1987-10-11,449,449,449,449
1987-10-12,150,668,150,496
1987-10-13,820,820,370,598
1987-10-14,349,804,80,344
1987-10-15,56,369,56,234
1987-10-16,761,761,761,761
1987-10-17,462,486,462,484
1987-10-18,749,749,663,685
1987-10-19,531,531,531,531
1987-10-20,617,617,198,534
1987-10-21,831,831,139,165
1987-10-22,758,758,283,456
1987-10-23,867,867,334,596
1987-10-24,636,696,20,163
1987-10-25,189,463,189,352
1987-10-26,172,893,112,336
1987-10-27,83,83,83,83
1987-10-28,637,637,513,545
1987-10-29,209,970,209,286
1987-10-30,55,663,55,464
1987-10-31,539,830,162,696
1987-11-01,121,602,121,184
1987-11-02,501,668,22,315
1987-11-03,715,715,178,672
1987-11-04,792,792,571,774
1987-11-05,724,724,487,694
1987-11-06,545,545,545,545
1987-11-07,279,279,61,99
1987-11-08,998,998,925,925
1987-11-09,152,852,152,497
1987-11-10,895,895,691,799
1987-11-11,870,909,437,864
1987-11-12,428,745,428,616
1987-11-13,277,420,277,388
1987-11-14,387,387,381,387
1987-11-15,163,163,163,163
1987-11-16,120,939,120,533
1987-11-17,421,923,421,776
1987-11-18,104,763,104,377
1987-11-19,536,536,20,231
1987-11-20,87,87,87,87
1987-11-21,365,866,365,671
1987-11-22,624,624,477,546
1987-11-23,292,872,256,685
1987-11-24,192,872,104,284
1987-11-25,808,808,808,808
1987-11-26,80,850,80,805
1987-11-27,426,560,136,294
1987-11-28,847,847,33,714
1987-11-29,194,194,194,194
1987-11-30,485,588,174,520
1987-12-01,156,346,156,313
1987-12-02,696,696,146,336
1987-12-03,424,424,274,414
1987-12-04,770,770,165,489
1987-12-05,850,850,850,850
1987-12-06,527,527,151,370
1987-12-07,476,535,476,508
1987-12-08,718,718,271,449
1987-12-09,558,558,277,288
1987-12-10,340,880,73,678
1987-12-11,943,943,203,256
1987-12-12,260,449,260,403
1987-12-13,910,910,910,910
1987-12-14,803,803,613,648
1987-12-15,185,185,97,159
1987-12-16,273,481,261,427
1987-12-17,960,960,662,902
1987-12-18,622,665,622,645
1987-12-19,776,776,610,752
1987-12-20,147,160,147,153
1987-12-21,390,770,321,680
1987-12-22,987,987,645,659
1987-12-23,76,783,76,224
1987-12-24,260,431,218,238
1987-12-25,868,868,868,868
1987-12-26,525,533,410,518
1987-12-27,738,849,483,624
1987-12-28,398,398,398,398
1987-12-29,289,433,171,252
1987-12-30,248,391,248,385
1987-12-31,813,857,558,672
1988-01-01,805,805,391,662
1988-01-02,413,438,413,413
1988-01-03,848,848,127,474
1988-01-04,112,658,112,283
1988-01-05,710,710,532,669
1988-01-06,28,32,28,29
1988-01-07,464,464,464,464
1988-01-08,798,798,425,496
1988-01-09,898,898,898,898
1988-01-10,97,97,97,97
1988-01-11,62,334,62,243
1988-01-12,298,317,103,278
1988-01-13,200,612,200,413
1988-01-14,595,912,227,588
1988-01-15,918,918,645,654
1988-01-16,134,542,134,285
1988-01-17,326,868,54,154
1988-01-18,315,560,315,337
1988-01-19,688,688,295,584
1988-01-20,346,461,346,441
1988-01-21,602,992,602,931
1988-01-22,301,386,301,380
1988-01-23,112,665,29,314
1988-01-24,984,984,522,728
1988-01-25,640,657,640,651
1988-01-26,269,835,269,405
1988-01-27,794,794,300,606
1988-01-28,321,321,171,184
1988-01-29,701,701,701,701
1988-01-30,191,523,99,423
1988-01-31,918,918,30,110
1988-02-01,307,799,14,278
1988-02-02,79,740,79,420
1988-02-03,505,505,162,240
1988-02-04,36,399,36,173
1988-02-05,544,544,544,544
1988-02-06,169,718,169,561
1988-02-07,173,643,173,315
1988-02-08,439,439,439,439
1988-02-09,13,944,13,463
1988-02-10,856,856,801,817
1988-02-11,328,328,328,328
1988-02-12,996,996,534,996
1988-02-13,538,538,538,538
1988-02-14,617,617,597,609
1988-02-15,156,384,156,212
1988-02-16,408,408,152,224
1988-02-17,209,209,67,169
1988-02-18,173,173,94,109
1988-02-19,235,380,235,306
1988-02-20,140,591,115,336
1988-02-21,411,830,118,524
1988-02-22,189,202,189,202
1988-02-23,886,986,845,878
1988-02-24,298,698,298,679
1988-02-25,288,526,288,500
1988-02-26,581,832,172,715
1988-02-27,257,962,257,892
1988-02-28,214,581,214,416
1988-02-29,986,986,346,847
1988-03-01,710,710,427,694
1988-03-02,448,632,448,551
1988-03-03,406,802,142,764
1988-03-04,674,674,519,644
1988-03-05,588,588,459,473
1988-03-06,590,590,590,590
1988-03-07,554,618,510,577
1988-03-08,223,877,223,540
1988-03-09,712,712,712,712
1988-03-10,494,494,253,409
1988-03-11,163,163,163,163
1988-03-12,378,695,279,622
1988-03-13,960,960,259,428
1988-03-14,705,835,705,798
1988-03-15,192,295,27,248
1988-03-16,656,875,326,463
1988-03-17,385,531,385,395
1988-03-18,572,749,71,745
1988-03-19,640,640,640,640
1988-03-20,881,881,881,881
1988-03-21,110,727,56,381
1988-03-22,998,998,179,808
1988-03-23,967,967,879,965
1988-03-24,16,144,16,122
1988-03-25,416,462,170,420
1988-03-26,446,446,446,446
1988-03-27,341,850,341,743
1988-03-28,164,972,164,818
1988-03-29,709,709,709,709
1988-03-30,650,650,650,650
1988-03-31,820,820,369,629
1988-04-01,112,812,112,695
1988-04-02,242,409,242,271
1988-04-03,794,911,86,874
1988-04-04,408,635,408,560
1988-04-05,481,844,194,723
1988-04-06,566,566,302,481
1988-04-07,941,941,664,709
1988-04-08,144,215,100,194
1988-04-09,522,528,522,528
1988-04-10,908,975,854,921
1988-04-11,568,568,252,406
1988-04-12,7,494,7,397
1988-04-13,334,819,334,364
1988-04-14,928,928,644,675
1988-04-15,314,314,314,314
1988-04-16,836,836,418,566
1988-04-17,792,817,89,758
1988-04-18,712,885,457,722
1988-04-19,581,581,283,547
1988-04-20,625,667,625,657
1988-04-21,720,720,578,686
1988-04-22,306,324,227,275
1988-04-23,735,735,386,500
1988-04-24,919,979,671,696
1988-04-25,35,409,35,314
1988-04-26,421,421,421,421
1988-04-27,455,455,455,455
1988-04-28,809,977,735,741
1988-04-29,832,832,832,832
1988-04-30,212,212,212,212
1988-05-01,476,476,476,476
1988-05-02,469,469,180,435
1988-05-03,564,564,564,564
1988-05-04,77,211,77,92
1988-05-05,936,936,765,807
1988-05-06,861,861,861,861
1988-05-07,502,502,502,502
1988-05-08,157,157,157,157
1988-05-09,950,950,89,181
1988-05-10,630,630,88,482
1988-05-11,952,952,317,777
1988-05-12,153,618,153,437
1988-05-13,523,948,523,581
1988-05-14,356,356,356,356
1988-05-15,766,766,44,256
1988-05-16,836,836,661,688
1988-05-17,367,942,367,407
1988-05-18,274,294,83,229
1988-05-19,533,813,533,630
1988-05-20,810,810,375,400
1988-05-21,892,892,308,449
1988-05-22,603,852,603,805
1988-05-23,121,844,121,535
1988-05-24,249,794,249,554
1988-05-25,567,567,291,456
1988-05-26,624,624,106,464
1988-05-27,659,854,159,603
1988-05-28,937,937,254,381
1988-05-29,88,277,88,184
1988-05-30,490,490,490,490
1988-05-31,569,932,210,329
1988-06-01,387,387,202,232
1988-06-02,311,311,113,151
1988-06-03,15,947,15,474
1988-06-04,561,561,11,68
1988-06-05,342,342,342,342
1988-06-06,663,663,138,392
1988-06-07,255,696,255,365
1988-06-08,247,918,247,705
1988-06-09,146,787,146,422
1988-06-10,775,775,498,523
1988-06-11,569,569,569,569
1988-06-12,695,695,420,444
1988-06-13,388,646,31,303
1988-06-14,477,662,388,605
1988-06-15,356,356,62,247
1988-06-16,623,623,623,623
1988-06-17,892,892,812,837
1988-06-18,27,370,27,48
1988-06-19,864,864,824,853
1988-06-20,487,487,421,450
1988-06-21,919,919,700,867
1988-06-22,616,616,616,616
1988-06-23,606,606,387,593
1988-06-24,653,653,653,653
1988-06-25,244,605,244,458
1988-06-26,0,318,0,118
1988-06-27,100,865,100,762
1988-06-28,398,717,100,474
1988-06-29,135,444,95,199
1988-06-30,931,931,849,849
1988-07-01,536,536,287,532
1988-07-02,958,958,344,440
1988-07-03,866,866,415,681
1988-07-04,273,434,2,334
1988-07-05,905,986,798,953
1988-07-06,909,909,170,891
1988-07-07,465,830,398,646
1988-07-08,733,733,52,697
1988-07-09,587,587,81,472
1988-07-10,50,50,50,50
1988-07-11,524,783,524,526
1988-07-12,415,415,408,413
1988-07-13,277,912,277,449
1988-07-14,580,580,580,580
1988-07-15,548,962,505,652
1988-07-16,300,799,300,469
1988-07-17,23,917,23,632
1988-07-18,534,715,196,513
1988-07-19,340,397,340,373
1988-07-20,900,900,187,220
1988-07-21,303,819,303,800
1988-07-22,798,798,364,481
1988-07-23,531,791,531,545
1988-07-24,327,327,327,327
1988-07-25,792,792,259,366
1988-07-26,73,73,73,73
1988-07-27,573,573,542,551
1988-07-28,803,803,64,475
1988-07-29,521,741,86,581
1988-07-30,15,899,15,166
1988-07-31,746,746,746,746
1988-08-01,747,827,223,702
1988-08-02,393,511,393,489
1988-08-03,229,767,229,523
1988-08-04,329,541,329,330
1988-08-05,841,841,84,278
1988-08-06,546,646,84,278
1988-08-07,660,660,231,567
1988-08-08,182,182,182,182
1988-08-09,926,926,926,926
1988-08-10,108,269,108,126
1988-08-11,725,806,725,766
1988-08-12,35,587,35,102
1988-08-13,718,948,703,717
1988-08-14,862,862,36,100
1988-08-15,103,674,103,379
1988-08-16,927,927,63,461
1988-08-17,825,930,648,833
1988-08-18,754,754,754,754
1988-08-19,421,908,421,464
1988-08-20,642,751,260,283
1988-08-21,224,397,128,321
1988-08-22,304,999,214,925
1988-08-23,66,252,66,124
1988-08-24,973,973,948,972
1988-08-25,638,711,638,651
1988-08-26,729,855,699,796
1988-08-27,842,896,221,285
1988-08-28,613,903,613,849
1988-08-29,725,725,725,725
1988-08-30,784,839,355,645
1988-08-31,211,831,211,701
1988-09-01,416,416,239,299
1988-09-02,236,236,236,236
1988-09-03,446,446,446,446
1988-09-04,471,885,471,660
1988-09-05,664,816,446,652
1988-09-06,963,963,404,868
1988-09-07,886,886,254,494
1988-09-08,809,949,574,897
1988-09-09,651,651,282,312
1988-09-10,857,857,365,408
1988-09-11,432,432,279,419
1988-09-12,347,347,347,347
1988-09-13,106,162,106,127
1988-09-14,658,676,658,660
1988-09-15,383,383,383,383
1988-09-16,362,860,145,529
1988-09-17,288,957,288,439
1988-09-18,858,971,408,572
1988-09-19,358,964,358,371
1988-09-20,391,391,20,53
1988-09-21,958,958,380,940
1988-09-22,137,338,137,202
1988-09-23,793,993,565,738
1988-09-24,528,528,528,528
1988-09-25,374,708,352,519
1988-09-26,334,859,147,312
1988-09-27,698,793,353,597
1988-09-28,681,681,330,553
1988-09-29,955,955,741,904
1988-09-30,559,959,559,886
1988-10-01,196,589,196,331
1988-10-02,920,920,139,328
1988-10-03,259,634,253,564
1988-10-04,243,706,243,586
1988-10-05,635,635,575,588
1988-10-06,198,219,198,219
1988-10-07,708,708,543,651
1988-10-08,270,646,215,385
1988-10-09,419,419,419,419
1988-10-10,769,769,91,761
1988-10-11,335,675,208,249
1988-10-12,650,650,650,650
1988-10-13,328,328,328,328
1988-10-14,0,38,0,15
1988-10-15,222,838,222,429
1988-10-16,568,891,568,594
1988-10-17,663,663,134,154
1988-10-18,102,247,80,239
1988-10-19,492,703,492,652
1988-10-20,799,799,227,268
1988-10-21,605,605,605,605
1988-10-22,569,569,569,569
1988-10-23,492,791,492,637
1988-10-24,610,610,610,610
1988-10-25,973,973,128,382
1988-10-26,635,635,365,564
1988-10-27,388,388,388,388
1988-10-28,709,709,709,709
1988-10-29,854,854,176,699
1988-10-30,402,720,327,516
1988-10-31,348,348,348,348
1988-11-01,74,849,74,752
1988-11-02,920,920,770,878
1988-11-03,550,550,550,550
1988-11-04,588,588,588,588
1988-11-05,288,288,288,288
1988-11-06,204,636,204,311
1988-11-07,773,773,621,658
1988-11-08,240,520,240,276
1988-11-09,364,680,364,498
1988-11-10,463,858,463,776
1988-11-11,497,921,79,694
1988-11-12,746,942,87,246
1988-11-13,439,439,44,170
1988-11-14,751,751,751,751
1988-11-15,710,710,113,470
1988-11-16,325,658,325,450
1988-11-17,147,147,147,147
1988-11-18,453,812,453,643
1988-11-19,920,920,722,830
1988-11-20,511,511,511,511
1988-11-21,420,420,57,140
1988-11-22,72,72,72,72
1988-11-23,895,895,38,203
1988-11-24,483,530,483,523
1988-11-25,376,586,376,470
1988-11-26,82,884,15,276
1988-11-27,979,979,863,892
1988-11-28,198,810,198,457
1988-11-29,232,402,94,399
1988-11-30,491,491,186,256
1988-12-01,123,620,123,318
1988-12-02,251,251,200,231
1988-12-03,165,751,62,718
1988-12-04,529,529,419,477
1988-12-05,709,709,193,658
1988-12-06,167,325,167,234
1988-12-07,490,490,490,490
1988-12-08,374,413,374,407
1988-12-09,859,859,733,807
1988-12-10,260,458,247,394
1988-12-11,392,978,392,752
1988-12-12,633,633,525,555
1988-12-13,193,718,193,700
1988-12-14,882,882,81,161
1988-12-15,525,542,525,529
1988-12-16,634,634,206,482
1988-12-17,148,857,148,461
1988-12-18,294,600,294,563
1988-12-19,688,825,124,776
1988-12-20,774,774,79,638
1988-12-21,938,938,550,598
1988-12-22,147,309,147,301
1988-12-23,20,385,20,81
1988-12-24,226,226,226,226
1988-12-25,535,535,411,477
1988-12-26,403,978,403,694
1988-12-27,549,840,537,563
1988-12-28,380,380,238,328
1988-12-29,607,607,607,607
1988-12-30,920,920,460,465
1988-12-31,470,993,470,714
1989-01-01,143,143,143,143
1989-01-02,28,394,28,385
1989-01-03,939,994,474,552
1989-01-04,87,432,87,150
1989-01-05,30,835,30,364
1989-01-06,385,385,385,385
1989-01-07,101,230,101,117
1989-01-08,452,738,309,526
1989-01-09,656,656,447,574
1989-01-10,831,831,490,831
1989-01-11,378,954,378,747
1989-01-12,972,972,481,960
1989-01-13,308,308,308,308
1989-01-14,726,726,461,632
1989-01-15,215,853,215,464
1989-01-16,777,777,127,130
1989-01-17,843,843,631,692
1989-01-18,860,860,716,820
1989-01-19,708,708,326,409
1989-01-20,963,963,960,963
1989-01-21,107,358,107,258
1989-01-22,53,376,53,311
1989-01-23,628,880,218,792
1989-01-24,560,560,325,452
1989-01-25,317,317,317,317
1989-01-26,334,679,334,466
1989-01-27,822,822,685,737
1989-01-28,703,703,423,671
1989-01-29,320,575,320,495
1989-01-30,648,648,648,648
1989-01-31,56,107,56,79
1989-02-01,191,879,191,562
1989-02-02,596,739,596,722
1989-02-03,638,638,200,239
1989-02-04,486,643,144,220
1989-02-05,917,917,905,915
1989-02-06,867,918,51,886
1989-02-07,985,985,89,164
1989-02-08,387,387,331,335
1989-02-09,299,460,265,282
1989-02-10,690,847,690,844
1989-02-11,858,858,171,606
1989-02-12,765,765,110,209
1989-02-13,346,426,85,399
1989-02-14,115,944,24,844
1989-02-15,699,699,256,453
1989-02-16,676,686,459,542
1989-02-17,81,648,81,152
1989-02-18,877,877,877,877
1989-02-19,783,783,783,783
1989-02-20,483,753,422,619
1989-02-21,170,462,170,424
1989-02-22,666,666,631,643
1989-02-23,139,365,139,269
1989-02-24,701,701,31,491
1989-02-25,346,356,220,352
1989-02-26,130,277,130,212
1989-02-27,429,796,384,744
1989-02-28,395,395,52,271
1989-03-01,938,938,449,860
1989-03-02,778,778,728,730
1989-03-03,404,404,29,132
1989-03-04,902,902,171,307
1989-03-05,71,766,71,474
1989-03-06,864,864,120,666
1989-03-07,225,503,225,383
1989-03-08,527,896,107,734
1989-03-09,546,595,442,592
1989-03-10,713,713,509,561
1989-03-11,502,502,502,502
1989-03-12,112,516,112,462
1989-03-13,569,607,569,571
1989-03-14,29,473,29,32
1989-03-15,11,26,11,13
1989-03-16,916,916,457,533
1989-03-17,579,579,154,469
1989-03-18,311,311,311,311
1989-03-19,220,645,220,410
1989-03-20,56,285,56,212
1989-03-21,913,913,53,619
1989-03-22,194,568,194,207
1989-03-23,495,495,463,488
1989-03-24,568,568,568,568
1989-03-25,845,845,845,845
1989-03-26,148,148,148,148
1989-03-27,801,801,188,538
1989-03-28,888,888,419,742
1989-03-29,489,802,182,673
1989-03-30,940,940,346,794
1989-03-31,531,531,214,452
1989-04-01,786,954,668,767
1989-04-02,880,880,626,699
1989-04-03,173,673,173,425
1989-04-04,115,637,115,461
1989-04-05,924,985,720,895
1989-04-06,339,628,339,536
1989-04-07,696,696,21,67
1989-04-08,989,989,768,829
1989-04-09,732,732,275,529
1989-04-10,867,953,609,823
1989-04-11,154,236,154,155
1989-04-12,511,511,511,511
1989-04-13,46,704,46,640
1989-04-14,892,892,289,863
1989-04-15,264,316,264,288
1989-04-16,486,486,50,267
1989-04-17,586,965,586,655
1989-04-18,887,887,328,673
1989-04-19,922,922,112,810
1989-04-20,338,338,338,338
1989-04-21,870,978,201,776
1989-04-22,314,846,64,533
1989-04-23,924,924,717,799
1989-04-24,272,928,272,762
1989-04-25,750,750,301,356
1989-04-26,881,881,597,669
1989-04-27,591,955,340,875
1989-04-28,719,754,655,671
1989-04-29,311,894,311,336
1989-04-30,954,954,848,924
1989-05-01,175,752,47,363
1989-05-02,468,653,468,631
1989-05-03,663,663,7,566
1989-05-04,68,854,68,704
1989-05-05,836,930,235,699
1989-05-06,905,916,727,838
1989-05-07,868,868,622,679
1989-05-08,352,416,352,372
1989-05-09,509,509,509,509
1989-05-10,562,562,387,551
1989-05-11,323,323,306,310
1989-05-12,540,540,540,540
1989-05-13,555,555,555,555
1989-05-14,271,271,271,271
1989-05-15,595,956,319,557
1989-05-16,921,921,144,763
1989-05-17,960,960,488,683
1989-05-18,365,854,107,836
1989-05-19,186,953,186,783
1989-05-20,528,528,150,151
1989-05-21,643,818,569,678
1989-05-22,66,571,66,320
1989-05-23,746,746,613,692
1989-05-24,716,716,499,640
1989-05-25,50,521,50,482
1989-05-26,813,813,739,781
1989-05-27,680,680,210,597
1989-05-28,444,637,444,559
1989-05-29,146,179,146,169
1989-05-30,243,243,243,243
1989-05-31,222,526,222,524
1989-06-01,479,479,479,479
1989-06-02,158,692,158,253
1989-06-03,15,109,15,40
1989-06-04,712,712,256,337
1989-06-05,319,622,112,517
1989-06-06,525,629,525,557
1989-06-07,587,587,108,447
1989-06-08,202,724,202,712
1989-06-09,176,471,176,347
1989-06-10,499,499,499,499
1989-06-11,860,860,136,620
1989-06-12,17,103,17,55
1989-06-13,893,893,582,612
1989-06-14,827,827,459,610
1989-06-15,109,427,109,309
1989-06-16,124,938,124,690
1989-06-17,564,682,445,557
1989-06-18,287,686,287,428
1989-06-19,831,831,530,653
1989-06-20,279,279,279,279
1989-06-21,784,784,784,784
1989-06-22,408,408,60,357
1989-06-23,123,147,105,125
1989-06-24,763,763,197,356
1989-06-25,861,861,458,613
1989-06-26,791,791,791,791
1989-06-27,403,729,403,614
1989-06-28,620,620,264,586
1989-06-29,630,630,64,506
1989-06-30,135,627,135,240
1989-07-01,653,653,359,582
1989-07-02,296,556,205,427
1989-07-03,676,676,292,402
1989-07-04,876,876,876,876
1989-07-05,340,340,175,286
1989-07-06,701,701,309,478
1989-07-07,331,598,331,383
1989-07-08,19,986,19,144
1989-07-09,456,743,82,731
1989-07-10,390,390,260,360
1989-07-11,481,481,6,49
1989-07-12,433,433,166,350
1989-07-13,244,900,244,813
1989-07-14,730,730,303,466
1989-07-15,378,607,5,320
1989-07-16,337,595,166,520
1989-07-17,54,675,54,549
1989-07-18,140,913,140,755
1989-07-19,598,598,84,368
1989-07-20,645,645,635,645
1989-07-21,946,946,704,936
1989-07-22,936,936,354,641
1989-07-23,560,910,560,878
1989-07-24,735,925,331,488
1989-07-25,95,745,95,635
1989-07-26,965,965,965,965
1989-07-27,964,964,199,805
1989-07-28,210,703,210,612
1989-07-29,809,809,442,628
1989-07-30,157,481,157,335
1989-07-31,180,964,180,190
1989-08-01,192,990,162,781
1989-08-02,692,724,692,694
1989-08-03,496,619,496,616
1989-08-04,878,878,751,845
1989-08-05,680,680,633,680
1989-08-06,95,322,95,160
1989-08-07,87,425,87,266
1989-08-08,725,725,725,725
1989-08-09,674,674,357,451
1989-08-10,564,593,564,577
1989-08-11,579,579,475,495
1989-08-12,673,867,270,794
1989-08-13,586,990,97,550
1989-08-14,632,632,632,632
1989-08-15,323,374,225,317
1989-08-16,449,449,449,449
1989-08-17,260,301,260,275
1989-08-18,903,903,124,776
1989-08-19,113,854,113,744
1989-08-20,624,624,146,239
1989-08-21,330,431,330,339
1989-08-22,802,802,802,802
1989-08-23,551,551,551,551
1989-08-24,553,553,553,553
1989-08-25,900,900,782,883
1989-08-26,985,985,898,976
1989-08-27,533,687,454,597
1989-08-28,789,923,789,795
1989-08-29,615,615,325,515
1989-08-30,608,879,473,492
1989-08-31,912,912,744,749
1989-09-01,714,994,2,693
1989-09-02,515,515,515,515
1989-09-03,593,593,331,351
1989-09-04,658,872,658,821
1989-09-05,17,301,17,256
1989-09-06,499,528,499,506
1989-09-07,192,229,192,220
1989-09-08,765,765,590,747
1989-09-09,747,948,106,888
1989-09-10,480,480,209,434
1989-09-11,410,410,410,410
1989-09-12,981,981,616,839
1989-09-13,100,820,100,650
1989-09-14,609,921,609,883
1989-09-15,182,324,182,227
1989-09-16,315,389,315,383
1989-09-17,450,733,149,351
1989-09-18,763,763,221,413
1989-09-19,290,290,20,274
1989-09-20,852,852,204,680
1989-09-21,266,275,266,271
1989-09-22,272,567,272,524
1989-09-23,393,805,393,408
1989-09-24,101,497,101,139
1989-09-25,315,315,315,315
1989-09-26,188,790,188,389
1989-09-27,596,596,596,596
1989-09-28,535,535,535,535
1989-09-29,530,530,530,530
1989-09-30,71,171,71,160
1989-10-01,373,710,373,541
1989-10-02,177,664,177,661
1989-10-03,370,735,370,653
1989-10-04,807,807,584,612
1989-10-05,186,504,158,502
1989-10-06,879,879,109,551
1989-10-07,960,960,934,945
1989-10-08,269,876,230,550
1989-10-09,593,593,546,590
1989-10-10,355,355,355,355
1989-10-11,276,276,276,276
1989-10-12,952,952,215,527
1989-10-13,999,999,922,959
1989-10-14,74,243,74,82
1989-10-15,827,827,613,652
1989-10-16,676,892,98,265
1989-10-17,999,999,574,616
1989-10-18,300,737,300,418
1989-10-19,745,745,745,745
1989-10-20,97,835,97,566
1989-10-21,297,501,297,350
1989-10-22,693,771,200,425
1989-10-23,133,553,133,414
1989-10-24,635,765,635,665
1989-10-25,803,803,344,378
1989-10-26,42,95,42,63
1989-10-27,273,273,273,273
1989-10-28,437,437,41,200
1989-10-29,19,163,19,51
1989-10-30,475,475,475,475
1989-10-31,674,674,562,640
1989-11-01,766,766,501,577
1989-11-02,423,591,7,19
1989-11-03,661,661,21,572
1989-11-04,795,795,183,376
1989-11-05,317,402,317,356
1989-11-06,100,270,100,158
1989-11-07,232,232,232,232
1989-11-08,938,938,91,762
1989-11-09,654,654,207,232
1989-11-10,934,934,934,934
1989-11-11,37,437,37,358
1989-11-12,689,689,689,689
1989-11-13,43,826,43,765
1989-11-14,96,969,96,177
1989-11-15,721,872,486,687
1989-11-16,360,641,360,446
1989-11-17,917,917,182,690
1989-11-18,802,802,802,802
1989-11-19,662,662,620,620
1989-11-20,836,836,288,297
1989-11-21,302,517,302,490
1989-11-22,495,834,451,637
1989-11-23,99,293,99,210
1989-11-24,399,404,399,403
1989-11-25,771,771,79,225
1989-11-26,784,784,9,261
1989-11-27,223,365,223,272
1989-11-28,651,651,651,651
1989-11-29,232,350,54,213
1989-11-30,367,367,367,367
1989-12-01,944,944,82,572
1989-12-02,838,838,128,237
1989-12-03,327,680,327,619
1989-12-04,885,885,566,732
1989-12-05,649,649,649,649
1989-12-06,504,504,351,487
1989-12-07,844,844,759,772
1989-12-08,525,525,509,509
1989-12-09,86,459,86,279
1989-12-10,908,908,908,908
1989-12-11,636,636,636,636
1989-12-12,420,437,134,362
1989-12-13,525,525,525,525
1989-12-14,874,874,50,58
1989-12-15,498,498,498,498
1989-12-16,515,515,515,515
1989-12-17,61,577,61,169
1989-12-18,434,734,201,392
1989-12-19,105,804,105,569
1989-12-20,576,972,536,823
1989-12-21,725,725,711,717
1989-12-22,722,722,722,722
1989-12-23,286,947,286,454
1989-12-24,132,525,132,374
1989-12-25,869,869,550,590
1989-12-26,656,656,28,283
1989-12-27,817,817,399,739
1989-12-28,904,904,834,877
1989-12-29,536,648,136,490
1989-12-30,271,271,271,271
1989-12-31,788,788,4,415
1990-01-01,87,495,87,479
1990-01-02,514,514,514,514
1990-01-03,768,768,201,670
1990-01-04,106,106,106,106
1990-01-05,809,809,575,687
1990-01-06,74,549,74,489
1990-01-07,759,759,170,706
1990-01-08,662,662,662,662
1990-01-09,874,874,13,698
1990-01-10,270,393,270,275
1990-01-11,817,817,428,641
1990-01-12,47,136,47,121
1990-01-13,343,343,343,343
1990-01-14,175,628,175,226
1990-01-15,500,922,19,527
1990-01-16,997,997,734,777
1990-01-17,514,514,514,514
1990-01-18,449,706,449,650
1990-01-19,708,999,633,818
1990-01-20,224,224,224,224
1990-01-21,205,939,205,374
1990-01-22,527,527,409,480
1990-01-23,43,343,43,144
1990-01-24,956,956,86,436
1990-01-25,306,463,306,392
1990-01-26,408,506,371,408
1990-01-27,82,598,82,408
1990-01-28,777,777,208,449
1990-01-29,109,178,109,145
1990-01-30,740,740,578,612
1990-01-31,30,588,30,114
1990-02-01,196,650,196,207
1990-02-02,504,504,504,504
1990-02-03,596,748,596,692
1990-02-04,275,724,170,612
1990-02-05,949,949,160,755
1990-02-06,260,948,260,474
1990-02-07,744,744,744,744
1990-02-08,793,793,793,793
1990-02-09,300,407,300,301
1990-02-10,126,468,126,261
1990-02-11,821,821,805,817
1990-02-12,955,955,668,767
1990-02-13,520,939,31,686
1990-02-14,33,953,33,107
1990-02-15,648,648,147,237
1990-02-16,103,819,103,508
1990-02-17,903,903,776,892
1990-02-18,637,637,354,603
1990-02-19,368,775,224,442
1990-02-20,610,675,468,546
1990-02-21,767,767,135,725
1990-02-22,521,995,521,702
1990-02-23,313,477,313,397
1990-02-24,625,625,36,404
1990-02-25,85,178,85,160
1990-02-26,968,968,665,723
1990-02-27,578,647,91,520
1990-02-28,851,851,851,851
1990-03-01,170,370,170,273
1990-03-02,618,618,192,288
1990-03-03,723,723,723,723
1990-03-04,472,472,112,260
1990-03-05,72,430,72,115
1990-03-06,951,951,803,884
1990-03-07,151,262,151,182
1990-03-08,802,802,49,203
1990-03-09,953,953,213,559
1990-03-10,806,932,806,906
1990-03-11,704,953,479,723
1990-03-12,700,700,700,700
1990-03-13,284,284,284,284
1990-03-14,935,935,182,847
1990-03-15,155,528,155,228
1990-03-16,711,711,224,565
1990-03-17,549,549,150,373
1990-03-18,513,513,513,513
1990-03-19,64,703,64,638
1990-03-20,638,638,638,638
1990-03-21,235,274,235,261
1990-03-22,344,494,344,489
1990-03-23,356,356,356,356
1990-03-24,200,951,200,302
1990-03-25,704,990,242,473
1990-03-26,110,245,110,214
1990-03-27,51,635,44,294
1990-03-28,550,550,27,185
1990-03-29,67,536,67,479
1990-03-30,140,748,140,472
1990-03-31,903,903,201,255
1990-04-01,711,711,615,687
1990-04-02,703,737,216,449
1990-04-03,780,780,557,645
1990-04-04,839,839,839,839
1990-04-05,325,388,208,335
1990-04-06,559,628,559,615
1990-04-07,66,552,66,314
1990-04-08,699,699,699,699
1990-04-09,142,624,142,358
1990-04-10,159,742,159,590
1990-04-11,476,476,476,476
1990-04-12,157,335,157,174
1990-04-13,596,604,596,597
1990-04-14,315,381,315,340
1990-04-15,241,338,241,270
1990-04-16,130,711,39,232
1990-04-17,45,299,45,209
1990-04-18,924,924,134,291
1990-04-19,626,626,626,626
1990-04-20,964,964,234,435
1990-04-21,807,807,416,626
1990-04-22,44,145,44,142
1990-04-23,334,348,334,341
1990-04-24,431,431,39,424
1990-04-25,316,316,316,316
1990-04-26,646,885,109,458
1990-04-27,553,553,47,418
1990-04-28,307,307,307,307
1990-04-29,464,464,446,446
1990-04-30,972,972,320,507
1990-05-01,879,879,778,824
1990-05-02,252,985,252,594
1990-05-03,991,991,386,991
1990-05-04,262,432,71,214
1990-05-05,167,505,167,176
1990-05-06,240,348,240,342
1990-05-07,968,968,702,951
1990-05-08,458,458,458,458
1990-05-09,258,986,258,482
1990-05-10,383,961,383,933
1990-05-11,433,505,354,446
1990-05-12,619,677,557,662
1990-05-13,113,489,113,482
1990-05-14,274,274,274,274
1990-05-15,76,840,76,247
1990-05-16,117,231,117,126
1990-05-17,221,300,70,158
1990-05-18,383,562,383,426
1990-05-19,337,337,337,337
1990-05-20,953,953,169,841
1990-05-21,337,861,337,439
1990-05-22,286,835,286,498
1990-05-23,144,574,144,225
1990-05-24,865,865,829,856
1990-05-25,925,925,564,853
1990-05-26,217,217,101,142
1990-05-27,327,757,265,640
1990-05-28,134,796,134,742
1990-05-29,495,611,422,442
1990-05-30,479,479,479,479
1990-05-31,610,673,89,653
1990-06-01,301,729,301,391
1990-06-02,742,742,33,124
1990-06-03,678,678,541,588
1990-06-04,348,856,348,492
1990-06-05,240,240,98,146
1990-06-06,846,846,575,696
1990-06-07,911,911,908,909
1990-06-08,0,234,0,148
1990-06-09,61,862,61,797
1990-06-10,48,620,48,274
1990-06-11,243,894,243,259
1990-06-12,454,979,454,922
1990-06-13,430,696,430,663
1990-06-14,249,911,249,410
1990-06-15,990,990,749,911
1990-06-16,519,519,376,396
1990-06-17,544,677,544,651
1990-06-18,504,504,504,504
1990-06-19,234,473,150,328
1990-06-20,318,391,170,172
1990-06-21,522,642,358,430
1990-06-22,673,673,75,387
1990-06-23,12,632,12,380
1990-06-24,66,759,66,501
1990-06-25,633,633,633,633
1990-06-26,554,702,351,527
1990-06-27,866,866,866,866
1990-06-28,636,636,636,636
1990-06-29,353,751,66,492
1990-06-30,693,922,57,257
1990-07-01,755,923,25,150
1990-07-02,716,716,466,662
1990-07-03,639,889,76,160
1990-07-04,157,259,157,160
1990-07-05,525,525,525,525
1990-07-06,496,784,417,695
1990-07-07,840,967,840,868
1990-07-08,679,679,679,679
1990-07-09,936,936,936,936
1990-07-10,137,399,137,307
1990-07-11,249,249,249,249
1990-07-12,400,400,400,400
1990-07-13,948,948,363,899
1990-07-14,230,717,230,552
1990-07-15,370,546,370,385
1990-07-16,897,897,95,350
1990-07-17,813,813,170,422
1990-07-18,924,924,360,740
1990-07-19,793,806,312,545
1990-07-20,881,881,573,870
1990-07-21,393,393,393,393
1990-07-22,357,628,306,414
1990-07-23,739,777,161,206
1990-07-24,478,631,131,553
1990-07-25,868,868,631,703
1990-07-26,722,722,714,714
1990-07-27,978,978,271,575
1990-07-28,36,917,36,574
1990-07-29,518,674,284,669
1990-07-30,679,679,398,653
1990-07-31,227,606,227,434
1990-08-01,289,709,289,361
1990-08-02,565,815,565,790
1990-08-03,380,380,380,380
1990-08-04,121,810,121,490
1990-08-05,584,584,584,584
1990-08-06,847,847,235,649
1990-08-07,181,668,181,319
1990-08-08,894,894,39,365
1990-08-09,638,915,461,904
1990-08-10,109,230,109,207
1990-08-11,461,922,35,448
1990-08-12,516,777,86,622
1990-08-13,460,878,460,621
1990-08-14,443,443,443,443
1990-08-15,318,668,318,568
1990-08-16,222,670,222,658
1990-08-17,742,742,448,550
1990-08-18,733,733,444,555
1990-08-19,707,952,707,728
1990-08-20,398,537,201,459
1990-08-21,482,550,482,518
1990-08-22,37,673,37,431
1990-08-23,848,848,606,638
1990-08-24,413,611,30,262
1990-08-25,726,763,159,508
1990-08-26,477,477,477,477
1990-08-27,627,627,627,627
1990-08-28,765,765,468,559
1990-08-29,699,747,290,456
1990-08-30,506,815,269,285
1990-08-31,925,925,811,884
1990-09-01,369,374,369,369
1990-09-02,925,978,149,605
1990-09-03,668,668,512,586
1990-09-04,655,832,655,807
1990-09-05,77,238,77,183
1990-09-06,711,823,308,407
1990-09-07,46,240,46,222
1990-09-08,72,161,68,119
1990-09-09,68,199,68,72
1990-09-10,834,834,805,812
1990-09-11,121,427,121,347
1990-09-12,826,826,106,672
1990-09-13,149,963,149,503
1990-09-14,714,768,178,585
1990-09-15,774,909,774,842
1990-09-16,959,959,553,686
1990-09-17,587,884,587,780
1990-09-18,826,826,76,330
1990-09-19,34,650,34,247
1990-09-20,43,175,43,66
1990-09-21,659,659,659,659
1990-09-22,779,779,133,599
1990-09-23,328,444,328,330
1990-09-24,576,848,576,710
1990-09-25,355,482,302,354
1990-09-26,169,950,169,679
1990-09-27,413,851,413,790
1990-09-28,792,792,792,792
1990-09-29,814,814,352,439
1990-09-30,207,388,207,318
1990-10-01,483,665,483,540
1990-10-02,627,627,627,627
1990-10-03,819,819,422,436
1990-10-04,861,861,60,797
1990-10-05,9,392,9,123
1990-10-06,336,336,336,336
1990-10-07,684,876,684,830
1990-10-08,426,426,426,426
1990-10-09,691,833,691,802
1990-10-10,668,668,668,668
1990-10-11,236,236,236,236
1990-10-12,782,782,782,782
1990-10-13,838,838,765,772
1990-10-14,498,498,149,213
1990-10-15,285,285,285,285
1990-10-16,738,847,516,632
1990-10-17,143,818,143,636
1990-10-18,646,727,427,598
1990-10-19,34,160,34,120
1990-10-20,946,946,114,451
1990-10-21,30,998,30,201
1990-10-22,489,489,489,489
1990-10-23,79,440,79,249
1990-10-24,54,869,54,268
1990-10-25,127,382,127,179
1990-10-26,217,944,217,470
1990-10-27,824,918,824,860
1990-10-28,485,485,49,183
1990-10-29,244,987,123,144
1990-10-30,538,538,481,490
1990-10-31,24,729,24,709
1990-11-01,430,753,430,519
1990-11-02,235,555,178,219
1990-11-03,388,569,388,529
1990-11-04,596,596,596,596
1990-11-05,202,725,202,283
1990-11-06,312,312,312,312
1990-11-07,550,695,550,638
1990-11-08,909,909,906,906
1990-11-09,45,481,45,262
1990-11-10,241,313,241,288
1990-11-11,308,671,308,619
1990-11-12,92,92,92,92
1990-11-13,869,869,869,869
1990-11-14,12,866,12,424
1990-11-15,458,458,67,101
1990-11-16,66,770,17,251
1990-11-17,664,664,105,315
1990-11-18,560,993,560,817
1990-11-19,21,300,21,208
1990-11-20,608,608,87,439
1990-11-21,11,222,11,198
1990-11-22,822,822,330,635
1990-11-23,21,883,21,539
1990-11-24,270,270,270,270
1990-11-25,189,467,189,217
1990-11-26,12,187,12,85
1990-11-27,554,554,380,494
1990-11-28,526,526,136,263
1990-11-29,264,362,264,358
1990-11-30,613,613,428,589
1990-12-01,376,980,376,839
1990-12-02,781,781,686,772
1990-12-03,394,596,394,485
1990-12-04,11,465,11,167
1990-12-05,104,584,104,110
1990-12-06,104,929,104,371
1990-12-07,51,247,51,146
1990-12-08,619,619,619,619
1990-12-09,684,684,463,493
1990-12-10,914,914,146,543
1990-12-11,999,999,67,185
1990-12-12,312,574,312,543
1990-12-13,523,978,523,665
1990-12-14,550,550,550,550
1990-12-15,230,230,72,104
1990-12-16,470,470,470,470
1990-12-17,24,751,24,44
1990-12-18,880,880,614,732
1990-12-19,885,885,688,855
1990-12-20,666,666,666,666
1990-12-21,985,985,190,196
1990-12-22,162,162,162,162
1990-12-23,522,522,522,522
1990-12-24,704,704,407,467
1990-12-25,344,344,344,344
1990-12-26,430,610,425,537
1990-12-27,505,505,104,372
1990-12-28,997,997,15,788
1990-12-29,593,593,593,593
1990-12-30,397,397,397,397
1990-12-31,333,505,333,470
1991-01-01,709,959,709,866
1991-01-02,570,570,476,511
1991-01-03,96,141,96,134
1991-01-04,379,857,379,518
1991-01-05,626,626,90,161
1991-01-06,141,548,141,240
1991-01-07,253,866,253,723
1991-01-08,502,502,502,502
1991-01-09,829,829,37,123
1991-01-10,472,628,168,406
1991-01-11,681,681,445,538
1991-01-12,922,922,922,922
1991-01-13,989,989,403,789
1991-01-14,489,682,489,561
1991-01-15,742,990,317,986
1991-01-16,878,878,761,861
1991-01-17,449,725,449,538
1991-01-18,307,927,307,481
1991-01-19,835,835,620,816
1991-01-20,723,940,331,669
1991-01-21,282,965,282,695
1991-01-22,631,792,179,552
1991-01-23,6,742,6,703
1991-01-24,6,22,6,8
1991-01-25,321,782,321,593
1991-01-26,115,648,115,420
1991-01-27,44,392,44,174
1991-01-28,681,688,82,170
1991-01-29,491,491,462,489
1991-01-30,439,841,439,761
1991-01-31,838,838,8,274
1991-02-01,317,609,317,449
1991-02-02,567,567,205,334
1991-02-03,20,71,20,52
1991-02-04,542,542,542,542
1991-02-05,638,804,638,695
1991-02-06,998,998,102,791
1991-02-07,986,986,479,766
1991-02-08,126,514,126,399
1991-02-09,337,795,337,618
1991-02-10,586,840,63,137
1991-02-11,530,663,245,313
1991-02-12,265,265,265,265
1991-02-13,136,369,136,337
1991-02-14,587,726,587,711
1991-02-15,918,918,918,918
1991-02-16,234,373,23,192
1991-02-17,940,940,465,687
1991-02-18,394,394,394,394
1991-02-19,174,576,174,545
1991-02-20,883,968,841,856
1991-02-21,627,627,242,381
1991-02-22,107,965,107,150
1991-02-23,343,799,343,558
1991-02-24,85,530,85,460
1991-02-25,8,419,8,91
1991-02-26,389,636,81,303
1991-02-27,103,793,103,290
1991-02-28,147,565,147,521
1991-03-01,396,870,396,622
1991-03-02,477,876,139,495
1991-03-03,67,949,67,494
1991-03-04,325,827,191,756
1991-03-05,784,784,623,741
1991-03-06,596,596,353,393
1991-03-07,752,752,309,427
1991-03-08,552,639,552,559
1991-03-09,920,974,874,938
1991-03-10,123,123,123,123
1991-03-11,965,965,826,944
1991-03-12,547,600,547,565
1991-03-13,670,982,670,691
1991-03-14,895,895,895,895
1991-03-15,57,500,57,104
1991-03-16,942,942,89,450
1991-03-17,768,768,768,768
1991-03-18,46,180,46,64
1991-03-19,178,891,178,778
1991-03-20,633,633,633,633
1991-03-21,842,842,551,683
1991-03-22,461,461,162,368
1991-03-23,607,607,190,297
1991-03-24,814,814,621,628
1991-03-25,864,864,330,469
1991-03-26,522,638,96,377
1991-03-27,808,808,307,332
1991-03-28,858,858,477,817
1991-03-29,971,971,50,596
1991-03-30,482,482,482,482
1991-03-31,339,595,339,534
1991-04-01,416,416,416,416
1991-04-02,512,880,512,812
1991-04-03,422,454,57,433
1991-04-04,954,954,223,421
1991-04-05,126,133,126,133
1991-04-06,16,156,16,123
1991-04-07,293,695,293,310
1991-04-08,136,136,136,136
1991-04-09,692,692,590,684
1991-04-10,725,725,663,684
1991-04-11,511,723,402,638
1991-04-12,118,669,118,309
1991-04-13,963,963,879,921
1991-04-14,543,543,543,543
1991-04-15,508,508,245,288
1991-04-16,743,743,743,743
1991-04-17,399,630,70,485
1991-04-18,959,959,307,409
1991-04-19,625,625,490,606
1991-04-20,604,604,471,575
1991-04-21,575,781,432,764
1991-04-22,427,427,394,413
1991-04-23,152,549,48,367
1991-04-24,377,848,377,698
1991-04-25,683,973,224,496
1991-04-26,420,557,420,503
1991-04-27,797,797,797,797
1991-04-28,444,444,444,444
1991-04-29,918,918,356,598
1991-04-30,871,881,815,871
1991-05-01,517,517,256,506
1991-05-02,619,619,86,455
1991-05-03,503,503,182,491
1991-05-04,386,998,108,906
1991-05-05,788,788,418,457
1991-05-06,359,359,0,70
1991-05-07,267,370,267,294
1991-05-08,649,728,278,430
1991-05-09,52,679,52,229
1991-05-10,850,850,574,824
1991-05-11,798,798,64,65
1991-05-12,90,887,90,451
1991-05-13,927,927,147,566
1991-05-14,703,703,703,703
1991-05-15,834,834,18,289
1991-05-16,174,931,174,699
1991-05-17,54,326,54,156
1991-05-18,899,899,181,435
1991-05-19,928,928,556,824
1991-05-20,743,743,105,144
1991-05-21,416,416,416,416
1991-05-22,556,556,153,307
1991-05-23,495,751,495,600
1991-05-24,395,476,395,451
1991-05-25,668,668,668,668
1991-05-26,567,567,567,567
1991-05-27,334,816,334,816
1991-05-28,915,915,671,845
1991-05-29,910,910,409,474
1991-05-30,422,854,41,738
1991-05-31,527,527,527,527
1991-06-01,686,686,219,630
1991-06-02,580,580,580,580
1991-06-03,970,970,502,734
1991-06-04,364,364,364,364
1991-06-05,704,889,258,801
1991-06-06,922,922,557,587
1991-06-07,982,982,892,962
1991-06-08,630,702,630,638
1991-06-09,614,614,614,614
1991-06-10,795,795,795,795
1991-06-11,524,994,524,669
1991-06-12,650,650,131,421
1991-06-13,916,916,916,916
1991-06-14,617,938,428,548
1991-06-15,988,988,851,943
1991-06-16,354,474,318,363
1991-06-17,637,637,637,637
1991-06-18,916,916,62,598
1991-06-19,194,665,194,643
1991-06-20,277,933,277,780
1991-06-21,371,482,153,460
1991-06-22,546,546,454,478
1991-06-23,431,497,197,338
1991-06-24,113,739,113,531
1991-06-25,355,842,355,795
1991-06-26,785,785,576,781
1991-06-27,490,496,323,427
1991-06-28,899,899,432,583
1991-06-29,580,660,376,618
1991-06-30,315,315,315,315
1991-07-01,8,23,8,17
1991-07-02,482,592,482,561
1991-07-03,519,878,519,691
1991-07-04,832,832,832,832
1991-07-05,962,962,959,962
1991-07-06,294,816,294,434
1991-07-07,352,446,296,414
1991-07-08,520,520,520,520
1991-07-09,943,943,537,802
1991-07-10,627,710,627,682
1991-07-11,366,366,366,366
1991-07-12,743,743,154,255
1991-07-13,662,662,109,292
1991-07-14,661,661,661,661
1991-07-15,621,705,621,658
1991-07-16,983,983,211,639
1991-07-17,543,543,543,543
1991-07-18,934,934,57,99
1991-07-19,660,693,632,652
1991-07-20,75,114,75,90
1991-07-21,361,719,342,657
1991-07-22,844,844,746,785
1991-07-23,80,529,80,289
1991-07-24,592,629,592,618
1991-07-25,768,768,700,717
1991-07-26,804,804,497,785
1991-07-27,995,995,864,955
1991-07-28,148,873,148,168
1991-07-29,786,786,786,786
1991-07-30,631,743,149,578
1991-07-31,946,946,97,702
1991-08-01,930,930,304,850
1991-08-02,58,952,54,895
1991-08-03,48,723,48,500
1991-08-04,239,414,209,350
1991-08-05,712,712,79,104
1991-08-06,90,102,90,99
1991-08-07,883,883,327,832
1991-08-08,916,916,181,538
1991-08-09,987,987,617,892
1991-08-10,460,828,304,579
1991-08-11,742,742,301,495
1991-08-12,333,333,333,333
1991-08-13,944,944,11,54
1991-08-14,624,624,376,480
1991-08-15,901,901,3,344
1991-08-16,200,700,200,266
1991-08-17,154,195,154,195
1991-08-18,941,941,643,704
1991-08-19,75,656,75,119
1991-08-20,537,761,537,542
1991-08-21,238,253,238,243
1991-08-22,225,225,225,225
1991-08-23,267,413,267,390
1991-08-24,151,675,56,538
1991-08-25,403,403,144,171
1991-08-26,689,988,146,395
1991-08-27,926,926,926,926
1991-08-28,739,739,227,448
1991-08-29,558,558,145,162
1991-08-30,250,550,250,424
1991-08-31,441,441,441,441
1991-09-01,765,765,547,613
1991-09-02,892,892,108,142
1991-09-03,828,828,803,827
1991-09-04,506,506,506,506
1991-09-05,535,535,388,416
1991-09-06,515,515,515,515
1991-09-07,108,517,108,342
1991-09-08,540,540,181,340
1991-09-09,484,484,287,296
1991-09-10,935,935,561,675
1991-09-11,608,704,39,423
1991-09-12,843,843,421,436
1991-09-13,477,920,172,686
1991-09-14,355,729,216,471
1991-09-15,974,974,699,775
1991-09-16,805,805,322,783
1991-09-17,413,413,413,413
1991-09-18,573,810,192,384
1991-09-19,752,752,752,752
1991-09-20,763,992,763,980
1991-09-21,759,987,759,847
1991-09-22,564,599,564,571
1991-09-23,272,897,272,808
1991-09-24,677,677,677,677
1991-09-25,266,485,232,270
1991-09-26,447,870,447,449
1991-09-27,773,977,713,735
1991-09-28,606,906,107,864
1991-09-29,75,559,75,496
1991-09-30,286,822,286,770
1991-10-01,662,662,662,662
1991-10-02,329,924,329,882
1991-10-03,993,993,889,943
1991-10-04,12,938,12,814
1991-10-05,184,899,184,820
1991-10-06,492,492,363,408
1991-10-07,360,360,326,346
1991-10-08,567,609,84,335
1991-10-09,364,975,364,718
1991-10-10,575,575,172,564
1991-10-11,43,543,43,160
1991-10-12,391,391,57,83
1991-10-13,629,937,97,550
1991-10-14,280,280,280,280
1991-10-15,869,869,518,701
1991-10-16,33,881,33,678
1991-10-17,386,841,386,826
1991-10-18,163,766,163,687
1991-10-19,473,625,473,616
1991-10-20,861,861,35,623
1991-10-21,639,639,639,639
1991-10-22,201,201,201,201
1991-10-23,498,571,498,506
1991-10-24,487,487,238,337
1991-10-25,888,888,146,843
1991-10-26,256,905,256,351
1991-10-27,120,742,120,189
1991-10-28,352,352,252,274
1991-10-29,592,698,196,476
1991-10-30,586,906,351,429
1991-10-31,518,802,518,738
1991-11-01,179,904,179,710
1991-11-02,804,804,804,804
1991-11-03,170,764,170,487
1991-11-04,844,844,508,529
1991-11-05,520,520,520,520
1991-11-06,798,798,466,565
1991-11-07,382,382,310,335
1991-11-08,736,736,407,489
1991-11-09,854,854,153,739
1991-11-10,303,749,106,645
1991-11-11,258,928,258,561
1991-11-12,287,960,287,530
1991-11-13,822,822,822,822
1991-11-14,829,829,829,829
1991-11-15,820,820,820,820
1991-11-16,505,505,505,505
1991-11-17,150,276,150,196
1991-11-18,111,164,111,134
1991-11-19,449,549,449,456
1991-11-20,78,159,78,80
1991-11-21,54,275,54,182
1991-11-22,746,822,390,531
1991-11-23,328,407,328,331
1991-11-24,398,398,398,398
1991-11-25,648,648,145,359
1991-11-26,354,354,354,354
1991-11-27,783,783,78,652
1991-11-28,142,231,142,189
1991-11-29,24,445,24,251
1991-11-30,754,754,179,595
1991-12-01,803,971,443,454
1991-12-02,342,764,169,300
1991-12-03,641,641,187,407
1991-12-04,506,506,401,467
1991-12-05,590,590,590,590
1991-12-06,0,835,0,717
1991-12-07,477,477,336,387
1991-12-08,383,551,383,464
1991-12-09,307,307,307,307
1991-12-10,130,181,130,134
1991-12-11,23,984,23,367
1991-12-12,667,932,442,555
1991-12-13,668,668,326,525
1991-12-14,339,339,339,339
1991-12-15,264,934,187,864
1991-12-16,294,872,294,552
1991-12-17,283,801,283,702
1991-12-18,51,751,51,104
1991-12-19,666,666,524,632
1991-12-20,720,720,83,416
1991-12-21,113,516,49,271
1991-12-22,558,558,558,558
1991-12-23,497,952,497,796
1991-12-24,370,934,45,471
1991-12-25,688,688,31,430
1991-12-26,499,925,100,738
1991-12-27,36,213,36,185
1991-12-28,220,220,220,220
1991-12-29,951,951,641,913
1991-12-30,88,859,88,733
1991-12-31,803,803,647,653
1992-01-01,639,639,236,297
1992-01-02,725,725,388,618
1992-01-03,490,636,490,522
1992-01-04,383,383,92,326
1992-01-05,499,571,349,469
1992-01-06,442,442,442,442
1992-01-07,791,791,791,791
1992-01-08,707,707,707,707
1992-01-09,321,321,321,321
1992-01-10,41,783,41,68
1992-01-11,578,578,578,578
1992-01-12,850,952,506,563
1992-01-13,967,967,722,958
1992-01-14,619,834,531,554
1992-01-15,554,870,554,761
1992-01-16,0,180,0,144
1992-01-17,906,906,727,805
1992-01-18,81,236,81,205
1992-01-19,437,772,437,476
1992-01-20,43,135,43,100
1992-01-21,338,338,338,338
1992-01-22,134,281,59,110
1992-01-23,112,917,112,905
1992-01-24,258,362,258,354
1992-01-25,910,910,265,318
1992-01-26,270,417,229,354
1992-01-27,157,157,157,157
1992-01-28,817,817,709,804
1992-01-29,776,776,628,645
1992-01-30,239,939,239,255
1992-01-31,576,576,91,509
1992-02-01,924,924,127,707
1992-02-02,74,877,74,547
1992-02-03,624,624,624,624
1992-02-04,513,513,513,513
1992-02-05,555,914,555,857
1992-02-06,723,723,175,201
1992-02-07,688,750,149,279
1992-02-08,67,667,67,161
1992-02-09,502,633,502,553
1992-02-10,262,427,262,295
1992-02-11,785,916,351,420
1992-02-12,735,869,678,813
1992-02-13,329,329,292,321
1992-02-14,463,707,463,554
1992-02-15,623,623,623,623
1992-02-16,488,488,304,400
1992-02-17,606,606,259,337
1992-02-18,348,348,94,270
1992-02-19,256,823,256,804
1992-02-20,97,614,97,122
1992-02-21,132,915,132,487
1992-02-22,540,665,445,647
1992-02-23,740,740,740,740
1992-02-24,442,442,244,407
1992-02-25,35,982,35,851
1992-02-26,207,333,207,276
1992-02-27,407,461,258,422
1992-02-28,424,424,9,29
1992-02-29,733,930,394,709
1992-03-01,125,955,125,461
1992-03-02,619,619,9,156
1992-03-03,512,575,512,550
1992-03-04,746,746,302,675
1992-03-05,439,439,372,409
1992-03-06,148,454,106,146
1992-03-07,63,704,63,696
1992-03-08,388,879,56,879
1992-03-09,839,839,321,505
1992-03-10,139,363,139,349
1992-03-11,105,105,105,105
1992-03-12,764,764,764,764
1992-03-13,437,710,437,537
1992-03-14,183,856,87,441
1992-03-15,76,410,76,147
1992-03-16,504,504,417,503
1992-03-17,857,857,262,742
1992-03-18,621,621,256,458
1992-03-19,387,387,387,387
1992-03-20,363,363,363,363
1992-03-21,544,544,544,544
1992-03-22,472,472,472,472
1992-03-23,172,454,172,441
1992-03-24,714,714,714,714
1992-03-25,991,991,510,806
1992-03-26,52,719,52,691
1992-03-27,11,550,11,38
1992-03-28,724,724,56,533
1992-03-29,67,503,67,154
1992-03-30,265,768,119,490
1992-03-31,601,842,126,768
1992-04-01,247,247,247,247
1992-04-02,396,650,396,413
1992-04-03,573,843,573,657
1992-04-04,541,836,541,756
1992-04-05,313,556,313,366
1992-04-06,863,863,236,298
1992-04-07,363,363,151,307
1992-04-08,643,643,643,643
1992-04-09,887,887,217,574
1992-04-10,943,943,13,658
1992-04-11,248,248,248,248
1992-04-12,892,892,251,426
1992-04-13,361,361,361,361
1992-04-14,171,899,171,470
1992-04-15,187,240,187,222
1992-04-16,418,418,418,418
1992-04-17,134,691,134,451
1992-04-18,586,586,511,544
1992-04-19,804,804,48,756
1992-04-20,350,443,322,326
1992-04-21,676,967,406,784
1992-04-22,376,393,376,390
1992-04-23,988,988,495,927
1992-04-24,150,312,150,228
1992-04-25,843,843,843,843
1992-04-26,159,159,159,159
1992-04-27,102,281,102,160
1992-04-28,20,234,20,93
1992-04-29,69,248,69,168
1992-04-30,773,773,434,525
1992-05-01,188,488,60,407
1992-05-02,864,864,76,465
1992-05-03,441,441,441,441
1992-05-04,255,255,255,255
1992-05-05,805,805,544,648
1992-05-06,87,526,87,244
1992-05-07,89,727,89,232
1992-05-08,62,91,62,70
1992-05-09,300,300,300,300
1992-05-10,654,938,141,266
1992-05-11,875,875,875,875
1992-05-12,397,832,397,609
1992-05-13,360,389,360,371
1992-05-14,992,992,952,976
1992-05-15,973,973,280,574
1992-05-16,297,802,297,644
1992-05-17,318,684,153,445
1992-05-18,27,869,27,119
1992-05-19,259,969,259,392
1992-05-20,420,420,91,380
1992-05-21,161,527,161,489
1992-05-22,385,780,385,638
1992-05-23,820,820,185,711
1992-05-24,870,870,331,855
1992-05-25,236,905,236,555
1992-05-26,765,765,463,484
1992-05-27,706,706,35,112
1992-05-28,791,851,616,714
1992-05-29,938,938,487,852
1992-05-30,839,839,743,806
1992-05-31,253,253,253,253
1992-06-01,552,725,489,536
1992-06-02,483,790,483,625
1992-06-03,262,901,262,334
1992-06-04,388,935,388,556
1992-06-05,68,772,68,688
1992-06-06,913,913,550,699
1992-06-07,424,424,338,338
1992-06-08,291,448,291,384
1992-06-09,825,825,825,825
1992-06-10,605,605,605,605
1992-06-11,459,459,337,423
1992-06-12,471,672,471,658
1992-06-13,904,904,778,817
1992-06-14,849,909,495,680
1992-06-15,757,813,229,233
1992-06-16,195,195,110,171
1992-06-17,918,918,371,869
1992-06-18,704,704,590,665
1992-06-19,825,825,578,617
1992-06-20,762,762,350,578
1992-06-21,84,886,13,652
1992-06-22,135,452,135,190
1992-06-23,575,575,575,575
1992-06-24,65,645,65,427
1992-06-25,219,219,219,219
1992-06-26,960,960,532,773
1992-06-27,708,708,494,649
1992-06-28,62,235,62,94
1992-06-29,707,707,311,689
1992-06-30,488,787,12,775
1992-07-01,554,754,364,494
1992-07-02,630,715,630,695
1992-07-03,178,268,178,247
1992-07-04,857,857,857,857
1992-07-05,269,285,269,279
1992-07-06,801,801,316,665
1992-07-07,761,876,761,863
1992-07-08,294,543,294,327
1992-07-09,139,592,139,385
1992-07-10,42,697,42,627
1992-07-11,47,686,47,525
1992-07-12,512,512,276,511
1992-07-13,42,369,42,212
1992-07-14,276,276,132,140
1992-07-15,814,814,814,814
1992-07-16,895,895,241,262
1992-07-17,62,994,62,711
1992-07-18,120,838,35,429
1992-07-19,365,895,365,858
1992-07-20,916,916,375,883
1992-07-21,307,379,307,317
1992-07-22,399,734,296,564
1992-07-23,665,665,110,559
1992-07-24,619,619,595,614
1992-07-25,188,188,188,188
1992-07-26,987,987,248,397
1992-07-27,128,243,128,179
1992-07-28,632,632,13,157
1992-07-29,602,604,602,602
1992-07-30,476,476,476,476
1992-07-31,200,200,200,200
1992-08-01,144,792,144,496
1992-08-02,188,607,188,595
1992-08-03,153,857,34,715
1992-08-04,731,731,731,731
1992-08-05,123,538,123,435
1992-08-06,477,477,477,477
1992-08-07,898,898,138,396
1992-08-08,182,986,182,905
1992-08-09,822,822,271,777
1992-08-10,124,375,124,347
1992-08-11,622,622,135,378
1992-08-12,577,577,577,577
1992-08-13,130,178,130,150
1992-08-14,404,446,394,429
1992-08-15,709,709,316,533
1992-08-16,376,926,77,324
1992-08-17,7,679,7,315
1992-08-18,415,415,415,415
1992-08-19,674,965,674,795
1992-08-20,964,964,5,711
1992-08-21,525,857,254,664
1992-08-22,931,931,239,643
1992-08-23,734,734,730,734
1992-08-24,321,953,321,847
1992-08-25,13,904,13,171
1992-08-26,986,986,10,947
1992-08-27,266,330,266,270
1992-08-28,672,672,672,672
1992-08-29,534,534,291,404
1992-08-30,238,870,238,813
1992-08-31,968,968,200,781
1992-09-01,715,715,64,115
1992-09-02,143,222,143,214
1992-09-03,591,710,591,619
1992-09-04,505,505,505,505
1992-09-05,525,773,475,670
1992-09-06,975,975,83,820
1992-09-07,799,799,580,652
1992-09-08,1,788,1,74
1992-09-09,179,727,134,225
1992-09-10,520,520,120,167
1992-09-11,740,740,21,76
1992-09-12,728,728,286,624
1992-09-13,105,839,105,170
1992-09-14,917,917,385,700
1992-09-15,978,978,922,962
1992-09-16,941,941,197,215
1992-09-17,187,187,187,187
1992-09-18,188,188,188,188
1992-09-19,312,494,128,472
1992-09-20,456,807,456,769
1992-09-21,569,703,569,687
1992-09-22,25,619,25,343
1992-09-23,546,546,341,345
1992-09-24,551,551,484,516
1992-09-25,300,300,76,219
1992-09-26,648,941,61,692
1992-09-27,731,731,12,554
1992-09-28,66,372,66,225
1992-09-29,578,578,210,309
1992-09-30,236,585,236,433
1992-10-01,456,456,405,417
1992-10-02,113,150,113,127
1992-10-03,311,686,281,622
1992-10-04,342,342,189,264
1992-10-05,37,615,37,439
1992-10-06,325,374,325,373
1992-10-07,809,809,476,781
1992-10-08,580,580,563,571
1992-10-09,143,143,12,19
1992-10-10,113,118,113,118
1992-10-11,830,850,235,781
1992-10-12,316,490,316,398
1992-10-13,305,346,71,138
1992-10-14,575,787,246,525
1992-10-15,758,955,269,541
1992-10-16,351,487,351,468
1992-10-17,402,873,402,848
1992-10-18,115,589,54,216
1992-10-19,495,495,495,495
1992-10-20,227,609,227,491
1992-10-21,65,513,65,92
1992-10-22,458,458,458,458
1992-10-23,234,286,234,245
1992-10-24,699,766,169,565
1992-10-25,491,519,491,511
1992-10-26,218,218,218,218
1992-10-27,253,253,253,253
1992-10-28,986,986,934,950
1992-10-29,375,562,23,160
1992-10-30,733,733,241,649
1992-10-31,540,540,540,540
1992-11-01,562,562,434,512
1992-11-02,971,971,793,834
1992-11-03,953,953,356,409
1992-11-04,129,322,129,276
1992-11-05,632,632,511,555
1992-11-06,444,522,444,511
1992-11-07,939,939,179,600
1992-11-08,250,897,250,279
1992-11-09,992,992,115,764
1992-11-10,35,873,35,171
1992-11-11,788,788,788,788
1992-11-12,736,736,81,552
1992-11-13,990,990,515,748
1992-11-14,565,603,148,446
1992-11-15,867,867,83,215
1992-11-16,170,953,170,952
1992-11-17,971,971,53,317
1992-11-18,600,600,194,518
1992-11-19,224,833,6,697
1992-11-20,671,671,477,573
1992-11-21,938,938,196,230
1992-11-22,739,925,213,283
1992-11-23,883,883,206,305
1992-11-24,583,973,343,961
1992-11-25,720,720,720,720
1992-11-26,562,562,443,499
1992-11-27,139,191,139,185
1992-11-28,445,866,445,696
1992-11-29,415,539,4,96
1992-11-30,373,864,373,629
1992-12-01,826,826,100,247
1992-12-02,147,624,147,517
1992-12-03,718,718,718,718
1992-12-04,971,971,626,965
1992-12-05,441,841,441,497
1992-12-06,693,693,431,590
1992-12-07,955,955,841,887
1992-12-08,20,222,20,162
1992-12-09,273,631,273,621
1992-12-10,479,651,479,553
1992-12-11,740,740,252,506
1992-12-12,338,338,156,301
1992-12-13,784,808,242,258
1992-12-14,43,353,43,347
1992-12-15,819,905,56,623
1992-12-16,996,996,590,724
1992-12-17,366,855,152,221
1992-12-18,250,250,250,250
1992-12-19,150,809,12,218
1992-12-20,258,293,109,293
1992-12-21,394,394,394,394
1992-12-22,350,877,246,697
1992-12-23,197,197,197,197
1992-12-24,14,359,14,128
1992-12-25,615,803,296,620
1992-12-26,538,538,538,538
1992-12-27,56,340,56,252
1992-12-28,709,810,447,682
1992-12-29,695,852,695,821
1992-12-30,726,726,525,668
1992-12-31,720,720,279,400
1993-01-01,625,696,581,693
1993-01-02,940,940,940,940
1993-01-03,280,623,280,323
1993-01-04,247,597,227,547
1993-01-05,87,594,87,134
1993-01-06,201,201,109,199
1993-01-07,901,901,691,809
1993-01-08,459,818,46,492
1993-01-09,171,363,25,205
1993-01-10,802,995,172,495
1993-01-11,152,276,152,154
1993-01-12,378,477,359,419
1993-01-13,959,959,803,852
1993-01-14,31,284,31,110
1993-01-15,822,822,29,123
1993-01-16,262,858,262,337
1993-01-17,467,467,435,446
1993-01-18,591,591,519,590
1993-01-19,135,252,135,247
1993-01-20,745,745,383,683
1993-01-21,619,635,619,633
1993-01-22,954,954,474,797
1993-01-23,857,857,149,334
1993-01-24,860,860,430,604
1993-01-25,482,922,482,743
1993-01-26,811,811,811,811
1993-01-27,182,290,182,220
1993-01-28,485,485,329,422
1993-01-29,296,421,286,363
1993-01-30,164,794,164,755
1993-01-31,341,341,250,267
1993-02-01,341,909,341,797
1993-02-02,526,526,526,526
1993-02-03,948,948,62,872
1993-02-04,869,869,415,645
1993-02-05,717,717,717,717
1993-02-06,979,979,137,392
1993-02-07,233,560,233,274
1993-02-08,623,937,623,685
1993-02-09,570,570,570,570
1993-02-10,140,210,140,165
1993-02-11,65,806,65,280
1993-02-12,968,968,968,968
1993-02-13,284,284,282,282
1993-02-14,229,229,229,229
1993-02-15,24,809,24,40
1993-02-16,254,520,254,438
1993-02-17,255,709,231,373
1993-02-18,380,399,380,391
1993-02-19,223,600,114,341
1993-02-20,356,356,310,341
1993-02-21,990,990,376,427
1993-02-22,149,864,149,401
1993-02-23,507,718,482,713
1993-02-24,850,965,644,755
1993-02-25,647,647,68,73
1993-02-26,346,741,325,531
1993-02-27,64,316,64,64
1993-02-28,141,141,141,141
1993-03-01,182,653,182,398
1993-03-02,864,864,864,864
1993-03-03,237,237,237,237
1993-03-04,750,750,125,657
1993-03-05,386,569,386,496
1993-03-06,257,880,257,733
1993-03-07,341,341,341,341
1993-03-08,39,793,39,182
1993-03-09,40,85,40,72
1993-03-10,934,982,42,347
1993-03-11,917,917,260,423
1993-03-12,578,578,130,499
1993-03-13,33,794,33,39
1993-03-14,699,699,356,428
1993-03-15,448,599,448,510
1993-03-16,659,758,659,737
1993-03-17,314,401,314,365
1993-03-18,544,544,544,544
1993-03-19,946,946,130,874
1993-03-20,710,710,51,267
1993-03-21,482,894,482,767
1993-03-22,658,658,223,413
1993-03-23,815,815,372,768
1993-03-24,911,911,313,320
1993-03-25,798,798,798,798
1993-03-26,959,959,533,816
1993-03-27,896,896,559,749
1993-03-28,324,825,299,795
1993-03-29,894,894,864,874
1993-03-30,916,916,497,772
1993-03-31,769,769,301,485
1993-04-01,626,626,34,357
1993-04-02,973,973,941,963
1993-04-03,286,618,286,585
1993-04-04,483,876,483,693
1993-04-05,144,852,144,801
1993-04-06,639,639,146,197
1993-04-07,390,390,390,390
1993-04-08,447,447,447,447
1993-04-09,593,802,85,470
1993-04-10,309,309,172,257
1993-04-11,470,802,264,375
1993-04-12,312,674,278,641
1993-04-13,85,544,85,543
1993-04-14,696,696,341,494
1993-04-15,659,659,549,549
1993-04-16,287,287,287,287
1993-04-17,61,710,61,240
1993-04-18,188,207,188,196
1993-04-19,12,532,12,265
1993-04-20,308,738,231,400
1993-04-21,291,428,291,301
1993-04-22,260,260,260,260
1993-04-23,238,497,238,448
1993-04-24,542,542,542,542
1993-04-25,251,251,251,251
1993-04-26,247,492,247,458
1993-04-27,325,602,325,529
1993-04-28,343,343,163,246
1993-04-29,581,581,27,87
1993-04-30,510,510,399,408
1993-05-01,772,772,575,743
1993-05-02,613,613,613,613
1993-05-03,891,961,254,770
1993-05-04,30,549,9,240
1993-05-05,675,675,675,675
1993-05-06,75,193,75,84
1993-05-07,844,895,285,315
1993-05-08,326,635,326,547
1993-05-09,616,616,616,616
1993-05-10,803,803,156,626
1993-05-11,708,708,708,708
1993-05-12,204,204,204,204
1993-05-13,489,489,341,384
1993-05-14,340,856,340,390
1993-05-15,527,527,527,527
1993-05-16,234,234,234,234
1993-05-17,805,805,805,805
1993-05-18,715,715,147,328
1993-05-19,988,988,326,791
1993-05-20,714,714,714,714
1993-05-21,238,278,42,206
1993-05-22,759,941,525,763
1993-05-23,401,881,401,426
1993-05-24,761,761,328,563
1993-05-25,744,744,91,165
1993-05-26,167,522,167,385
1993-05-27,631,631,335,420
1993-05-28,862,862,292,606
1993-05-29,609,609,273,334
1993-05-30,949,949,227,594
1993-05-31,801,801,296,620
1993-06-01,719,719,346,440
1993-06-02,463,463,463,463
1993-06-03,682,709,475,638
1993-06-04,273,273,273,273
1993-06-05,438,438,188,216
1993-06-06,728,794,326,732
1993-06-07,963,963,49,197
1993-06-08,283,632,283,314
1993-06-09,835,835,252,629
1993-06-10,145,225,24,33
1993-06-11,933,933,734,824
1993-06-12,698,698,698,698
1993-06-13,142,881,142,555
1993-06-14,306,398,306,344
1993-06-15,808,808,421,470
1993-06-16,260,327,260,266
1993-06-17,961,961,775,835
1993-06-18,264,264,86,173
1993-06-19,792,805,792,804
1993-06-20,896,896,178,886
1993-06-21,999,999,482,594
1993-06-22,998,998,236,652
1993-06-23,615,615,615,615
1993-06-24,616,711,616,708
1993-06-25,69,666,2,648
1993-06-26,394,394,244,358
1993-06-27,478,709,364,572
1993-06-28,802,802,51,339
1993-06-29,696,696,19,407
1993-06-30,709,709,709,709
1993-07-01,850,850,793,830
1993-07-02,93,368,93,337
1993-07-03,634,634,617,632
1993-07-04,873,873,6,421
1993-07-05,901,901,75,304
1993-07-06,999,999,567,736
1993-07-07,320,956,320,676
1993-07-08,448,448,448,448
1993-07-09,432,432,82,278
1993-07-10,698,707,698,706
1993-07-11,950,950,110,238
1993-07-12,946,946,636,905
1993-07-13,290,290,191,276
1993-07-14,299,299,7,241
1993-07-15,883,883,298,867
1993-07-16,412,563,412,432
1993-07-17,5,263,5,103
1993-07-18,706,726,49,122
1993-07-19,436,436,422,424
1993-07-20,863,863,675,728
1993-07-21,803,826,562,626
1993-07-22,251,775,251,601
1993-07-23,149,584,74,525
1993-07-24,139,977,139,594
1993-07-25,199,670,136,380
1993-07-26,550,550,550,550
1993-07-27,137,790,79,286
1993-07-28,995,995,428,453
1993-07-29,831,831,252,488
1993-07-30,892,892,851,876
1993-07-31,793,793,545,560
1993-08-01,726,726,726,726
1993-08-02,640,640,199,590
1993-08-03,766,852,305,447
1993-08-04,210,296,210,215
1993-08-05,315,978,315,589
1993-08-06,415,415,415,415
1993-08-07,788,983,788,975
1993-08-08,278,278,278,278
1993-08-09,171,910,171,188
1993-08-10,136,192,136,170
1993-08-11,196,563,196,491
1993-08-12,882,882,779,818
1993-08-13,556,556,556,556
1993-08-14,386,768,386,518
1993-08-15,174,508,174,272
1993-08-16,200,796,200,685
1993-08-17,128,269,128,184
1993-08-18,845,845,679,732
1993-08-19,981,981,248,779
1993-08-20,249,904,23,308
1993-08-21,343,730,343,635
1993-08-22,446,828,446,735
1993-08-23,294,777,294,685
1993-08-24,61,698,61,203
1993-08-25,280,280,157,219
1993-08-26,75,533,75,277
1993-08-27,386,386,113,323
1993-08-28,186,257,186,193
1993-08-29,156,718,156,558
1993-08-30,572,572,274,385
1993-08-31,950,950,744,779
1993-09-01,263,663,263,496
1993-09-02,642,642,642,642
1993-09-03,876,998,639,753
1993-09-04,72,312,72,305
1993-09-05,255,255,217,250
1993-09-06,144,480,144,474
1993-09-07,444,444,286,307
1993-09-08,952,952,419,577
1993-09-09,627,627,345,455
1993-09-10,666,666,495,522
1993-09-11,910,910,727,854
1993-09-12,317,571,317,392
1993-09-13,870,933,302,699
1993-09-14,988,988,845,857
1993-09-15,327,799,327,682
1993-09-16,868,868,759,816
1993-09-17,701,761,701,718
1993-09-18,648,648,548,610
1993-09-19,195,496,75,118
1993-09-20,853,853,407,492
1993-09-21,11,947,11,578
1993-09-22,700,908,692,781
1993-09-23,66,879,66,570
1993-09-24,455,455,354,455
1993-09-25,577,748,159,435
1993-09-26,525,525,525,525
1993-09-27,301,478,12,51
1993-09-28,795,795,795,795
1993-09-29,138,842,26,646
1993-09-30,140,981,140,785
1993-10-01,864,864,813,816
1993-10-02,376,842,132,450
1993-10-03,788,840,264,287
1993-10-04,299,675,299,402
1993-10-05,61,165,61,137
1993-10-06,2,955,2,800
1993-10-07,802,802,802,802
1993-10-08,442,442,442,442
1993-10-09,98,677,98,294
1993-10-10,599,819,462,692
1993-10-11,646,646,28,118
1993-10-12,851,851,350,589
1993-10-13,22,459,22,298
1993-10-14,36,126,36,60
1993-10-15,514,514,514,514
1993-10-16,905,905,905,905
1993-10-17,757,757,13,463
1993-10-18,524,578,502,555
1993-10-19,771,771,577,687
1993-10-20,754,941,629,784
1993-10-21,296,539,296,447
1993-10-22,80,588,80,104
1993-10-23,937,937,736,807
1993-10-24,434,434,140,319
1993-10-25,929,929,613,925
1993-10-26,212,212,212,212
1993-10-27,45,224,45,88
1993-10-28,10,431,10,207
1993-10-29,261,261,261,261
1993-10-30,684,684,684,684
1993-10-31,802,854,454,572
1993-11-01,710,710,700,708
1993-11-02,822,822,305,324
1993-11-03,405,405,316,387
1993-11-04,517,517,160,219
1993-11-05,909,909,153,687
1993-11-06,952,952,153,544
1993-11-07,728,728,470,628
1993-11-08,613,638,548,629
1993-11-09,756,756,329,584
1993-11-10,655,736,616,653
1993-11-11,781,781,142,529
1993-11-12,678,678,678,678
1993-11-13,650,650,521,553
1993-11-14,90,90,90,90
1993-11-15,843,843,843,843
1993-11-16,170,673,170,652
1993-11-17,626,634,626,626
1993-11-18,429,429,192,322
1993-11-19,486,807,486,563
1993-11-20,157,171,142,159
1993-11-21,834,834,804,805
1993-11-22,97,116,97,107
1993-11-23,498,498,303,482
1993-11-24,595,595,595,595
1993-11-25,559,750,528,638
1993-11-26,827,827,706,821
1993-11-27,714,714,183,710
1993-11-28,497,996,497,511
1993-11-29,331,579,331,460
1993-11-30,884,927,478,689
1993-12-01,831,831,562,701
1993-12-02,323,550,114,158
1993-12-03,311,311,311,311
1993-12-04,398,756,44,484
1993-12-05,738,738,300,374
1993-12-06,633,633,328,360
1993-12-07,53,822,53,491
1993-12-08,9,312,9,193
1993-12-09,145,145,145,145
1993-12-10,326,326,326,326
1993-12-11,76,448,76,420
1993-12-12,643,830,458,728
1993-12-13,3,903,3,168
1993-12-14,240,822,240,415
1993-12-15,665,719,378,713
1993-12-16,667,667,667,667
1993-12-17,27,96,27,45
1993-12-18,485,485,485,485
1993-12-19,964,964,144,646
1993-12-20,950,950,426,482
1993-12-21,174,862,143,167
1993-12-22,759,759,52,458
1993-12-23,719,719,591,708
1993-12-24,152,915,152,691
1993-12-25,920,920,920,920
1993-12-26,71,207,2,169
1993-12-27,618,878,233,807
1993-12-28,299,299,61,220
1993-12-29,432,432,432,432
1993-12-30,175,870,175,455
1993-12-31,865,865,841,843
1994-01-01,631,631,67,198
1994-01-02,535,648,535,633
1994-01-03,263,931,176,660
1994-01-04,891,905,797,828
1994-01-05,890,890,354,805
1994-01-06,420,420,420,420
1994-01-07,348,841,122,316
1994-01-08,782,782,346,576
1994-01-09,820,820,516,603
1994-01-10,433,783,378,552
1994-01-11,314,323,264,298
1994-01-12,468,468,88,221
1994-01-13,676,676,571,575
1994-01-14,762,762,672,743
1994-01-15,549,549,307,413
1994-01-16,581,581,325,504
1994-01-17,473,943,473,723
1994-01-18,253,348,253,336
1994-01-19,204,204,204,204
1994-01-20,455,706,3,697
1994-01-21,147,816,147,653
1994-01-22,483,483,82,443
1994-01-23,860,860,804,845
1994-01-24,54,558,54,175
1994-01-25,81,815,81,812
1994-01-26,434,764,429,451
1994-01-27,968,968,968,968
1994-01-28,451,451,451,451
1994-01-29,913,913,499,647
1994-01-30,753,753,374,530
1994-01-31,468,617,227,609
1994-02-01,750,830,724,792
1994-02-02,500,500,500,500
1994-02-03,971,971,571,932
1994-02-04,425,425,255,265
1994-02-05,359,430,350,403
1994-02-06,169,949,169,260
1994-02-07,795,795,455,731
1994-02-08,91,591,91,421
1994-02-09,132,132,113,120
1994-02-10,112,717,112,335
1994-02-11,294,294,65,256
1994-02-12,922,922,922,922
1994-02-13,156,428,156,304
1994-02-14,360,388,360,375
1994-02-15,90,347,90,115
1994-02-16,3,145,3,102
1994-02-17,541,541,541,541
1994-02-18,978,978,269,653
1994-02-19,426,815,53,621
1994-02-20,389,389,389,389
1994-02-21,156,622,156,218
1994-02-22,353,360,353,357
1994-02-23,849,849,0,786
1994-02-24,29,889,29,195
1994-02-25,675,675,675,675
1994-02-26,943,943,514,638
1994-02-27,166,366,166,353
1994-02-28,95,414,95,127
1994-03-01,434,434,433,433
1994-03-02,596,596,133,458
1994-03-03,757,757,757,757
1994-03-04,410,410,34,324
1994-03-05,615,615,7,564
1994-03-06,424,572,112,465
1994-03-07,539,654,162,565
1994-03-08,555,555,530,542
1994-03-09,760,979,209,419
1994-03-10,49,546,49,457
1994-03-11,90,922,90,582
1994-03-12,83,353,83,345
1994-03-13,489,590,489,495
1994-03-14,751,751,415,584
1994-03-15,766,766,139,295
1994-03-16,412,412,412,412
1994-03-17,998,998,267,773
1994-03-18,918,918,800,881
1994-03-19,397,397,397,397
1994-03-20,146,498,146,408
1994-03-21,807,807,12,231
1994-03-22,74,723,74,696
1994-03-23,145,308,145,303
1994-03-24,735,735,604,704
1994-03-25,955,955,486,684
1994-03-26,417,417,278,403
1994-03-27,416,416,416,416
1994-03-28,311,311,311,311
1994-03-29,785,785,613,753
1994-03-30,724,833,627,688
1994-03-31,288,649,288,462
1994-04-01,903,903,23,766
1994-04-02,539,539,253,505
1994-04-03,693,693,666,681
1994-04-04,76,384,76,146
1994-04-05,591,591,545,555
1994-04-06,575,575,341,569
1994-04-07,19,949,19,21
1994-04-08,361,474,361,404
1994-04-09,648,648,343,346
1994-04-10,267,267,267,267
1994-04-11,168,537,151,485
1994-04-12,56,954,56,789
1994-04-13,876,876,511,615
1994-04-14,796,796,644,675
1994-04-15,344,344,166,207
1994-04-16,997,997,569,921
1994-04-17,116,552,116,360
1994-04-18,688,688,637,665
1994-04-19,956,956,153,417
1994-04-20,768,768,141,476
1994-04-21,859,893,184,404
1994-04-22,890,890,354,567
1994-04-23,416,945,416,777
1994-04-24,131,457,131,441
1994-04-25,398,398,398,398
1994-04-26,655,655,655,655
1994-04-27,847,847,227,822
1994-04-28,617,617,617,617
1994-04-29,651,979,651,943
1994-04-30,679,679,416,485
1994-05-01,690,690,313,680
1994-05-02,139,536,139,262
1994-05-03,671,671,642,647
1994-05-04,714,714,232,252
1994-05-05,563,744,332,500
1994-05-06,569,922,393,747
1994-05-07,205,592,143,445
1994-05-08,522,645,157,586
1994-05-09,498,707,498,555
1994-05-10,687,687,30,571
1994-05-11,482,661,482,588
1994-05-12,353,353,263,318
1994-05-13,748,748,399,469
1994-05-14,417,417,105,133
1994-05-15,822,836,69,159
1994-05-16,451,575,451,478
1994-05-17,866,866,866,866
1994-05-18,988,988,448,895
1994-05-19,386,610,103,429
1994-05-20,502,891,502,814
1994-05-21,411,411,124,193
1994-05-22,770,770,770,770
1994-05-23,99,792,99,496
1994-05-24,39,259,39,165
1994-05-25,329,568,239,331
1994-05-26,235,451,235,413
1994-05-27,305,779,305,658
1994-05-28,784,784,226,330
1994-05-29,382,875,271,756
1994-05-30,97,148,97,97
1994-05-31,327,843,201,535
1994-06-01,230,913,148,329
1994-06-02,449,449,449,449
1994-06-03,573,573,490,503
1994-06-04,71,204,71,102
1994-06-05,135,135,135,135
1994-06-06,531,549,292,428
1994-06-07,588,903,588,690
1994-06-08,909,909,817,820
1994-06-09,690,842,164,762
1994-06-10,759,759,445,585
1994-06-11,574,632,132,134
1994-06-12,811,843,428,517
1994-06-13,434,434,434,434
1994-06-14,931,931,73,370
1994-06-15,810,810,345,590
1994-06-16,708,708,12,581
1994-06-17,839,839,839,839
1994-06-18,903,903,629,816
1994-06-19,372,515,372,431
1994-06-20,333,649,333,634
1994-06-21,47,550,47,284
1994-06-22,233,876,140,666
1994-06-23,495,595,495,589
1994-06-24,73,278,73,163
1994-06-25,314,314,314,314
1994-06-26,987,987,396,397
1994-06-27,698,844,180,451
1994-06-28,775,775,775,775
1994-06-29,274,787,274,611
1994-06-30,583,583,268,419
1994-07-01,653,653,519,602
1994-07-02,638,810,593,649
1994-07-03,774,774,774,774
1994-07-04,906,906,96,376
1994-07-05,484,779,484,526
1994-07-06,922,922,789,824
1994-07-07,986,986,68,802
1994-07-08,510,948,510,937
1994-07-09,550,942,550,589
1994-07-10,773,773,773,773
1994-07-11,964,964,928,963
1994-07-12,986,986,94,319
1994-07-13,231,962,231,738
1994-07-14,534,534,534,534
1994-07-15,425,425,209,378
1994-07-16,801,801,389,586
1994-07-17,259,810,259,566
1994-07-18,656,656,653,656
1994-07-19,291,446,291,363
1994-07-20,77,991,77,328
1994-07-21,113,372,113,113
1994-07-22,350,350,350,350
1994-07-23,222,222,162,195
1994-07-24,531,646,66,314
1994-07-25,372,422,372,397
1994-07-26,973,973,591,617
1994-07-27,120,793,120,787
1994-07-28,773,773,663,710
1994-07-29,873,873,503,647
1994-07-30,398,398,165,345
1994-07-31,659,659,234,457
1994-08-01,343,343,305,331
1994-08-02,536,536,536,536
1994-08-03,776,776,479,591
1994-08-04,93,503,93,242
1994-08-05,600,600,594,598
1994-08-06,320,753,320,346
1994-08-07,967,967,838,945
1994-08-08,425,642,313,427
1994-08-09,912,912,604,893
1994-08-10,179,819,179,705
1994-08-11,710,710,710,710
1994-08-12,951,951,233,343
1994-08-13,593,593,378,442
1994-08-14,938,938,300,523
1994-08-15,239,502,239,435
1994-08-16,127,693,127,610
1994-08-17,402,962,241,325
1994-08-18,369,369,283,331
1994-08-19,164,504,164,219
1994-08-20,723,990,285,615
1994-08-21,101,233,101,114
1994-08-22,517,517,213,355
1994-08-23,826,959,826,831
1994-08-24,9,879,9,51
1994-08-25,936,936,172,601
1994-08-26,828,828,201,396
1994-08-27,233,606,233,428
1994-08-28,510,534,73,151
1994-08-29,96,834,96,641
1994-08-30,614,912,612,764
1994-08-31,105,249,105,223
1994-09-01,291,878,291,487
1994-09-02,855,855,3,58
1994-09-03,681,832,246,507
1994-09-04,654,654,402,585
1994-09-05,266,425,228,248
1994-09-06,474,474,474,474
1994-09-07,502,502,502,502
1994-09-08,592,592,592,592
1994-09-09,733,934,733,758
1994-09-10,428,428,428,428
1994-09-11,611,611,611,611
1994-09-12,223,628,223,505
1994-09-13,499,769,499,689
1994-09-14,619,988,370,608
1994-09-15,727,727,83,162
1994-09-16,784,784,69,379
1994-09-17,97,786,97,181
1994-09-18,476,476,476,476
1994-09-19,735,735,27,198
1994-09-20,133,411,133,236
1994-09-21,275,344,275,281
1994-09-22,10,249,10,94
1994-09-23,499,562,499,548
1994-09-24,86,336,86,177
1994-09-25,962,979,636,658
1994-09-26,828,828,679,791
1994-09-27,494,997,77,624
1994-09-28,428,428,428,428
1994-09-29,245,598,245,351
1994-09-30,999,999,314,665
1994-10-01,193,634,63,217
1994-10-02,934,934,919,919
1994-10-03,593,781,450,711
1994-10-04,154,907,115,507
1994-10-05,653,653,14,610
1994-10-06,822,822,822,822
1994-10-07,832,832,520,709
1994-10-08,730,730,621,658
1994-10-09,499,499,499,499
1994-10-10,833,833,833,833
1994-10-11,69,627,1,447
1994-10-12,41,482,41,258
1994-10-13,575,881,138,769
1994-10-14,91,293,91,220
1994-10-15,508,518,508,517
1994-10-16,178,394,178,293
1994-10-17,755,932,688,915
1994-10-18,857,857,369,546
1994-10-19,198,546,198,331
1994-10-20,838,838,838,838
1994-10-21,633,633,633,633
1994-10-22,40,792,22,189
1994-10-23,420,420,420,420
1994-10-24,743,743,530,665
1994-10-25,945,945,422,434
1994-10-26,356,807,2,501
1994-10-27,647,647,77,191
1994-10-28,415,567,415,502
1994-10-29,280,635,280,492
1994-10-30,527,527,527,527
1994-10-31,21,232,21,144
1994-11-01,473,952,79,451
1994-11-02,42,100,42,69
1994-11-03,511,511,103,133
1994-11-04,751,751,678,703
1994-11-05,788,788,769,783
1994-11-06,701,701,472,474
1994-11-07,428,641,193,355
1994-11-08,855,855,478,711
1994-11-09,618,798,618,697
1994-11-10,133,502,133,368
1994-11-11,30,754,30,194
1994-11-12,122,549,122,178
1994-11-13,880,880,106,696
1994-11-14,964,964,774,915
1994-11-15,449,767,53,393
1994-11-16,0,655,0,620
1994-11-17,675,675,219,340
1994-11-18,144,523,144,173
1994-11-19,478,478,43,445
1994-11-20,637,912,637,771
1994-11-21,53,843,53,466
1994-11-22,998,998,361,591
1994-11-23,453,706,453,578
1994-11-24,863,863,863,863
1994-11-25,312,598,312,315
1994-11-26,536,737,416,665
1994-11-27,885,885,3,698
1994-11-28,347,749,260,611
1994-11-29,57,706,57,695
1994-11-30,836,836,322,413
1994-12-01,929,929,456,590
1994-12-02,997,997,476,714
1994-12-03,525,624,525,564
1994-12-04,480,480,258,388
1994-12-05,775,775,193,436
1994-12-06,25,522,25,413
1994-12-07,556,556,468,493
1994-12-08,530,579,20,544
1994-12-09,290,778,290,299
1994-12-10,221,475,221,243
1994-12-11,905,905,168,708
1994-12-12,309,858,309,725
1994-12-13,604,615,63,98
1994-12-14,604,706,392,680
1994-12-15,589,691,589,612
1994-12-16,276,276,155,275
1994-12-17,563,633,563,592
1994-12-18,262,281,262,262
1994-12-19,379,379,379,379
1994-12-20,538,935,512,591
1994-12-21,841,841,99,667
1994-12-22,715,752,220,377
1994-12-23,951,951,851,918
1994-12-24,18,31,18,19
1994-12-25,948,948,242,523
1994-12-26,527,586,527,553
1994-12-27,428,428,247,356
1994-12-28,849,849,300,616
1994-12-29,320,678,320,542
1994-12-30,153,299,153,163
1994-12-31,97,274,97,180
1995-01-01,766,766,67,415
1995-01-02,778,778,366,534
1995-01-03,614,614,614,614
1995-01-04,150,490,150,255
1995-01-05,603,819,603,633
1995-01-06,941,941,709,734
1995-01-07,959,959,340,753
1995-01-08,755,755,601,750
1995-01-09,280,280,263,275
1995-01-10,841,880,95,652
1995-01-11,961,961,69,219
1995-01-12,671,706,531,551
1995-01-13,9,84,9,58
1995-01-14,124,913,124,401
1995-01-15,240,906,240,374
1995-01-16,472,472,344,427
1995-01-17,406,815,406,450
1995-01-18,132,275,85,260
1995-01-19,622,622,622,622
1995-01-20,193,704,193,623
1995-01-21,630,630,286,530
1995-01-22,171,264,171,188
1995-01-23,101,277,101,189
1995-01-24,911,911,196,826
1995-01-25,420,420,251,369
1995-01-26,627,627,119,231
1995-01-27,444,505,37,67
1995-01-28,250,798,221,452
1995-01-29,772,973,152,877
1995-01-30,113,750,84,676
1995-01-31,991,991,145,150
1995-02-01,928,928,321,704
1995-02-02,34,826,34,466
1995-02-03,773,773,773,773
1995-02-04,505,847,54,623
1995-02-05,427,427,427,427
1995-02-06,476,659,476,502
1995-02-07,713,713,475,539
1995-02-08,779,851,779,798
1995-02-09,738,853,738,781
1995-02-10,308,308,308,308
1995-02-11,931,931,818,881
1995-02-12,931,931,461,788
1995-02-13,724,830,356,426
1995-02-14,826,826,749,768
1995-02-15,68,68,2,59
1995-02-16,541,714,541,635
1995-02-17,132,610,132,349
1995-02-18,464,464,464,464
1995-02-19,70,145,70,127
1995-02-20,992,992,520,769
1995-02-21,719,719,75,418
1995-02-22,876,948,876,883
1995-02-23,991,991,100,651
1995-02-24,278,854,278,355
1995-02-25,627,669,231,384
1995-02-26,555,673,369,518
1995-02-27,782,782,407,618
1995-02-28,851,851,135,567
1995-03-01,381,551,381,395
1995-03-02,256,355,256,344
1995-03-03,653,844,653,790
1995-03-04,999,999,283,507
1995-03-05,269,769,269,412
1995-03-06,191,191,191,191
1995-03-07,631,631,607,628
1995-03-08,91,391,91,259
1995-03-09,894,894,249,256
1995-03-10,415,415,415,415
1995-03-11,714,725,679,679
1995-03-12,854,854,648,691
1995-03-13,644,644,644,644
1995-03-14,74,226,74,145
1995-03-15,418,530,418,529
1995-03-16,186,726,186,435
1995-03-17,148,412,148,350
1995-03-18,5,56,5,16
1995-03-19,195,195,63,162
1995-03-20,815,917,423,874
1995-03-21,951,951,333,601
1995-03-22,164,741,164,165
1995-03-23,275,496,275,407
1995-03-24,358,358,61,271
1995-03-25,314,847,33,566
1995-03-26,720,720,192,330
1995-03-27,120,568,120,283
1995-03-28,610,610,524,531
1995-03-29,42,813,42,425
1995-03-30,359,359,75,334
1995-03-31,615,960,615,901
1995-04-01,248,962,248,351
1995-04-02,936,936,175,493
1995-04-03,303,303,303,303
1995-04-04,967,967,271,850
1995-04-05,744,868,381,806
1995-04-06,136,187,136,180
1995-04-07,714,714,425,627
1995-04-08,948,948,498,672
1995-04-09,797,797,629,675
1995-04-10,145,145,145,145
1995-04-11,532,557,532,539
1995-04-12,748,778,365,592
1995-04-13,450,450,421,437
1995-04-14,995,995,798,829
1995-04-15,911,911,420,618
1995-04-16,392,793,392,681
1995-04-17,389,389,389,389
1995-04-18,171,650,171,256
1995-04-19,256,906,256,599
1995-04-20,255,935,255,798
1995-04-21,537,648,3,411
1995-04-22,615,892,488,825
1995-04-23,325,325,325,325
1995-04-24,804,804,804,804
1995-04-25,529,529,227,466
1995-04-26,68,666,50,125
1995-04-27,129,733,129,652
1995-04-28,58,471,58,414
1995-04-29,512,990,138,418
1995-04-30,789,916,720,814
1995-05-01,859,859,89,737
1995-05-02,655,655,484,554
1995-05-03,308,484,194,298
1995-05-04,641,641,549,635
1995-05-05,461,825,223,711
1995-05-06,745,882,332,834
1995-05-07,429,429,216,362
1995-05-08,179,179,179,179
1995-05-09,278,313,278,296
1995-05-10,803,803,803,803
1995-05-11,40,777,40,742
1995-05-12,988,988,384,608
1995-05-13,210,716,210,515
1995-05-14,290,976,290,421
1995-05-15,836,836,303,678
1995-05-16,804,804,804,804
1995-05-17,541,541,541,541
1995-05-18,443,703,443,472
1995-05-19,128,778,128,589
1995-05-20,870,870,38,256
1995-05-21,432,497,432,463
1995-05-22,66,440,66,151
1995-05-23,462,462,462,462
1995-05-24,757,931,704,904
1995-05-25,416,507,416,460
1995-05-26,17,71,17,46
1995-05-27,173,598,173,579
1995-05-28,975,975,512,853
1995-05-29,871,871,576,865
1995-05-30,897,897,839,854
1995-05-31,864,864,261,489
1995-06-01,593,593,237,590
1995-06-02,228,733,228,256
1995-06-03,628,628,298,326
1995-06-04,384,384,384,384
1995-06-05,505,505,359,487
1995-06-06,618,618,300,375
1995-06-07,905,905,716,749
1995-06-08,67,574,67,464
1995-06-09,480,811,480,518
1995-06-10,181,652,181,215
1995-06-11,257,257,257,257
1995-06-12,849,866,756,840
1995-06-13,909,909,115,870
1995-06-14,862,862,464,687
1995-06-15,544,544,260,484
1995-06-16,177,503,177,270
1995-06-17,979,979,171,814
1995-06-18,558,969,121,898
1995-06-19,147,147,147,147
1995-06-20,491,973,491,628
1995-06-21,968,968,877,888
1995-06-22,709,709,709,709
1995-06-23,641,641,641,641
1995-06-24,772,772,760,765
1995-06-25,995,995,397,912
1995-06-26,901,901,901,901
1995-06-27,328,646,328,371
1995-06-28,451,827,451,528
1995-06-29,388,388,388,388
1995-06-30,352,889,352,667
1995-07-01,498,498,144,154
1995-07-02,356,356,356,356
1995-07-03,931,931,15,222
1995-07-04,152,152,109,147
1995-07-05,455,455,455,455
1995-07-06,569,655,569,575
1995-07-07,735,741,393,522
1995-07-08,159,613,159,602
1995-07-09,749,749,514,571
1995-07-10,902,902,803,808
1995-07-11,96,464,96,209
1995-07-12,131,418,131,395
1995-07-13,207,335,207,214
1995-07-14,733,733,579,700
1995-07-15,775,775,577,764
1995-07-16,600,600,549,597
1995-07-17,788,788,788,788
1995-07-18,502,668,502,573
1995-07-19,583,701,583,647
1995-07-20,580,580,185,392
1995-07-21,76,97,76,91
1995-07-22,749,749,749,749
1995-07-23,805,805,100,800
1995-07-24,330,999,102,763
1995-07-25,587,973,587,826
1995-07-26,846,846,835,837
1995-07-27,355,355,355,355
1995-07-28,477,477,477,477
1995-07-29,87,490,87,462
1995-07-30,719,719,719,719
1995-07-31,86,632,86,353
1995-08-01,371,519,371,400
1995-08-02,206,945,27,428
1995-08-03,324,569,324,370
1995-08-04,49,799,49,284
1995-08-05,439,627,439,604
1995-08-06,621,621,621,621
1995-08-07,688,688,586,644
1995-08-08,1,447,1,378
1995-08-09,513,513,392,447
1995-08-10,914,914,807,869
1995-08-11,531,894,39,237
1995-08-12,69,483,69,197
1995-08-13,554,554,37,213
1995-08-14,62,940,62,920
1995-08-15,984,984,271,419
1995-08-16,821,821,677,679
1995-08-17,920,920,661,871
1995-08-18,347,347,85,134
1995-08-19,894,894,292,388
1995-08-20,677,815,562,598
1995-08-21,271,979,271,765
1995-08-22,302,492,302,485
1995-08-23,928,928,793,817
1995-08-24,700,700,463,583
1995-08-25,755,755,718,729
1995-08-26,405,692,405,517
1995-08-27,704,842,395,662
1995-08-28,370,870,370,807
1995-08-29,344,344,344,344
1995-08-30,936,936,804,822
1995-08-31,65,828,65,471
1995-09-01,72,691,72,240
1995-09-02,439,439,439,439
1995-09-03,915,987,311,505
1995-09-04,433,433,147,206
1995-09-05,823,823,500,641
1995-09-06,787,956,672,684
1995-09-07,161,642,161,209
1995-09-08,226,670,226,423
1995-09-09,139,279,139,189
1995-09-10,17,388,17,156
1995-09-11,636,695,636,648
1995-09-12,787,787,104,721
1995-09-13,350,889,287,691
1995-09-14,252,694,252,491
1995-09-15,354,634,323,624
1995-09-16,32,247,32,70
1995-09-17,100,983,100,573
1995-09-18,784,987,704,790
1995-09-19,384,384,384,384
1995-09-20,617,675,182,516
1995-09-21,869,869,624,696
1995-09-22,975,975,440,878
1995-09-23,342,342,342,342
1995-09-24,554,554,322,530
1995-09-25,349,720,349,522
1995-09-26,546,941,181,422
1995-09-27,250,570,250,413
1995-09-28,919,919,609,781
1995-09-29,988,988,380,598
1995-09-30,249,324,249,310
1995-10-01,979,979,532,722
1995-10-02,963,963,478,768
1995-10-03,193,817,193,245
1995-10-04,523,875,29,345
1995-10-05,393,845,393,566
1995-10-06,177,662,177,374
1995-10-07,799,799,276,697
1995-10-08,633,725,265,467
1995-10-09,796,796,796,796
1995-10-10,876,876,574,876
1995-10-11,749,749,138,232
1995-10-12,638,638,144,434
1995-10-13,406,856,90,601
1995-10-14,356,651,356,639
1995-10-15,246,383,246,260
1995-10-16,659,659,257,485
1995-10-17,358,358,358,358
1995-10-18,230,629,230,627
1995-10-19,692,692,447,628
1995-10-20,605,605,426,461
1995-10-21,904,904,111,901
1995-10-22,494,494,431,444
1995-10-23,51,112,51,62
1995-10-24,524,627,158,364
1995-10-25,455,871,455,618
1995-10-26,689,999,441,615
1995-10-27,673,673,229,371
1995-10-28,478,478,270,420
1995-10-29,317,317,105,172
1995-10-30,378,522,378,510
1995-10-31,441,444,57,403
1995-11-01,642,642,642,642
1995-11-02,701,701,312,370
1995-11-03,208,825,208,766
1995-11-04,912,912,425,877
1995-11-05,30,713,8,417
1995-11-06,887,887,294,458
1995-11-07,918,996,3,162
1995-11-08,351,752,351,547
1995-11-09,481,631,481,554
1995-11-10,655,824,162,672
1995-11-11,750,750,161,716
1995-11-12,922,922,193,388
1995-11-13,844,844,466,609
1995-11-14,546,546,546,546
1995-11-15,1,954,1,137
1995-11-16,715,715,667,684
1995-11-17,353,833,330,517
1995-11-18,316,316,316,316
1995-11-19,852,853,119,584
1995-11-20,65,116,65,104
1995-11-21,697,697,302,579
1995-11-22,628,628,628,628
1995-11-23,457,563,457,559
1995-11-24,404,561,106,523
1995-11-25,554,894,168,192
1995-11-26,530,530,70,467
1995-11-27,793,793,473,504
1995-11-28,25,391,25,291
1995-11-29,737,737,737,737
1995-11-30,79,424,79,295
1995-12-01,877,877,452,773
1995-12-02,569,604,569,581
1995-12-03,528,836,528,656
1995-12-04,378,653,378,496
1995-12-05,215,528,215,246
1995-12-06,554,554,21,180
1995-12-07,415,542,415,461
1995-12-08,447,794,447,552
1995-12-09,612,612,436,605
1995-12-10,879,879,473,839
1995-12-11,180,936,56,674
1995-12-12,983,983,28,666
1995-12-13,532,583,532,560
1995-12-14,437,790,437,497
1995-12-15,842,842,842,842
1995-12-16,522,841,207,693
1995-12-17,823,823,584,587
1995-12-18,712,712,667,685
1995-12-19,659,856,296,321
1995-12-20,244,805,244,596
1995-12-21,723,723,331,393
1995-12-22,146,825,146,175
1995-12-23,230,320,153,267
1995-12-24,326,338,263,313
1995-12-25,510,712,188,351
1995-12-26,326,326,326,326
1995-12-27,458,458,210,229
1995-12-28,248,714,75,626
1995-12-29,448,889,448,581
1995-12-30,246,932,246,415
1995-12-31,8,683,8,90
1996-01-01,24,400,24,337
1996-01-02,648,648,4,339
1996-01-03,865,865,827,849
1996-01-04,343,343,343,343
1996-01-05,879,879,803,806
1996-01-06,775,775,278,508
1996-01-07,535,535,414,480
1996-01-08,386,780,386,532
1996-01-09,916,916,823,871
1996-01-10,607,607,47,153
1996-01-11,469,558,214,222
1996-01-12,379,379,379,379
1996-01-13,261,451,261,304
1996-01-14,67,765,67,701
1996-01-15,240,240,240,240
1996-01-16,621,621,547,589
1996-01-17,647,998,647,692
1996-01-18,641,641,641,641
1996-01-19,404,404,404,404
1996-01-20,766,766,171,745
1996-01-21,160,474,160,191
1996-01-22,796,796,203,262
1996-01-23,309,603,309,501
1996-01-24,328,796,328,652
1996-01-25,267,267,233,255
1996-01-26,120,879,120,144
1996-01-27,243,983,243,248
1996-01-28,112,140,112,127
1996-01-29,663,908,316,425
1996-01-30,556,813,129,516
1996-01-31,757,872,757,856
1996-02-01,88,889,88,511
1996-02-02,136,955,136,165
1996-02-03,148,685,148,427
1996-02-04,500,576,500,501
1996-02-05,604,735,273,502
1996-02-06,87,474,87,226
1996-02-07,45,413,45,363
1996-02-08,999,999,549,573
1996-02-09,505,915,128,562
1996-02-10,399,399,35,139
1996-02-11,508,508,350,486
1996-02-12,105,654,105,254
1996-02-13,806,806,735,781
1996-02-14,931,931,344,611
1996-02-15,823,823,106,456
1996-02-16,614,811,290,761
1996-02-17,275,512,275,447
1996-02-18,710,876,690,728
1996-02-19,582,787,582,638
1996-02-20,386,921,386,448
1996-02-21,490,490,59,75
1996-02-22,775,775,584,677
1996-02-23,236,272,236,256
1996-02-24,680,680,104,424
1996-02-25,963,963,94,273
1996-02-26,394,508,394,487
1996-02-27,159,830,159,441
1996-02-28,984,984,984,984
1996-02-29,195,343,195,310
1996-03-01,735,735,331,645
1996-03-02,811,811,226,534
1996-03-03,791,791,791,791
1996-03-04,537,537,66,258
1996-03-05,549,761,549,739
1996-03-06,17,457,17,411
1996-03-07,970,970,208,784
1996-03-08,304,307,304,305
1996-03-09,986,986,956,984
1996-03-10,200,200,200,200
1996-03-11,944,944,798,919
1996-03-12,773,773,112,524
1996-03-13,691,904,691,822
1996-03-14,777,777,22,285
1996-03-15,559,559,24,63
1996-03-16,368,368,311,327
1996-03-17,125,168,125,166
1996-03-18,787,888,545,563
1996-03-19,588,588,403,407
1996-03-20,692,692,616,651
1996-03-21,703,703,200,388
1996-03-22,763,763,763,763
1996-03-23,410,819,171,208
1996-03-24,382,873,382,750
1996-03-25,915,989,635,887
1996-03-26,440,463,256,355
1996-03-27,702,702,675,700
1996-03-28,563,981,67,149
1996-03-29,335,676,313,436
1996-03-30,401,401,401,401
1996-03-31,48,708,48,688
1996-04-01,628,745,628,710
1996-04-02,962,962,951,958
1996-04-03,774,774,368,694
1996-04-04,910,984,856,950
1996-04-05,743,760,743,744
1996-04-06,414,672,414,527
1996-04-07,744,945,180,650
1996-04-08,347,347,347,347
1996-04-09,845,871,97,294
1996-04-10,212,212,212,212
1996-04-11,936,936,900,932
1996-04-12,357,357,357,357
1996-04-13,220,574,117,197
1996-04-14,537,537,128,274
1996-04-15,286,286,286,286
1996-04-16,317,412,317,390
1996-04-17,117,117,117,117
1996-04-18,45,422,45,365
1996-04-19,616,616,59,302
1996-04-20,896,896,508,796
1996-04-21,44,294,36,226
1996-04-22,204,528,204,519
1996-04-23,284,405,256,266
1996-04-24,641,839,641,810
1996-04-25,437,437,52,199
1996-04-26,112,268,112,219
1996-04-27,42,661,42,435
1996-04-28,732,732,732,732
1996-04-29,207,623,207,251
1996-04-30,807,807,807,807
1996-05-01,613,613,613,613
1996-05-02,991,991,468,982
1996-05-03,106,836,106,543
1996-05-04,520,754,520,631
1996-05-05,571,571,422,557
1996-05-06,526,712,272,500
1996-05-07,948,948,607,827
1996-05-08,796,796,796,796
1996-05-09,713,713,713,713
1996-05-10,613,990,613,660
1996-05-11,962,962,590,726
1996-05-12,37,366,37,203
1996-05-13,11,97,11,47
1996-05-14,580,903,137,812
1996-05-15,904,904,476,517
1996-05-16,140,563,140,310
1996-05-17,650,872,278,728
1996-05-18,411,640,47,452
1996-05-19,239,263,239,261
1996-05-20,633,706,633,703
1996-05-21,901,901,72,179
1996-05-22,957,957,617,718
1996-05-23,925,988,704,790
1996-05-24,927,927,114,720
1996-05-25,851,875,471,742
1996-05-26,30,577,30,398
1996-05-27,411,411,411,411
1996-05-28,83,508,83,332
1996-05-29,539,539,121,320
1996-05-30,288,675,70,381
1996-05-31,59,59,59,59
1996-06-01,558,665,558,637
1996-06-02,177,893,14,408
1996-06-03,235,235,51,61
1996-06-04,210,469,210,331
1996-06-05,404,440,44,118
1996-06-06,841,841,777,809
1996-06-07,266,919,266,863
1996-06-08,811,811,584,628
1996-06-09,165,438,75,241
1996-06-10,933,933,831,879
1996-06-11,788,823,198,322
1996-06-12,326,832,326,832
1996-06-13,76,745,76,428
1996-06-14,533,533,220,338
1996-06-15,538,538,13,276
1996-06-16,829,829,829,829
1996-06-17,152,637,152,603
1996-06-18,812,812,492,569
1996-06-19,609,609,14,390
1996-06-20,628,701,617,675
1996-06-21,312,947,112,579
1996-06-22,560,560,560,560
1996-06-23,486,486,486,486
1996-06-24,978,978,214,954
1996-06-25,623,944,623,819
1996-06-26,195,654,195,399
1996-06-27,324,324,121,182
1996-06-28,871,972,124,240
1996-06-29,178,562,178,260
1996-06-30,252,344,252,266
1996-07-01,974,974,378,765
1996-07-02,608,608,53,304
1996-07-03,35,59,35,59
1996-07-04,388,388,388,388
1996-07-05,478,494,469,490
1996-07-06,76,234,76,218
1996-07-07,482,512,475,478
1996-07-08,610,610,485,584
1996-07-09,167,200,88,199
1996-07-10,695,695,541,651
1996-07-11,232,232,232,232
1996-07-12,265,780,265,754
1996-07-13,621,769,13,129
1996-07-14,560,576,560,565
1996-07-15,125,377,125,262
1996-07-16,188,188,188,188
1996-07-17,913,913,163,774
1996-07-18,444,769,436,696
1996-07-19,98,98,98,98
1996-07-20,466,832,396,619
1996-07-21,128,874,128,207
1996-07-22,192,513,192,451
1996-07-23,364,908,364,399
1996-07-24,735,735,645,707
1996-07-25,255,255,255,255
1996-07-26,97,916,97,759
1996-07-27,193,193,193,193
1996-07-28,381,764,381,442
1996-07-29,376,412,376,376
1996-07-30,189,490,189,231
1996-07-31,31,916,31,877
1996-08-01,190,431,40,305
1996-08-02,707,968,707,715
1996-08-03,15,699,15,143
1996-08-04,524,524,447,504
1996-08-05,658,658,290,656
1996-08-06,836,836,788,829
1996-08-07,636,636,529,612
1996-08-08,129,565,129,481
1996-08-09,65,190,65,176
1996-08-10,368,368,101,300
1996-08-11,754,754,692,746
1996-08-12,303,661,303,601
1996-08-13,275,275,275,275
1996-08-14,286,286,286,286
1996-08-15,406,406,406,406
1996-08-16,371,659,371,630
1996-08-17,702,702,99,521
1996-08-18,334,917,84,337
1996-08-19,266,266,266,266
1996-08-20,483,483,60,64
1996-08-21,613,983,41,144
1996-08-22,555,648,51,210
1996-08-23,788,788,644,735
1996-08-24,640,640,132,439
1996-08-25,24,287,24,82
1996-08-26,20,745,20,76
1996-08-27,258,804,258,418
1996-08-28,859,859,391,473
1996-08-29,596,610,596,601
1996-08-30,479,479,479,479
1996-08-31,939,939,693,868
1996-09-01,550,550,207,426
1996-09-02,868,868,49,335
1996-09-03,530,810,530,680
1996-09-04,312,724,312,654
1996-09-05,101,842,101,439
1996-09-06,895,895,385,528
1996-09-07,891,891,133,616
1996-09-08,995,995,22,762
1996-09-09,159,214,159,214
1996-09-10,409,559,160,532
1996-09-11,542,542,140,312
1996-09-12,194,614,194,461
1996-09-13,470,473,289,351
1996-09-14,1,921,1,919
1996-09-15,965,965,380,783
1996-09-16,892,892,133,283
1996-09-17,240,430,240,400
1996-09-18,494,954,138,604
1996-09-19,491,491,491,491
1996-09-20,821,821,757,772
1996-09-21,459,459,326,409
1996-09-22,540,543,524,533
1996-09-23,757,878,624,638
1996-09-24,807,807,242,365
1996-09-25,984,984,705,928
1996-09-26,130,440,130,376
1996-09-27,45,264,45,83
1996-09-28,972,972,383,390
1996-09-29,388,556,187,395
1996-09-30,174,547,174,379
1996-10-01,705,705,636,695
1996-10-02,90,101,90,94
1996-10-03,772,772,187,587
1996-10-04,752,752,155,594
1996-10-05,930,930,870,872
1996-10-06,35,884,35,737
1996-10-07,500,500,500,500
1996-10-08,53,96,53,84
1996-10-09,82,457,82,407
1996-10-10,425,695,191,426
1996-10-11,764,764,100,102
1996-10-12,26,564,26,180
1996-10-13,699,763,77,456
1996-10-14,291,399,282,366
1996-10-15,993,993,798,964
1996-10-16,768,768,577,621
1996-10-17,831,888,831,878
1996-10-18,43,803,43,558
1996-10-19,339,497,339,376
1996-10-20,833,833,254,545
1996-10-21,563,563,553,561
1996-10-22,757,757,757,757
1996-10-23,621,624,13,226
1996-10-24,563,582,263,564
1996-10-25,302,580,302,374
1996-10-26,800,800,800,800
1996-10-27,15,968,15,93
1996-10-28,775,775,470,557
1996-10-29,971,971,126,580
1996-10-30,650,650,650,650
1996-10-31,929,929,914,921
1996-11-01,652,652,509,613
1996-11-02,331,792,331,386
1996-11-03,613,613,613,613
1996-11-04,9,309,9,153
1996-11-05,197,957,197,380
1996-11-06,610,610,610,610
1996-11-07,859,859,859,859
1996-11-08,160,175,160,163
1996-11-09,237,471,237,446
1996-11-10,886,886,57,529
1996-11-11,578,809,578,717
1996-11-12,365,365,93,216
1996-11-13,619,927,619,819
1996-11-14,594,594,594,594
1996-11-15,946,946,565,808
1996-11-16,308,981,308,474
1996-11-17,462,903,462,803
1996-11-18,476,490,351,379
1996-11-19,211,211,211,211
1996-11-20,675,675,50,470
1996-11-21,418,418,418,418
1996-11-22,880,888,400,806
1996-11-23,179,179,179,179
1996-11-24,99,99,99,99
1996-11-25,578,962,578,823
1996-11-26,365,365,184,361
1996-11-27,667,667,313,636
1996-11-28,199,199,86,101
1996-11-29,678,815,114,574
1996-11-30,464,464,189,403
1996-12-01,817,817,499,722
1996-12-02,608,653,608,627
1996-12-03,588,588,588,588
1996-12-04,553,553,553,553
1996-12-05,750,895,303,893
1996-12-06,566,566,566,566
1996-12-07,959,959,16,527
1996-12-08,473,475,86,242
1996-12-09,710,710,508,635
1996-12-10,794,794,718,718
1996-12-11,669,669,262,663
1996-12-12,598,739,545,710
1996-12-13,902,902,865,868
1996-12-14,742,742,179,344
1996-12-15,356,356,356,356
1996-12-16,65,653,65,148
1996-12-17,22,78,22,48
1996-12-18,876,982,860,881
1996-12-19,766,766,513,588
1996-12-20,525,954,54,107
1996-12-21,106,756,65,620
1996-12-22,101,491,101,424
1996-12-23,107,893,107,361
1996-12-24,309,309,309,309
1996-12-25,565,927,323,912
1996-12-26,810,810,2,392
1996-12-27,816,816,757,782
1996-12-28,119,610,119,130
1996-12-29,861,861,82,680
1996-12-30,996,996,277,606
1996-12-31,379,379,379,379
1997-01-01,629,629,340,606
1997-01-02,75,75,32,33
1997-01-03,904,904,48,703
1997-01-04,78,619,78,538
1997-01-05,966,966,825,931
1997-01-06,596,941,571,911
1997-01-07,261,542,261,402
1997-01-08,398,398,398,398
1997-01-09,408,839,279,685
1997-01-10,189,495,45,235
1997-01-11,381,381,381,381
1997-01-12,403,403,403,403
1997-01-13,82,660,82,161
1997-01-14,593,660,572,590
1997-01-15,649,649,649,649
1997-01-16,223,223,223,223
1997-01-17,34,818,34,700
1997-01-18,694,694,694,694
1997-01-19,364,691,300,642
1997-01-20,232,232,4,137
1997-01-21,386,386,386,386
1997-01-22,184,184,184,184
1997-01-23,504,504,57,443
1997-01-24,369,369,369,369
1997-01-25,392,847,275,523
1997-01-26,136,567,136,431
1997-01-27,411,601,411,588
1997-01-28,916,916,363,427
1997-01-29,691,710,141,664
1997-01-30,299,299,65,128
1997-01-31,951,951,613,656
1997-02-01,26,87,26,34
1997-02-02,830,830,830,830
1997-02-03,993,993,303,500
1997-02-04,742,844,724,825
1997-02-05,115,185,115,153
1997-02-06,164,609,146,152
1997-02-07,256,256,256,256
1997-02-08,60,491,60,317
1997-02-09,472,485,216,259
1997-02-10,295,295,295,295
1997-02-11,492,492,17,248
1997-02-12,475,475,384,439
1997-02-13,83,589,83,379
1997-02-14,162,701,162,470
1997-02-15,659,861,659,847
1997-02-16,575,575,575,575
1997-02-17,913,913,476,687
1997-02-18,389,698,193,269
1997-02-19,782,782,782,782
1997-02-20,205,861,205,570
1997-02-21,190,538,190,478
1997-02-22,979,979,307,600
1997-02-23,38,707,38,170
1997-02-24,443,443,443,443
1997-02-25,814,814,398,803
1997-02-26,887,887,16,802
1997-02-27,243,638,243,286
1997-02-28,80,817,80,260
1997-03-01,161,161,161,161
1997-03-02,629,707,374,396
1997-03-03,49,332,49,231
1997-03-04,955,955,497,575
1997-03-05,876,876,876,876
1997-03-06,947,947,577,673
1997-03-07,135,857,78,580
1997-03-08,623,623,623,623
1997-03-09,951,951,220,619
1997-03-10,841,841,539,724
1997-03-11,443,675,443,550
1997-03-12,193,282,193,209
1997-03-13,586,586,195,526
1997-03-14,592,592,535,555
1997-03-15,727,727,396,577
1997-03-16,691,691,691,691
1997-03-17,396,889,396,544
1997-03-18,216,837,216,617
1997-03-19,64,297,64,250
1997-03-20,875,875,412,545
1997-03-21,836,836,645,814
1997-03-22,353,353,353,353
1997-03-23,143,287,143,171
1997-03-24,336,387,336,373
1997-03-25,346,515,346,348
1997-03-26,174,575,174,341
1997-03-27,386,777,386,494
1997-03-28,343,490,343,435
1997-03-29,674,674,283,412
1997-03-30,21,332,21,216
1997-03-31,514,856,128,134
1997-04-01,460,460,460,460
1997-04-02,99,452,99,172
1997-04-03,80,624,80,595
1997-04-04,974,974,426,659
1997-04-05,997,997,238,319
1997-04-06,532,532,532,532
1997-04-07,359,560,359,429
1997-04-08,863,863,592,619
1997-04-09,311,876,311,699
1997-04-10,76,797,76,330
1997-04-11,775,775,135,515
1997-04-12,148,787,124,642
1997-04-13,990,990,881,943
1997-04-14,163,911,163,893
1997-04-15,968,968,365,948
1997-04-16,592,592,462,517
1997-04-17,50,81,50,77
1997-04-18,994,997,645,718
1997-04-19,570,754,570,674
1997-04-20,641,641,557,561
1997-04-21,442,637,330,588
1997-04-22,253,752,253,482
1997-04-23,608,608,368,567
1997-04-24,533,533,533,533
1997-04-25,726,726,726,726
1997-04-26,137,494,137,351
1997-04-27,999,999,428,891
1997-04-28,132,132,83,129
1997-04-29,462,855,462,503
1997-04-30,386,386,386,386
1997-05-01,709,732,542,653
1997-05-02,300,300,6,204
1997-05-03,814,898,695,835
1997-05-04,201,382,201,255
1997-05-05,364,758,364,510
1997-05-06,274,675,274,421
1997-05-07,148,855,148,231
1997-05-08,168,615,168,320
1997-05-09,926,926,400,468
1997-05-10,636,695,636,647
1997-05-11,397,955,144,419
1997-05-12,443,617,443,595
1997-05-13,240,268,240,253
1997-05-14,44,928,44,588
1997-05-15,315,336,315,336
1997-05-16,946,946,575,638
1997-05-17,57,508,57,465
1997-05-18,472,740,326,613
1997-05-19,106,379,106,125
1997-05-20,912,912,380,420
1997-05-21,964,964,930,943
1997-05-22,383,499,335,410
1997-05-23,792,792,348,786
1997-05-24,162,718,162,503
1997-05-25,68,757,68,474
1997-05-26,392,392,392,392
1997-05-27,304,304,304,304
1997-05-28,870,933,212,740
1997-05-29,805,805,612,701
1997-05-30,257,257,257,257
1997-05-31,888,888,656,825
1997-06-01,924,924,519,920
1997-06-02,39,734,39,364
1997-06-03,616,752,616,668
1997-06-04,898,898,520,629
1997-06-05,992,992,192,330
1997-06-06,800,800,428,485
1997-06-07,372,627,372,509
1997-06-08,97,109,97,98
1997-06-09,448,583,12,272
1997-06-10,347,347,347,347
1997-06-11,517,876,517,578
1997-06-12,574,943,574,928
1997-06-13,938,938,858,864
1997-06-14,580,580,580,580
1997-06-15,966,966,966,966
1997-06-16,329,329,326,329
1997-06-17,219,434,150,272
1997-06-18,405,870,405,481
1997-06-19,582,582,357,506
1997-06-20,549,725,477,614
1997-06-21,834,834,152,798
1997-06-22,546,546,53,305
1997-06-23,940,940,187,719
1997-06-24,283,309,283,287
1997-06-25,393,786,5,40
1997-06-26,345,571,345,351
1997-06-27,279,801,279,594
1997-06-28,799,799,255,660
1997-06-29,776,776,776,776
1997-06-30,579,579,472,557
1997-07-01,86,805,86,468
1997-07-02,678,903,678,835
1997-07-03,430,430,430,430
1997-07-04,722,722,410,628
1997-07-05,396,696,0,533
1997-07-06,596,596,243,593
1997-07-07,477,590,162,286
1997-07-08,685,685,17,482
1997-07-09,224,224,145,146
1997-07-10,625,625,438,453
1997-07-11,540,540,540,540
1997-07-12,948,948,455,650
1997-07-13,624,964,444,656
1997-07-14,71,513,71,91
1997-07-15,931,931,649,716
1997-07-16,375,375,375,375
1997-07-17,282,282,282,282
1997-07-18,904,904,332,767
1997-07-19,591,636,591,631
1997-07-20,223,741,223,631
1997-07-21,475,475,475,475
1997-07-22,143,143,143,143
1997-07-23,207,524,207,263
1997-07-24,18,687,18,251
1997-07-25,950,950,775,934
1997-07-26,191,929,191,274
1997-07-27,717,717,717,717
1997-07-28,83,999,83,333
1997-07-29,474,474,474,474
1997-07-30,131,903,131,680
1997-07-31,352,564,269,537
1997-08-01,192,222,192,220
1997-08-02,759,759,539,678
1997-08-03,689,689,689,689
1997-08-04,965,965,793,843
1997-08-05,93,372,93,223
1997-08-06,644,867,300,684
